{
  "config": {
    "subset": "hand-crafted",
    "weight_config": "/home/hoangpham/exchange/hand-crafted/v/24"
  },
  "metadata": {
    "filename": "43.json",
    "question_id": "db4fd70a-2d37-40ea-873f-9433dc5e301f",
    "mistake_agent": "Assistant",
    "mistake_step": 12,
    "level": 2,
    "subset": "hand-crafted",
    "question": "As of May 2023, how many stops are between South Station and Windsor Gardens on MBTA\u2019s Franklin-Foxboro line (not included)?"
  },
  "steps": [
    {
      "step_idx": 1,
      "role": "Orchestrator (thought)",
      "is_mistake": false,
      "scores": {
        "gradnorm_l1_centered": 1416.5562744140625,
        "gradnorm_l1_uncentered": 617.6412353515625,
        "gradnorm_l2_centered": 2.5725505352020264,
        "gradnorm_l2_uncentered": 1.1594829559326172,
        "sal_noref_c1": 0.1370714157819748,
        "sal_noref_c2": 0.10770061612129211,
        "sal_noref_c3": 0.07598578184843063,
        "sal_noref_c4": 0.09667330980300903,
        "sal_noref_c5": 0.09759460389614105,
        "sal_wref_c1": 5.221441268920898,
        "sal_wref_c2": 2.6423299312591553,
        "sal_wref_c3": 1.7922159433364868,
        "sal_wref_c4": 1.3755191564559937,
        "sal_wref_c5": 1.1096247434616089
      }
    },
    {
      "step_idx": 2,
      "role": "Orchestrator (thought)",
      "is_mistake": false,
      "scores": {
        "gradnorm_l1_centered": 1361.550048828125,
        "gradnorm_l1_uncentered": 912.8916015625,
        "gradnorm_l2_centered": 2.350412368774414,
        "gradnorm_l2_uncentered": 1.7600432634353638,
        "sal_noref_c1": 0.6424558162689209,
        "sal_noref_c2": 0.4673653244972229,
        "sal_noref_c3": 0.34358343482017517,
        "sal_noref_c4": 0.2741752564907074,
        "sal_noref_c5": 0.28241485357284546,
        "sal_wref_c1": 3.6771738529205322,
        "sal_wref_c2": 1.8360624313354492,
        "sal_wref_c3": 1.3081412315368652,
        "sal_wref_c4": 1.0024662017822266,
        "sal_wref_c5": 0.8019806742668152
      }
    },
    {
      "step_idx": 3,
      "role": "Orchestrator (-> WebSurfer)",
      "is_mistake": false,
      "scores": {
        "gradnorm_l1_centered": 1825.700927734375,
        "gradnorm_l1_uncentered": 2215.036376953125,
        "gradnorm_l2_centered": 3.0110981464385986,
        "gradnorm_l2_uncentered": 3.754298210144043,
        "sal_noref_c1": 4.134380340576172,
        "sal_noref_c2": 3.343817710876465,
        "sal_noref_c3": 2.4186360836029053,
        "sal_noref_c4": 2.115365982055664,
        "sal_noref_c5": 1.700716257095337,
        "sal_wref_c1": 0.632549524307251,
        "sal_wref_c2": 0.67978835105896,
        "sal_wref_c3": 0.762514591217041,
        "sal_wref_c4": 0.8615968227386475,
        "sal_wref_c5": 0.6895314455032349
      }
    },
    {
      "step_idx": 4,
      "role": "WebSurfer",
      "is_mistake": false,
      "scores": {
        "gradnorm_l1_centered": 1470.494384765625,
        "gradnorm_l1_uncentered": 842.650390625,
        "gradnorm_l2_centered": 2.555758476257324,
        "gradnorm_l2_uncentered": 1.6135045289993286,
        "sal_noref_c1": 0.32803475856781006,
        "sal_noref_c2": 0.25356873869895935,
        "sal_noref_c3": 0.20864443480968475,
        "sal_noref_c4": 0.1674005687236786,
        "sal_noref_c5": 0.1737179458141327,
        "sal_wref_c1": 4.467867374420166,
        "sal_wref_c2": 2.2334351539611816,
        "sal_wref_c3": 1.5820356607437134,
        "sal_wref_c4": 1.197933316230774,
        "sal_wref_c5": 0.9642544984817505
      }
    },
    {
      "step_idx": 5,
      "role": "Orchestrator (thought)",
      "is_mistake": false,
      "scores": {
        "gradnorm_l1_centered": 1396.303466796875,
        "gradnorm_l1_uncentered": 935.7003784179688,
        "gradnorm_l2_centered": 2.4572508335113525,
        "gradnorm_l2_uncentered": 1.858392596244812,
        "sal_noref_c1": 0.5355445146560669,
        "sal_noref_c2": 0.4476708471775055,
        "sal_noref_c3": 0.3375355303287506,
        "sal_noref_c4": 0.25684377551078796,
        "sal_noref_c5": 0.33187806606292725,
        "sal_wref_c1": 4.046241283416748,
        "sal_wref_c2": 2.027486562728882,
        "sal_wref_c3": 1.4622122049331665,
        "sal_wref_c4": 1.103131890296936,
        "sal_wref_c5": 0.8888853788375854
      }
    },
    {
      "step_idx": 6,
      "role": "Orchestrator (-> WebSurfer)",
      "is_mistake": false,
      "scores": {
        "gradnorm_l1_centered": 1271.9388427734375,
        "gradnorm_l1_uncentered": 1751.9146728515625,
        "gradnorm_l2_centered": 2.0124731063842773,
        "gradnorm_l2_uncentered": 3.1823463439941406,
        "sal_noref_c1": 4.826461315155029,
        "sal_noref_c2": 3.95930814743042,
        "sal_noref_c3": 2.7709453105926514,
        "sal_noref_c4": 2.141132116317749,
        "sal_noref_c5": 1.714824914932251,
        "sal_wref_c1": 0.4255774915218353,
        "sal_wref_c2": 0.7476212382316589,
        "sal_wref_c3": 0.7556079030036926,
        "sal_wref_c4": 0.6323950886726379,
        "sal_wref_c5": 0.5121485590934753
      }
    },
    {
      "step_idx": 7,
      "role": "Orchestrator (thought)",
      "is_mistake": false,
      "scores": {
        "gradnorm_l1_centered": 4312.94921875,
        "gradnorm_l1_uncentered": 5362.875,
        "gradnorm_l2_centered": 7.6218719482421875,
        "gradnorm_l2_uncentered": 9.886312484741211,
        "sal_noref_c1": 80.5155258178711,
        "sal_noref_c2": 40.97008514404297,
        "sal_noref_c3": 27.4049015045166,
        "sal_noref_c4": 20.560800552368164,
        "sal_noref_c5": 16.55318832397461,
        "sal_wref_c1": 41.588504791259766,
        "sal_wref_c2": 21.802780151367188,
        "sal_wref_c3": 14.5379638671875,
        "sal_wref_c4": 10.910828590393066,
        "sal_wref_c5": 8.769692420959473
      }
    },
    {
      "step_idx": 8,
      "role": "WebSurfer",
      "is_mistake": false,
      "scores": {
        "gradnorm_l1_centered": 1368.6009521484375,
        "gradnorm_l1_uncentered": 649.935546875,
        "gradnorm_l2_centered": 2.506643056869507,
        "gradnorm_l2_uncentered": 1.2795805931091309,
        "sal_noref_c1": 0.21438337862491608,
        "sal_noref_c2": 0.17120420932769775,
        "sal_noref_c3": 0.1461336761713028,
        "sal_noref_c4": 0.11560796201229095,
        "sal_noref_c5": 0.11635855585336685,
        "sal_wref_c1": 4.874570846557617,
        "sal_wref_c2": 2.4410886764526367,
        "sal_wref_c3": 1.7087591886520386,
        "sal_wref_c4": 1.2881156206130981,
        "sal_wref_c5": 1.042173147201538
      }
    },
    {
      "step_idx": 9,
      "role": "Orchestrator (thought)",
      "is_mistake": false,
      "scores": {
        "gradnorm_l1_centered": 1359.249755859375,
        "gradnorm_l1_uncentered": 793.6287841796875,
        "gradnorm_l2_centered": 2.432199716567993,
        "gradnorm_l2_uncentered": 1.5074639320373535,
        "sal_noref_c1": 0.34907421469688416,
        "sal_noref_c2": 0.2587856948375702,
        "sal_noref_c3": 0.19972312450408936,
        "sal_noref_c4": 0.16072557866573334,
        "sal_noref_c5": 0.219699427485466,
        "sal_wref_c1": 4.479287147521973,
        "sal_wref_c2": 2.278989553451538,
        "sal_wref_c3": 1.6159049272537231,
        "sal_wref_c4": 1.2263683080673218,
        "sal_wref_c5": 0.9814871549606323
      }
    },
    {
      "step_idx": 10,
      "role": "Orchestrator (-> Assistant)",
      "is_mistake": false,
      "scores": {
        "gradnorm_l1_centered": 2130.0673828125,
        "gradnorm_l1_uncentered": 2654.581787109375,
        "gradnorm_l2_centered": 3.406548261642456,
        "gradnorm_l2_uncentered": 4.767369270324707,
        "sal_noref_c1": 9.361590385437012,
        "sal_noref_c2": 6.90085506439209,
        "sal_noref_c3": 4.638841152191162,
        "sal_noref_c4": 3.5774152278900146,
        "sal_noref_c5": 2.862840175628662,
        "sal_wref_c1": 0.02498341165482998,
        "sal_wref_c2": 1.079928994178772,