{
  "config": {
    "subset": "hand-crafted",
    "weight_config": "/home/hoangpham/exchange/hand-crafted/v/24"
  },
  "metadata": {
    "filename": "45.json",
    "question_id": "a3fbeb63-0e8c-4a11-bff6-0e3b484c3e9c",
    "mistake_agent": "Orchestrator",
    "mistake_step": 20,
    "level": 1,
    "subset": "hand-crafted",
    "question": "How many slides in this PowerPoint presentation mention crustaceans?"
  },
  "steps": [
    {
      "step_idx": 1,
      "role": "Orchestrator (thought)",
      "is_mistake": false,
      "scores": {
        "gradnorm_l1_centered": 1396.4598388671875,
        "gradnorm_l1_uncentered": 621.438232421875,
        "gradnorm_l2_centered": 2.536978006362915,
        "gradnorm_l2_uncentered": 1.1409159898757935,
        "sal_noref_c1": 0.1494295448064804,
        "sal_noref_c2": 0.13355261087417603,
        "sal_noref_c3": 0.1031223013997078,
        "sal_noref_c4": 0.09664223343133926,
        "sal_noref_c5": 0.0972229614853859,
        "sal_wref_c1": 5.176173210144043,
        "sal_wref_c2": 2.5923187732696533,
        "sal_wref_c3": 1.7757182121276855,
        "sal_wref_c4": 1.346041202545166,
        "sal_wref_c5": 1.0841907262802124
      }
    },
    {
      "step_idx": 2,
      "role": "Orchestrator (thought)",
      "is_mistake": false,
      "scores": {
        "gradnorm_l1_centered": 1413.0767822265625,
        "gradnorm_l1_uncentered": 978.4424438476562,
        "gradnorm_l2_centered": 2.489741086959839,
        "gradnorm_l2_uncentered": 1.9544230699539185,
        "sal_noref_c1": 0.5871629118919373,
        "sal_noref_c2": 0.5076714158058167,
        "sal_noref_c3": 0.3663787543773651,
        "sal_noref_c4": 0.2815350294113159,
        "sal_noref_c5": 0.32984164357185364,
        "sal_wref_c1": 3.9213197231292725,
        "sal_wref_c2": 1.9535233974456787,
        "sal_wref_c3": 1.3848767280578613,
        "sal_wref_c4": 1.0496339797973633,
        "sal_wref_c5": 0.8481943011283875
      }
    },
    {
      "step_idx": 3,
      "role": "Orchestrator (-> WebSurfer)",
      "is_mistake": false,
      "scores": {
        "gradnorm_l1_centered": 1511.67724609375,
        "gradnorm_l1_uncentered": 2109.1591796875,
        "gradnorm_l2_centered": 2.4729011058807373,
        "gradnorm_l2_uncentered": 3.784975290298462,
        "sal_noref_c1": 6.607136249542236,
        "sal_noref_c2": 5.162580490112305,
        "sal_noref_c3": 3.4979007244110107,
        "sal_noref_c4": 2.7878072261810303,
        "sal_noref_c5": 2.238879680633545,
        "sal_wref_c1": 0.08734292536973953,
        "sal_wref_c2": 0.9056845307350159,
        "sal_wref_c3": 0.7876415848731995,
        "sal_wref_c4": 0.760055422782898,
        "sal_wref_c5": 0.6133726835250854
      }
    },
    {
      "step_idx": 4,
      "role": "WebSurfer",
      "is_mistake": false,
      "scores": {
        "gradnorm_l1_centered": 1452.8330078125,
        "gradnorm_l1_uncentered": 782.3160400390625,
        "gradnorm_l2_centered": 2.6005280017852783,
        "gradnorm_l2_uncentered": 1.3940784931182861,
        "sal_noref_c1": 0.20070518553256989,
        "sal_noref_c2": 0.13773669302463531,
        "sal_noref_c3": 0.12666739523410797,
        "sal_noref_c4": 0.0973772183060646,
        "sal_noref_c5": 0.0989290401339531,
        "sal_wref_c1": 4.8924055099487305,
        "sal_wref_c2": 2.472454309463501,
        "sal_wref_c3": 1.739413857460022,
        "sal_wref_c4": 1.3070062398910522,
        "sal_wref_c5": 1.0546791553497314
      }
    },
    {
      "step_idx": 5,
      "role": "Orchestrator (thought)",
      "is_mistake": false,
      "scores": {
        "gradnorm_l1_centered": 1436.3978271484375,
        "gradnorm_l1_uncentered": 1003.3683471679688,
        "gradnorm_l2_centered": 2.484985828399658,
        "gradnorm_l2_uncentered": 1.8764452934265137,
        "sal_noref_c1": 0.5509631633758545,
        "sal_noref_c2": 0.42818281054496765,
        "sal_noref_c3": 0.3391861915588379,
        "sal_noref_c4": 0.2722403407096863,
        "sal_noref_c5": 0.3329671025276184,
        "sal_wref_c1": 3.9482295513153076,
        "sal_wref_c2": 1.9781122207641602,
        "sal_wref_c3": 1.4493780136108398,
        "sal_wref_c4": 1.1093770265579224,
        "sal_wref_c5": 0.8942349553108215
      }
    },
    {
      "step_idx": 6,
      "role": "Orchestrator (-> WebSurfer)",
      "is_mistake": false,
      "scores": {
        "gradnorm_l1_centered": 1797.7423095703125,
        "gradnorm_l1_uncentered": 2360.53759765625,
        "gradnorm_l2_centered": 3.0464224815368652,
        "gradnorm_l2_uncentered": 4.310433864593506,
        "sal_noref_c1": 7.349542617797852,
        "sal_noref_c2": 5.702322483062744,
        "sal_noref_c3": 4.954058647155762,
        "sal_noref_c4": 3.717176914215088,
        "sal_noref_c5": 2.9803998470306396,
        "sal_wref_c1": 0.03768866881728172,
        "sal_wref_c2": 0.4739459455013275,
        "sal_wref_c3": 1.8212357759475708,
        "sal_wref_c4": 1.3670116662979126,
        "sal_wref_c5": 1.126720905303955
      }
    },
    {
      "step_idx": 7,
      "role": "Orchestrator (thought)",
      "is_mistake": false,
      "scores": {
        "gradnorm_l1_centered": 4805.01123046875,
        "gradnorm_l1_uncentered": 5788.7392578125,
        "gradnorm_l2_centered": 8.379570960998535,
        "gradnorm_l2_uncentered": 10.475823402404785,
        "sal_noref_c1": 79.70020294189453,
        "sal_noref_c2": 40.7432746887207,
        "sal_noref_c3": 29.70807456970215,
        "sal_noref_c4": 22.974123001098633,
        "sal_noref_c5": 18.424949645996094,
        "sal_wref_c1": 40.822349548339844,
        "sal_wref_c2": 22.68259048461914,
        "sal_wref_c3": 16.806018829345703,
        "sal_wref_c4": 13.28737735748291,
        "sal_wref_c5": 10.658445358276367
      }
    },
    {
      "step_idx": 8,
      "role": "WebSurfer",
      "is_mistake": false,
      "scores": {
        "gradnorm_l1_centered": 1367.13818359375,
        "gradnorm_l1_uncentered": 524.6781005859375,
        "gradnorm_l2_centered": 2.5952460765838623,
        "gradnorm_l2_uncentered": 0.966048002243042,
        "sal_noref_c1": 0.08204576373100281,
        "sal_noref_c2": 0.06440804153680801,
        "sal_noref_c3": 0.059715162962675095,
        "sal_noref_c4": 0.04515685886144638,
        "sal_noref_c5": 0.04833783954381943,
        "sal_wref_c1": 5.564635753631592,
        "sal_wref_c2": 2.8235604763031006,
        "sal_wref_c3": 1.9437774419784546,
        "sal_wref_c4": 1.4582725763320923,
        "sal_wref_c5": 1.183695673942566
      }
    },
    {
      "step_idx": 9,
      "role": "Orchestrator (thought)",
      "is_mistake": false,
      "scores": {
        "gradnorm_l1_centered": 1433.77197265625,
        "gradnorm_l1_uncentered": 966.448974609375,
        "gradnorm_l2_centered": 2.485377788543701,
        "gradnorm_l2_uncentered": 1.8091747760772705,
        "sal_noref_c1": 0.4901866614818573,
        "sal_noref_c2": 0.3900102376937866,
        "sal_noref_c3": 0.2970207631587982,
        "sal_noref_c4": 0.24417990446090698,
        "sal_noref_c5": 0.3020499646663666,
        "sal_wref_c1": 4.105293273925781,
        "sal_wref_c2": 2.0610272884368896,
        "sal_wref_c3": 1.4784842729568481,
        "sal_wref_c4": 1.1349974870681763,
        "sal_wref_c5": 0.9127184152603149
      }
    },
    {
      "step_idx": 10,
      "role": "Orchestrator (-> WebSurfer)",
      "is_mistake": false,
      "scores": {
        "gradnorm_l1_centered": 2151.5068359375,
        "gradnorm_l1_uncentered": 2778.405517578125,
        "gradnorm_l2_centered": 3.576200246810913,
        "gradnorm_l2_uncentered": 4.808629512786865,
        "sal_noref_c1": 8.07899284362793,
        "sal_noref_c2": 6.924064636230469,
        "sal_noref_c3": 5.486778259277344,
        "sal_noref_c4": 4.590198516845703,
        "sal_noref_c5": 3.695612668991089,
        "sal_wref_c1": 0.01061432808637619,
        "sal_wref_c2": 1.024330496788025,
        "sal_wref_c3": 2.0385215282440186,