{
  "config": {
    "subset": "hand-crafted",
    "weight_config": "/home/hoangpham/exchange/hand-crafted/v/24"
  },
  "metadata": {
    "filename": "49.json",
    "question_id": "14569e28-c88c-43e4-8c32-097d35b9a67d",
    "mistake_agent": "WebSurfer",
    "mistake_step": 12,
    "level": 2,
    "subset": "hand-crafted",
    "question": "In Unlambda, what exact charcter or text needs to be added to correct the following code to output \"For penguins\"? If what is needed is a character, answer with the name of the character. If there are different names for the character, use the shortest. The text location is not needed. Code:"
  },
  "steps": [
    {
      "step_idx": 1,
      "role": "Orchestrator (thought)",
      "is_mistake": false,
      "scores": {
        "gradnorm_l1_centered": 1371.342529296875,
        "gradnorm_l1_uncentered": 486.76092529296875,
        "gradnorm_l2_centered": 2.5508475303649902,
        "gradnorm_l2_uncentered": 1.065885305404663,
        "sal_noref_c1": 0.1266946792602539,
        "sal_noref_c2": 0.09752897918224335,
        "sal_noref_c3": 0.07146894186735153,
        "sal_noref_c4": 0.09249983727931976,
        "sal_noref_c5": 0.09644362330436707,
        "sal_wref_c1": 5.274327278137207,
        "sal_wref_c2": 2.6736302375793457,
        "sal_wref_c3": 1.82088041305542,
        "sal_wref_c4": 1.3996723890304565,
        "sal_wref_c5": 1.1265003681182861
      }
    },
    {
      "step_idx": 2,
      "role": "Orchestrator (thought)",
      "is_mistake": false,
      "scores": {
        "gradnorm_l1_centered": 1404.194091796875,
        "gradnorm_l1_uncentered": 930.871826171875,
        "gradnorm_l2_centered": 2.484175682067871,
        "gradnorm_l2_uncentered": 1.9521844387054443,
        "sal_noref_c1": 0.6021586656570435,
        "sal_noref_c2": 0.5152974128723145,
        "sal_noref_c3": 0.3855266273021698,
        "sal_noref_c4": 0.3024882674217224,
        "sal_noref_c5": 0.3465248644351959,
        "sal_wref_c1": 3.8679752349853516,
        "sal_wref_c2": 1.9219446182250977,
        "sal_wref_c3": 1.3834261894226074,
        "sal_wref_c4": 1.055510401725769,
        "sal_wref_c5": 0.8507562875747681
      }
    },
    {
      "step_idx": 3,
      "role": "Orchestrator (-> WebSurfer)",
      "is_mistake": false,
      "scores": {
        "gradnorm_l1_centered": 1248.8675537109375,
        "gradnorm_l1_uncentered": 1582.34814453125,
        "gradnorm_l2_centered": 2.03218150138855,
        "gradnorm_l2_uncentered": 2.891833543777466,
        "sal_noref_c1": 3.590496301651001,
        "sal_noref_c2": 2.996062755584717,
        "sal_noref_c3": 2.1168673038482666,
        "sal_noref_c4": 1.6567707061767578,
        "sal_noref_c5": 1.328210473060608,
        "sal_wref_c1": 0.8588653206825256,
        "sal_wref_c2": 0.7592408061027527,
        "sal_wref_c3": 0.7111738324165344,
        "sal_wref_c4": 0.6056171655654907,
        "sal_wref_c5": 0.48752135038375854
      }
    },
    {
      "step_idx": 4,
      "role": "WebSurfer",
      "is_mistake": false,
      "scores": {
        "gradnorm_l1_centered": 1451.0452880859375,
        "gradnorm_l1_uncentered": 750.6025390625,
        "gradnorm_l2_centered": 2.600539445877075,
        "gradnorm_l2_uncentered": 1.4169080257415771,
        "sal_noref_c1": 0.19014547765254974,
        "sal_noref_c2": 0.15612675249576569,
        "sal_noref_c3": 0.12470190972089767,
        "sal_noref_c4": 0.09657113254070282,
        "sal_noref_c5": 0.10809904336929321,
        "sal_wref_c1": 5.011573314666748,
        "sal_wref_c2": 2.524224281311035,
        "sal_wref_c3": 1.7503339052200317,
        "sal_wref_c4": 1.3162593841552734,
        "sal_wref_c5": 1.0562995672225952
      }
    },
    {
      "step_idx": 5,
      "role": "Orchestrator (thought)",
      "is_mistake": false,
      "scores": {
        "gradnorm_l1_centered": 1396.8763427734375,
        "gradnorm_l1_uncentered": 805.5392456054688,
        "gradnorm_l2_centered": 2.5157382488250732,
        "gradnorm_l2_uncentered": 1.5949541330337524,
        "sal_noref_c1": 0.29258859157562256,
        "sal_noref_c2": 0.2827470302581787,
        "sal_noref_c3": 0.21343886852264404,
        "sal_noref_c4": 0.1711709201335907,
        "sal_noref_c5": 0.2298578917980194,
        "sal_wref_c1": 4.757521152496338,
        "sal_wref_c2": 2.386626720428467,
        "sal_wref_c3": 1.6761622428894043,
        "sal_wref_c4": 1.2718123197555542,
        "sal_wref_c5": 1.0188109874725342
      }
    },
    {
      "step_idx": 6,
      "role": "Orchestrator (-> WebSurfer)",
      "is_mistake": false,
      "scores": {
        "gradnorm_l1_centered": 1497.1253662109375,
        "gradnorm_l1_uncentered": 1827.0244140625,
        "gradnorm_l2_centered": 2.522087335586548,
        "gradnorm_l2_uncentered": 3.39739727973938,
        "sal_noref_c1": 4.00476598739624,
        "sal_noref_c2": 3.6631906032562256,
        "sal_noref_c3": 2.4492413997650146,
        "sal_noref_c4": 2.0592849254608154,
        "sal_noref_c5": 1.6562178134918213,
        "sal_wref_c1": 0.7489767074584961,
        "sal_wref_c2": 0.974603533744812,
        "sal_wref_c3": 0.6937059760093689,
        "sal_wref_c4": 0.7449626922607422,
        "sal_wref_c5": 0.6313329339027405
      }
    },
    {
      "step_idx": 7,
      "role": "Orchestrator (thought)",
      "is_mistake": false,
      "scores": {
        "gradnorm_l1_centered": 3925.274169921875,
        "gradnorm_l1_uncentered": 4875.462890625,
        "gradnorm_l2_centered": 7.379154205322266,
        "gradnorm_l2_uncentered": 9.54510498046875,
        "sal_noref_c1": 65.32169342041016,
        "sal_noref_c2": 32.636566162109375,
        "sal_noref_c3": 22.900121688842773,
        "sal_noref_c4": 17.17511749267578,
        "sal_noref_c5": 13.807380676269531,
        "sal_wref_c1": 28.513229370117188,
        "sal_wref_c2": 15.050725936889648,
        "sal_wref_c3": 10.837355613708496,
        "sal_wref_c4": 8.128100395202637,
        "sal_wref_c5": 6.5602922439575195
      }
    },
    {
      "step_idx": 8,
      "role": "WebSurfer",
      "is_mistake": false,
      "scores": {
        "gradnorm_l1_centered": 1396.5172119140625,
        "gradnorm_l1_uncentered": 562.8964233398438,
        "gradnorm_l2_centered": 2.6826653480529785,
        "gradnorm_l2_uncentered": 1.140833854675293,
        "sal_noref_c1": 0.0706038624048233,
        "sal_noref_c2": 0.054453808814287186,
        "sal_noref_c3": 0.0495203398168087,
        "sal_noref_c4": 0.03965102508664131,
        "sal_noref_c5": 0.05036468058824539,
        "sal_wref_c1": 5.670548915863037,
        "sal_wref_c2": 2.8979063034057617,
        "sal_wref_c3": 1.9917516708374023,
        "sal_wref_c4": 1.4966446161270142,
        "sal_wref_c5": 1.2100876569747925
      }
    },
    {
      "step_idx": 9,
      "role": "Orchestrator (thought)",
      "is_mistake": false,
      "scores": {
        "gradnorm_l1_centered": 1399.893798828125,
        "gradnorm_l1_uncentered": 758.3115234375,
        "gradnorm_l2_centered": 2.571838855743408,
        "gradnorm_l2_uncentered": 1.428985357284546,
        "sal_noref_c1": 0.19355206191539764,
        "sal_noref_c2": 0.17492333054542542,
        "sal_noref_c3": 0.11894449591636658,
        "sal_noref_c4": 0.09170667082071304,
        "sal_noref_c5": 0.11913953721523285,
        "sal_wref_c1": 5.078243732452393,
        "sal_wref_c2": 2.5764927864074707,
        "sal_wref_c3": 1.749705195426941,
        "sal_wref_c4": 1.3158400058746338,
        "sal_wref_c5": 1.054847240447998
      }
    },
    {
      "step_idx": 10,
      "role": "Orchestrator (-> Assistant)",
      "is_mistake": false,
      "scores": {
        "gradnorm_l1_centered": 1394.264404296875,
        "gradnorm_l1_uncentered": 1550.35302734375,
        "gradnorm_l2_centered": 2.207324743270874,
        "gradnorm_l2_uncentered": 2.8018393516540527,
        "sal_noref_c1": 3.051692485809326,
        "sal_noref_c2": 2.1084890365600586,