{
  "config": {
    "subset": "hand-crafted",
    "weight_config": "/home/hoangpham/exchange/hand-crafted/v/24"
  },
  "metadata": {
    "filename": "52.json",
    "question_id": "b36ef2d8f2643b80e74a44ce3403f674ecb2aed7fd36afeaa289061a59feef92",
    "mistake_agent": "WebSurfer",
    "mistake_step": 4,
    "level": -1,
    "subset": "hand-crafted",
    "question": "Which gyms near Tompkins Square Park (<200m) have fitness classes before 7am?"
  },
  "steps": [
    {
      "step_idx": 1,
      "role": "Orchestrator (thought)",
      "is_mistake": false,
      "scores": {
        "gradnorm_l1_centered": 1400.5498046875,
        "gradnorm_l1_uncentered": 562.1542358398438,
        "gradnorm_l2_centered": 2.5754175186157227,
        "gradnorm_l2_uncentered": 1.0579166412353516,
        "sal_noref_c1": 0.11193312704563141,
        "sal_noref_c2": 0.0827348530292511,
        "sal_noref_c3": 0.057389602065086365,
        "sal_noref_c4": 0.07742597162723541,
        "sal_noref_c5": 0.07980149984359741,
        "sal_wref_c1": 5.357652187347412,
        "sal_wref_c2": 2.730451822280884,
        "sal_wref_c3": 1.847601294517517,
        "sal_wref_c4": 1.4136393070220947,
        "sal_wref_c5": 1.1428834199905396
      }
    },
    {
      "step_idx": 2,
      "role": "Orchestrator (thought)",
      "is_mistake": false,
      "scores": {
        "gradnorm_l1_centered": 1472.629638671875,
        "gradnorm_l1_uncentered": 1033.5118408203125,
        "gradnorm_l2_centered": 2.5729568004608154,
        "gradnorm_l2_uncentered": 2.026087760925293,
        "sal_noref_c1": 0.567385733127594,
        "sal_noref_c2": 0.46215373277664185,
        "sal_noref_c3": 0.33985939621925354,
        "sal_noref_c4": 0.2591036558151245,
        "sal_noref_c5": 0.3047310709953308,
        "sal_wref_c1": 3.941911458969116,
        "sal_wref_c2": 1.9728951454162598,
        "sal_wref_c3": 1.4074517488479614,
        "sal_wref_c4": 1.063310980796814,
        "sal_wref_c5": 0.8523343205451965
      }
    },
    {
      "step_idx": 3,
      "role": "Orchestrator (-> WebSurfer)",
      "is_mistake": false,
      "scores": {
        "gradnorm_l1_centered": 1324.565185546875,
        "gradnorm_l1_uncentered": 1728.154052734375,
        "gradnorm_l2_centered": 2.2159571647644043,
        "gradnorm_l2_uncentered": 3.102691888809204,
        "sal_noref_c1": 3.8382835388183594,
        "sal_noref_c2": 3.29194974899292,
        "sal_noref_c3": 2.565661668777466,
        "sal_noref_c4": 1.9691308736801147,
        "sal_noref_c5": 1.5850205421447754,
        "sal_wref_c1": 0.7730201482772827,
        "sal_wref_c2": 0.7207996249198914,
        "sal_wref_c3": 1.0150748491287231,
        "sal_wref_c4": 0.8091336488723755,
        "sal_wref_c5": 0.6485089063644409
      }
    },
    {
      "step_idx": 4,
      "role": "WebSurfer",
      "is_mistake": true,
      "scores": {
        "gradnorm_l1_centered": 1437.1146240234375,
        "gradnorm_l1_uncentered": 774.548583984375,
        "gradnorm_l2_centered": 2.544288396835327,
        "gradnorm_l2_uncentered": 1.4489513635635376,
        "sal_noref_c1": 0.2655632495880127,
        "sal_noref_c2": 0.19359463453292847,
        "sal_noref_c3": 0.16553740203380585,
        "sal_noref_c4": 0.1343490034341812,
        "sal_noref_c5": 0.13061295449733734,
        "sal_wref_c1": 4.642973899841309,
        "sal_wref_c2": 2.327786684036255,
        "sal_wref_c3": 1.6396228075027466,
        "sal_wref_c4": 1.2403453588485718,
        "sal_wref_c5": 0.9980403780937195
      }
    },
    {
      "step_idx": 5,
      "role": "Orchestrator (thought)",
      "is_mistake": false,
      "scores": {
        "gradnorm_l1_centered": 1348.7020263671875,
        "gradnorm_l1_uncentered": 762.126708984375,
        "gradnorm_l2_centered": 2.4609928131103516,
        "gradnorm_l2_uncentered": 1.4783722162246704,
        "sal_noref_c1": 0.2842657268047333,
        "sal_noref_c2": 0.26324793696403503,
        "sal_noref_c3": 0.20080412924289703,
        "sal_noref_c4": 0.15077917277812958,
        "sal_noref_c5": 0.20647041499614716,
        "sal_wref_c1": 4.768106460571289,
        "sal_wref_c2": 2.3972458839416504,
        "sal_wref_c3": 1.6847072839736938,
        "sal_wref_c4": 1.2644126415252686,
        "sal_wref_c5": 1.0119346380233765
      }
    },
    {
      "step_idx": 6,
      "role": "Orchestrator (-> WebSurfer)",
      "is_mistake": false,
      "scores": {
        "gradnorm_l1_centered": 1424.6297607421875,
        "gradnorm_l1_uncentered": 1893.624755859375,
        "gradnorm_l2_centered": 2.369793653488159,
        "gradnorm_l2_uncentered": 3.472935199737549,
        "sal_noref_c1": 5.214418888092041,
        "sal_noref_c2": 3.880767345428467,
        "sal_noref_c3": 3.1706628799438477,
        "sal_noref_c4": 2.38993239402771,
        "sal_noref_c5": 1.9179494380950928,
        "sal_wref_c1": 0.3073762357234955,
        "sal_wref_c2": 0.41223379969596863,
        "sal_wref_c3": 1.0417698621749878,
        "sal_wref_c4": 0.792637288570404,
        "sal_wref_c5": 0.6372416019439697
      }
    },
    {
      "step_idx": 7,
      "role": "Orchestrator (thought)",
      "is_mistake": false,
      "scores": {
        "gradnorm_l1_centered": 4963.41552734375,
        "gradnorm_l1_uncentered": 5907.7822265625,
        "gradnorm_l2_centered": 8.637772560119629,
        "gradnorm_l2_uncentered": 10.626160621643066,
        "sal_noref_c1": 76.28414154052734,
        "sal_noref_c2": 39.614776611328125,
        "sal_noref_c3": 30.00593376159668,
        "sal_noref_c4": 23.004146575927734,
        "sal_noref_c5": 18.590496063232422,
        "sal_wref_c1": 38.6593132019043,
        "sal_wref_c2": 22.82672119140625,
        "sal_wref_c3": 17.51384162902832,
        "sal_wref_c4": 13.66895580291748,
        "sal_wref_c5": 11.031976699829102
      }
    },
    {
      "step_idx": 8,
      "role": "WebSurfer",
      "is_mistake": false,
      "scores": {
        "gradnorm_l1_centered": 1340.7330322265625,
        "gradnorm_l1_uncentered": 467.3918762207031,
        "gradnorm_l2_centered": 2.554478406906128,
        "gradnorm_l2_uncentered": 0.8433575630187988,
        "sal_noref_c1": 0.08022409677505493,
        "sal_noref_c2": 0.06648029386997223,
        "sal_noref_c3": 0.05571673810482025,
        "sal_noref_c4": 0.04185515269637108,
        "sal_noref_c5": 0.04406202211976051,
        "sal_wref_c1": 5.582151889801025,
        "sal_wref_c2": 2.8283658027648926,
        "sal_wref_c3": 1.9349689483642578,
        "sal_wref_c4": 1.4513331651687622,
        "sal_wref_c5": 1.1788887977600098
      }
    },
    {
      "step_idx": 9,
      "role": "Orchestrator (thought)",
      "is_mistake": false,
      "scores": {
        "gradnorm_l1_centered": 1357.340576171875,
        "gradnorm_l1_uncentered": 772.9103393554688,
        "gradnorm_l2_centered": 2.456453561782837,
        "gradnorm_l2_uncentered": 1.4967695474624634,
        "sal_noref_c1": 0.3057728409767151,
        "sal_noref_c2": 0.260379433631897,
        "sal_noref_c3": 0.19449956715106964,
        "sal_noref_c4": 0.14958304166793823,
        "sal_noref_c5": 0.20060530304908752,
        "sal_wref_c1": 4.66738748550415,
        "sal_wref_c2": 2.3563392162323,
        "sal_wref_c3": 1.65072762966156,
        "sal_wref_c4": 1.2442833185195923,
        "sal_wref_c5": 0.9955143928527832
      }
    },
    {
      "step_idx": 10,
      "role": "Orchestrator (-> WebSurfer)",
      "is_mistake": false,
      "scores": {
        "gradnorm_l1_centered": 1326.5782470703125,
        "gradnorm_l1_uncentered": 1785.078857421875,
        "gradnorm_l2_centered": 2.1348958015441895,
        "gradnorm_l2_uncentered": 3.2544097900390625,
        "sal_noref_c1": 4.956538200378418,
        "sal_noref_c2": 3.7078499794006348,
        "sal_noref_c3": 2.822359085083008,
        "sal_noref_c4": 2.116971969604492,
        "sal_noref_c5": 1.705975890159607,
        "sal_wref_c1": 0.35888922214508057,
        "sal_wref_c2": 0.4990750551223755,