{
  "config": {
    "subset": "hand-crafted",
    "weight_config": "/home/hoangpham/exchange/hand-crafted/v/24"
  },
  "metadata": {
    "filename": "6.json",
    "question_id": "e6bc98089608217e45b6956a46518fe3cce64a799b3ac43c6974c449ae14c408",
    "mistake_agent": "Orchestrator",
    "mistake_step": 5,
    "level": -1,
    "subset": "hand-crafted",
    "question": "What's the highest price a high-rise apartment was sold for in Mission Bay, San Francisco, in 2021?"
  },
  "steps": [
    {
      "step_idx": 1,
      "role": "Orchestrator (thought)",
      "is_mistake": false,
      "scores": {
        "gradnorm_l1_centered": 1453.423828125,
        "gradnorm_l1_uncentered": 714.6356201171875,
        "gradnorm_l2_centered": 2.570434808731079,
        "gradnorm_l2_uncentered": 1.3634052276611328,
        "sal_noref_c1": 0.19838359951972961,
        "sal_noref_c2": 0.15800312161445618,
        "sal_noref_c3": 0.1112051010131836,
        "sal_noref_c4": 0.13752853870391846,
        "sal_noref_c5": 0.14390605688095093,
        "sal_wref_c1": 4.947843074798584,
        "sal_wref_c2": 2.49562406539917,
        "sal_wref_c3": 1.6987313032150269,
        "sal_wref_c4": 1.3169069290161133,
        "sal_wref_c5": 1.056310772895813
      }
    },
    {
      "step_idx": 2,
      "role": "Orchestrator (thought)",
      "is_mistake": false,
      "scores": {
        "gradnorm_l1_centered": 1332.93603515625,
        "gradnorm_l1_uncentered": 775.3602294921875,
        "gradnorm_l2_centered": 2.365462303161621,
        "gradnorm_l2_uncentered": 1.5204476118087769,
        "sal_noref_c1": 0.42757317423820496,
        "sal_noref_c2": 0.3296806812286377,
        "sal_noref_c3": 0.2398112416267395,
        "sal_noref_c4": 0.18695643544197083,
        "sal_noref_c5": 0.20974378287792206,
        "sal_wref_c1": 4.229644298553467,
        "sal_wref_c2": 2.124981641769409,
        "sal_wref_c3": 1.485974907875061,
        "sal_wref_c4": 1.1241726875305176,
        "sal_wref_c5": 0.9048357009887695
      }
    },
    {
      "step_idx": 3,
      "role": "Orchestrator (-> WebSurfer)",
      "is_mistake": false,
      "scores": {
        "gradnorm_l1_centered": 1267.2705078125,
        "gradnorm_l1_uncentered": 1547.9722900390625,
        "gradnorm_l2_centered": 2.1367721557617188,
        "gradnorm_l2_uncentered": 2.7101478576660156,
        "sal_noref_c1": 2.7246522903442383,
        "sal_noref_c2": 2.392876625061035,
        "sal_noref_c3": 1.7581294775009155,
        "sal_noref_c4": 1.4274365901947021,
        "sal_noref_c5": 1.1461193561553955,
        "sal_wref_c1": 1.3301801681518555,
        "sal_wref_c2": 0.8937822580337524,
        "sal_wref_c3": 0.8410698771476746,
        "sal_wref_c4": 0.7406355738639832,
        "sal_wref_c5": 0.5925158262252808
      }
    },
    {
      "step_idx": 4,
      "role": "WebSurfer",
      "is_mistake": false,
      "scores": {
        "gradnorm_l1_centered": 1450.702392578125,
        "gradnorm_l1_uncentered": 788.2534790039062,
        "gradnorm_l2_centered": 2.5484492778778076,
        "gradnorm_l2_uncentered": 1.4409395456314087,
        "sal_noref_c1": 0.24946515262126923,
        "sal_noref_c2": 0.19309364259243011,
        "sal_noref_c3": 0.16191653907299042,
        "sal_noref_c4": 0.12962846457958221,
        "sal_noref_c5": 0.12785489857196808,
        "sal_wref_c1": 4.731900691986084,
        "sal_wref_c2": 2.369518280029297,
        "sal_wref_c3": 1.6623047590255737,
        "sal_wref_c4": 1.2551199197769165,
        "sal_wref_c5": 1.0098941326141357
      }
    },
    {
      "step_idx": 5,
      "role": "Orchestrator (thought)",
      "is_mistake": true,
      "scores": {
        "gradnorm_l1_centered": 1394.302001953125,
        "gradnorm_l1_uncentered": 935.2965087890625,
        "gradnorm_l2_centered": 2.4585437774658203,
        "gradnorm_l2_uncentered": 1.8440464735031128,
        "sal_noref_c1": 0.5151156187057495,
        "sal_noref_c2": 0.4676353931427002,
        "sal_noref_c3": 0.34370341897010803,
        "sal_noref_c4": 0.2650936245918274,
        "sal_noref_c5": 0.3425438404083252,
        "sal_wref_c1": 4.1126627922058105,
        "sal_wref_c2": 2.0501489639282227,
        "sal_wref_c3": 1.4599227905273438,
        "sal_wref_c4": 1.1054059267044067,
        "sal_wref_c5": 0.8963133692741394
      }
    },
    {
      "step_idx": 6,
      "role": "Orchestrator (thought)",
      "is_mistake": false,
      "scores": {
        "gradnorm_l1_centered": 3606.48876953125,
        "gradnorm_l1_uncentered": 3937.887939453125,
        "gradnorm_l2_centered": 6.371041297912598,
        "gradnorm_l2_uncentered": 7.410982608795166,
        "sal_noref_c1": 11.742339134216309,
        "sal_noref_c2": 8.392555236816406,
        "sal_noref_c3": 5.6974968910217285,
        "sal_noref_c4": 4.302047252655029,
        "sal_noref_c5": 4.899662971496582,
        "sal_wref_c1": 0.14625613391399384,
        "sal_wref_c2": 0.578667938709259,
        "sal_wref_c3": 0.526606023311615,
        "sal_wref_c4": 0.4018298387527466,
        "sal_wref_c5": 1.998064637184143
      }
    },
    {
      "step_idx": 7,
      "role": "Orchestrator (termination condition)",
      "is_mistake": false,
      "scores": {
        "gradnorm_l1_centered": 2023.6925048828125,
        "gradnorm_l1_uncentered": 1971.1337890625,
        "gradnorm_l2_centered": 3.691962242126465,
        "gradnorm_l2_uncentered": 4.185719966888428,
        "sal_noref_c1": 3.1598823070526123,
        "sal_noref_c2": 2.759121894836426,
        "sal_noref_c3": 2.2939209938049316,
        "sal_noref_c4": 1.9930881261825562,
        "sal_noref_c5": 1.9876044988632202,
        "sal_wref_c1": 1.1586272716522217,
        "sal_wref_c2": 0.9480683207511902,
        "sal_wref_c3": 1.0866111516952515,
        "sal_wref_c4": 1.097120761871338,
        "sal_wref_c5": 1.287995457649231
      }
    }
  ]
}