{
  "config": {
    "subset": "hand-crafted",
    "weight_config": "/home/hoangpham/exchange/hand-crafted/v/24"
  },
  "metadata": {
    "filename": "16.json",
    "question_id": "52f7224e9c79431e7926afe317782711a0028750693e7456cde22ef6f4bd8bd5",
    "mistake_agent": "Orchestrator",
    "mistake_step": 15,
    "level": -1,
    "subset": "hand-crafted",
    "question": "What is the highest rated (according to IMDB) Isabelle Adjani feature film that is less than 2 hours and is available on Vudu (now called Fandango at Home) to buy or rent?"
  },
  "steps": [
    {
      "step_idx": 1,
      "role": "Orchestrator (thought)",
      "is_mistake": false,
      "scores": {
        "gradnorm_l1_centered": 1405.28125,
        "gradnorm_l1_uncentered": 545.4590454101562,
        "gradnorm_l2_centered": 2.601520299911499,
        "gradnorm_l2_uncentered": 1.02245032787323,
        "sal_noref_c1": 0.08484834432601929,
        "sal_noref_c2": 0.07085278630256653,
        "sal_noref_c3": 0.04878243803977966,
        "sal_noref_c4": 0.06254842877388,
        "sal_noref_c5": 0.07022595405578613,
        "sal_wref_c1": 5.571224689483643,
        "sal_wref_c2": 2.8400168418884277,
        "sal_wref_c3": 1.9191375970840454,
        "sal_wref_c4": 1.4601978063583374,
        "sal_wref_c5": 1.1792266368865967
      }
    },
    {
      "step_idx": 2,
      "role": "Orchestrator (thought)",
      "is_mistake": false,
      "scores": {
        "gradnorm_l1_centered": 1338.00634765625,
        "gradnorm_l1_uncentered": 790.5164794921875,
        "gradnorm_l2_centered": 2.368853807449341,
        "gradnorm_l2_uncentered": 1.5655018091201782,
        "sal_noref_c1": 0.4565260410308838,
        "sal_noref_c2": 0.33555376529693604,
        "sal_noref_c3": 0.25089898705482483,
        "sal_noref_c4": 0.1976419985294342,
        "sal_noref_c5": 0.22814247012138367,
        "sal_wref_c1": 4.142783164978027,
        "sal_wref_c2": 2.0878021717071533,
        "sal_wref_c3": 1.4774962663650513,
        "sal_wref_c4": 1.1202476024627686,
        "sal_wref_c5": 0.9012249708175659
      }
    },
    {
      "step_idx": 3,
      "role": "Orchestrator (-> WebSurfer)",
      "is_mistake": false,
      "scores": {
        "gradnorm_l1_centered": 1918.156982421875,
        "gradnorm_l1_uncentered": 2466.443359375,
        "gradnorm_l2_centered": 3.1273183822631836,
        "gradnorm_l2_uncentered": 4.2364501953125,
        "sal_noref_c1": 6.23396110534668,
        "sal_noref_c2": 5.595634460449219,
        "sal_noref_c3": 3.8793554306030273,
        "sal_noref_c4": 3.607311487197876,
        "sal_noref_c5": 2.897608757019043,
        "sal_wref_c1": 0.16938379406929016,
        "sal_wref_c2": 1.2008148431777954,
        "sal_wref_c3": 1.171209454536438,
        "sal_wref_c4": 1.5817084312438965,
        "sal_wref_c5": 1.2755346298217773
      }
    },
    {
      "step_idx": 4,
      "role": "WebSurfer",
      "is_mistake": false,
      "scores": {
        "gradnorm_l1_centered": 1440.1158447265625,
        "gradnorm_l1_uncentered": 717.5247802734375,
        "gradnorm_l2_centered": 2.5743606090545654,
        "gradnorm_l2_uncentered": 1.2934006452560425,
        "sal_noref_c1": 0.17853069305419922,
        "sal_noref_c2": 0.12635329365730286,
        "sal_noref_c3": 0.1112363263964653,
        "sal_noref_c4": 0.0842730700969696,
        "sal_noref_c5": 0.08727394789457321,
        "sal_wref_c1": 5.0052571296691895,
        "sal_wref_c2": 2.5316200256347656,
        "sal_wref_c3": 1.7665976285934448,
        "sal_wref_c4": 1.3259044885635376,
        "sal_wref_c5": 1.0711305141448975
      }
    },
    {
      "step_idx": 5,
      "role": "Orchestrator (thought)",
      "is_mistake": false,
      "scores": {
        "gradnorm_l1_centered": 1357.678466796875,
        "gradnorm_l1_uncentered": 798.0011596679688,
        "gradnorm_l2_centered": 2.413313388824463,
        "gradnorm_l2_uncentered": 1.5310789346694946,
        "sal_noref_c1": 0.36675310134887695,
        "sal_noref_c2": 0.29201388359069824,
        "sal_noref_c3": 0.21318678557872772,
        "sal_noref_c4": 0.17422965168952942,
        "sal_noref_c5": 0.2361917495727539,
        "sal_wref_c1": 4.458413124084473,
        "sal_wref_c2": 2.2588236331939697,
        "sal_wref_c3": 1.5833088159561157,
        "sal_wref_c4": 1.205435037612915,
        "sal_wref_c5": 0.9656583666801453
      }
    },
    {
      "step_idx": 6,
      "role": "Orchestrator (-> WebSurfer)",
      "is_mistake": false,
      "scores": {
        "gradnorm_l1_centered": 1905.019775390625,
        "gradnorm_l1_uncentered": 2427.907470703125,
        "gradnorm_l2_centered": 3.198042392730713,
        "gradnorm_l2_uncentered": 4.2094502449035645,
        "sal_noref_c1": 5.636589527130127,
        "sal_noref_c2": 5.122629165649414,
        "sal_noref_c3": 3.757310152053833,
        "sal_noref_c4": 3.5771570205688477,
        "sal_noref_c5": 2.8731868267059326,
        "sal_wref_c1": 0.2824317216873169,
        "sal_wref_c2": 0.9815819263458252,
        "sal_wref_c3": 1.2623389959335327,
        "sal_wref_c4": 1.7156543731689453,
        "sal_wref_c5": 1.381749153137207
      }
    },
    {
      "step_idx": 7,
      "role": "Orchestrator (thought)",
      "is_mistake": false,
      "scores": {
        "gradnorm_l1_centered": 4614.6025390625,
        "gradnorm_l1_uncentered": 5704.01025390625,
        "gradnorm_l2_centered": 7.999889850616455,
        "gradnorm_l2_uncentered": 10.283370018005371,
        "sal_noref_c1": 84.02874755859375,
        "sal_noref_c2": 41.42650604248047,
        "sal_noref_c3": 27.770933151245117,
        "sal_noref_c4": 21.310373306274414,
        "sal_noref_c5": 17.094661712646484,
        "sal_wref_c1": 42.416542053222656,
        "sal_wref_c2": 21.10204315185547,
        "sal_wref_c3": 14.152323722839355,
        "sal_wref_c4": 11.087297439575195,
        "sal_wref_c5": 8.904293060302734
      }
    },
    {
      "step_idx": 8,
      "role": "WebSurfer",
      "is_mistake": false,
      "scores": {
        "gradnorm_l1_centered": 1471.3079833984375,
        "gradnorm_l1_uncentered": 765.7255249023438,
        "gradnorm_l2_centered": 2.5982747077941895,
        "gradnorm_l2_uncentered": 1.2790253162384033,
        "sal_noref_c1": 0.1513558030128479,
        "sal_noref_c2": 0.12583515048027039,
        "sal_noref_c3": 0.10123109072446823,
        "sal_noref_c4": 0.07674551010131836,
        "sal_noref_c5": 0.07755863666534424,
        "sal_wref_c1": 5.168290615081787,
        "sal_wref_c2": 2.6003873348236084,
        "sal_wref_c3": 1.791011929512024,
        "sal_wref_c4": 1.3442535400390625,
        "sal_wref_c5": 1.0849415063858032
      }
    },
    {
      "step_idx": 9,
      "role": "Orchestrator (thought)",
      "is_mistake": false,
      "scores": {
        "gradnorm_l1_centered": 1345.9041748046875,
        "gradnorm_l1_uncentered": 767.501708984375,
        "gradnorm_l2_centered": 2.414132595062256,
        "gradnorm_l2_uncentered": 1.512122392654419,
        "sal_noref_c1": 0.34314465522766113,
        "sal_noref_c2": 0.29378741979599,
        "sal_noref_c3": 0.20817767083644867,
        "sal_noref_c4": 0.1622125506401062,
        "sal_noref_c5": 0.22662298381328583,
        "sal_wref_c1": 4.564246654510498,
        "sal_wref_c2": 2.307898998260498,
        "sal_wref_c3": 1.6021946668624878,
        "sal_wref_c4": 1.2103126049041748,
        "sal_wref_c5": 0.9696475863456726
      }
    },
    {
      "step_idx": 10,
      "role": "Orchestrator (-> WebSurfer)",
      "is_mistake": false,
      "scores": {
        "gradnorm_l1_centered": 1705.378173828125,
        "gradnorm_l1_uncentered": 2203.677734375,
        "gradnorm_l2_centered": 3.0119454860687256,
        "gradnorm_l2_uncentered": 3.954441547393799,
        "sal_noref_c1": 5.231749534606934,
        "sal_noref_c2": 4.054742336273193,
        "sal_noref_c3": 3.3632028102874756,
        "sal_noref_c4": 2.5930442810058594,
        "sal_noref_c5": 2.1007275581359863,