{
  "config": {
    "subset": "hand-crafted",
    "weight_config": "/home/hoangpham/exchange/hand-crafted/v/35"
  },
  "metadata": {
    "filename": "33.json",
    "question_id": "72e110e7-464c-453c-a309-90a95aed6538",
    "mistake_agent": "WebSurfer",
    "mistake_step": 8,
    "level": 1,
    "subset": "hand-crafted",
    "question": "Under DDC 633 on Bielefeld University Library's BASE, as of 2020, from what country was the unknown language article with a flag unique from the others?"
  },
  "steps": [
    {
      "step_idx": 1,
      "role": "Orchestrator (thought)",
      "is_mistake": false,
      "scores": {
        "gradnorm_l1_centered": 954.079345703125,
        "gradnorm_l1_uncentered": 418.07647705078125,
        "gradnorm_l2_centered": 1.949996829032898,
        "gradnorm_l2_uncentered": 1.3502858877182007,
        "sal_noref_c1": 1.0588047504425049,
        "sal_noref_c2": 0.7421923875808716,
        "sal_noref_c3": 0.4950563609600067,
        "sal_noref_c4": 0.37473517656326294,
        "sal_noref_c5": 0.2997937798500061,
        "sal_wref_c1": 3.309128761291504,
        "sal_wref_c2": 1.7066960334777832,
        "sal_wref_c3": 1.142063856124878,
        "sal_wref_c4": 0.8578531742095947,
        "sal_wref_c5": 0.6888218522071838
      }
    },
    {
      "step_idx": 2,
      "role": "Orchestrator (thought)",
      "is_mistake": false,
      "scores": {
        "gradnorm_l1_centered": 878.9577026367188,
        "gradnorm_l1_uncentered": 500.4879150390625,
        "gradnorm_l2_centered": 1.9052810668945312,
        "gradnorm_l2_uncentered": 1.2711375951766968,
        "sal_noref_c1": 1.0524972677230835,
        "sal_noref_c2": 0.6629292964935303,
        "sal_noref_c3": 0.44316065311431885,
        "sal_noref_c4": 0.33913397789001465,
        "sal_noref_c5": 0.2722908854484558,
        "sal_wref_c1": 3.305098295211792,
        "sal_wref_c2": 1.659522533416748,
        "sal_wref_c3": 1.1140319108963013,
        "sal_wref_c4": 0.8402537107467651,
        "sal_wref_c5": 0.6735455393791199
      }
    },
    {
      "step_idx": 3,
      "role": "Orchestrator (-> WebSurfer)",
      "is_mistake": false,
      "scores": {
        "gradnorm_l1_centered": 649.4632568359375,
        "gradnorm_l1_uncentered": 1138.2454833984375,
        "gradnorm_l2_centered": 1.1772708892822266,
        "gradnorm_l2_uncentered": 2.4570860862731934,
        "sal_noref_c1": 4.861177444458008,
        "sal_noref_c2": 2.4117918014526367,
        "sal_noref_c3": 1.8450716733932495,
        "sal_noref_c4": 1.4475542306900024,
        "sal_noref_c5": 1.1610746383666992,
        "sal_wref_c1": 0.41259217262268066,
        "sal_wref_c2": 0.4453258514404297,
        "sal_wref_c3": 0.37085261940956116,
        "sal_wref_c4": 0.2966056764125824,
        "sal_wref_c5": 0.2377554476261139
      }
    },
    {
      "step_idx": 4,
      "role": "WebSurfer",
      "is_mistake": false,
      "scores": {
        "gradnorm_l1_centered": 943.6656494140625,
        "gradnorm_l1_uncentered": 506.3951110839844,
        "gradnorm_l2_centered": 1.853299617767334,
        "gradnorm_l2_uncentered": 1.5517354011535645,
        "sal_noref_c1": 1.4086534976959229,
        "sal_noref_c2": 0.9898293018341064,
        "sal_noref_c3": 0.6642253994941711,
        "sal_noref_c4": 0.4985615611076355,
        "sal_noref_c5": 0.40373292565345764,
        "sal_wref_c1": 2.801119089126587,
        "sal_wref_c2": 1.5112608671188354,
        "sal_wref_c3": 1.0078409910202026,
        "sal_wref_c4": 0.7580721974372864,
        "sal_wref_c5": 0.6094114184379578
      }
    },
    {
      "step_idx": 5,
      "role": "Orchestrator (thought)",
      "is_mistake": false,
      "scores": {
        "gradnorm_l1_centered": 870.8402099609375,
        "gradnorm_l1_uncentered": 567.71337890625,
        "gradnorm_l2_centered": 1.7383451461791992,
        "gradnorm_l2_uncentered": 1.5691986083984375,
        "sal_noref_c1": 1.5972516536712646,
        "sal_noref_c2": 1.0546547174453735,
        "sal_noref_c3": 0.703108549118042,
        "sal_noref_c4": 0.540536105632782,
        "sal_noref_c5": 0.44279271364212036,
        "sal_wref_c1": 2.567051410675049,
        "sal_wref_c2": 1.3483879566192627,
        "sal_wref_c3": 0.9157797694206238,
        "sal_wref_c4": 0.6885864734649658,
        "sal_wref_c5": 0.5508912801742554
      }
    },
    {
      "step_idx": 6,
      "role": "Orchestrator (-> WebSurfer)",
      "is_mistake": false,
      "scores": {
        "gradnorm_l1_centered": 791.6334228515625,
        "gradnorm_l1_uncentered": 944.4970092773438,
        "gradnorm_l2_centered": 1.6922873258590698,
        "gradnorm_l2_uncentered": 1.9127085208892822,
        "sal_noref_c1": 2.3668746948242188,
        "sal_noref_c2": 1.1952036619186401,
        "sal_noref_c3": 1.092183232307434,
        "sal_noref_c4": 0.8234366774559021,
        "sal_noref_c5": 0.6611483693122864,
        "sal_wref_c1": 1.6647393703460693,
        "sal_wref_c2": 1.2434124946594238,
        "sal_wref_c3": 0.8334576487541199,
        "sal_wref_c4": 0.6272605657577515,
        "sal_wref_c5": 0.5025352239608765
      }
    },
    {
      "step_idx": 7,
      "role": "Orchestrator (thought)",
      "is_mistake": false,
      "scores": {
        "gradnorm_l1_centered": 2868.494873046875,
        "gradnorm_l1_uncentered": 3763.361083984375,
        "gradnorm_l2_centered": 4.981495380401611,
        "gradnorm_l2_uncentered": 7.552664756774902,
        "sal_noref_c1": 51.064388275146484,
        "sal_noref_c2": 25.594369888305664,
        "sal_noref_c3": 17.1463680267334,
        "sal_noref_c4": 13.359152793884277,
        "sal_noref_c5": 10.765751838684082,
        "sal_wref_c1": 19.074384689331055,
        "sal_wref_c2": 9.842370986938477,
        "sal_wref_c3": 7.206228256225586,
        "sal_wref_c4": 5.423401832580566,
        "sal_wref_c5": 4.4979400634765625
      }
    },
    {
      "step_idx": 8,
      "role": "WebSurfer",
      "is_mistake": true,
      "scores": {
        "gradnorm_l1_centered": 933.8069458007812,
        "gradnorm_l1_uncentered": 416.99383544921875,
        "gradnorm_l2_centered": 1.9947047233581543,
        "gradnorm_l2_uncentered": 1.2670120000839233,
        "sal_noref_c1": 0.9294986128807068,
        "sal_noref_c2": 0.6553138494491577,
        "sal_noref_c3": 0.4403515160083771,
        "sal_noref_c4": 0.330305278301239,
        "sal_noref_c5": 0.2687700092792511,
        "sal_wref_c1": 3.529417037963867,
        "sal_wref_c2": 1.8244034051895142,
        "sal_wref_c3": 1.2162789106369019,
        "sal_wref_c4": 0.9198564291000366,
        "sal_wref_c5": 0.7370598912239075
      }
    }
  ]
}