{
  "config": {
    "subset": "hand-crafted",
    "weight_config": "/home/hoangpham/exchange/hand-crafted/v/35"
  },
  "metadata": {
    "filename": "45.json",
    "question_id": "a3fbeb63-0e8c-4a11-bff6-0e3b484c3e9c",
    "mistake_agent": "Orchestrator",
    "mistake_step": 20,
    "level": 1,
    "subset": "hand-crafted",
    "question": "How many slides in this PowerPoint presentation mention crustaceans?"
  },
  "steps": [
    {
      "step_idx": 1,
      "role": "Orchestrator (thought)",
      "is_mistake": false,
      "scores": {
        "gradnorm_l1_centered": 912.2198486328125,
        "gradnorm_l1_uncentered": 426.4097595214844,
        "gradnorm_l2_centered": 1.8850877285003662,
        "gradnorm_l2_uncentered": 1.3107353448867798,
        "sal_noref_c1": 1.12925386428833,
        "sal_noref_c2": 0.7366577386856079,
        "sal_noref_c3": 0.49274778366088867,
        "sal_noref_c4": 0.369564026594162,
        "sal_noref_c5": 0.29593899846076965,
        "sal_wref_c1": 3.1564114093780518,
        "sal_wref_c2": 1.6248018741607666,
        "sal_wref_c3": 1.0832301378250122,
        "sal_wref_c4": 0.8165918588638306,
        "sal_wref_c5": 0.6545166373252869
      }
    },
    {
      "step_idx": 2,
      "role": "Orchestrator (thought)",
      "is_mistake": false,
      "scores": {
        "gradnorm_l1_centered": 822.2160034179688,
        "gradnorm_l1_uncentered": 676.20849609375,
        "gradnorm_l2_centered": 1.592432975769043,
        "gradnorm_l2_uncentered": 1.7143735885620117,
        "sal_noref_c1": 2.078702926635742,
        "sal_noref_c2": 1.26202392578125,
        "sal_noref_c3": 0.8420562148094177,
        "sal_noref_c4": 0.6318729519844055,
        "sal_noref_c5": 0.5084905028343201,
        "sal_wref_c1": 2.0076417922973633,
        "sal_wref_c2": 1.0724824666976929,
        "sal_wref_c3": 0.7152783870697021,
        "sal_wref_c4": 0.5379967093467712,
        "sal_wref_c5": 0.4332844614982605
      }
    },
    {
      "step_idx": 3,
      "role": "Orchestrator (-> WebSurfer)",
      "is_mistake": false,
      "scores": {
        "gradnorm_l1_centered": 884.6110229492188,
        "gradnorm_l1_uncentered": 1551.8399658203125,
        "gradnorm_l2_centered": 1.338157057762146,
        "gradnorm_l2_uncentered": 3.308872699737549,
        "sal_noref_c1": 8.743582725524902,
        "sal_noref_c2": 4.35536527633667,
        "sal_noref_c3": 3.3099002838134766,
        "sal_noref_c4": 2.5803539752960205,
        "sal_noref_c5": 2.0747358798980713,
        "sal_wref_c1": 0.003890874097123742,
        "sal_wref_c2": 0.26397523283958435,
        "sal_wref_c3": 0.2771940529346466,
        "sal_wref_c4": 0.3004843592643738,
        "sal_wref_c5": 0.2466047704219818
      }
    },
    {
      "step_idx": 4,
      "role": "WebSurfer",
      "is_mistake": false,
      "scores": {
        "gradnorm_l1_centered": 920.55517578125,
        "gradnorm_l1_uncentered": 539.23486328125,
        "gradnorm_l2_centered": 1.812504529953003,
        "gradnorm_l2_uncentered": 1.612343192100525,
        "sal_noref_c1": 1.5572270154953003,
        "sal_noref_c2": 1.0647735595703125,
        "sal_noref_c3": 0.7154512405395508,
        "sal_noref_c4": 0.5367398858070374,
        "sal_noref_c5": 0.43238934874534607,
        "sal_wref_c1": 2.599027395248413,
        "sal_wref_c2": 1.4179317951202393,
        "sal_wref_c3": 0.9456341862678528,
        "sal_wref_c4": 0.7110167741775513,
        "sal_wref_c5": 0.5711668133735657
      }
    },
    {
      "step_idx": 5,
      "role": "Orchestrator (thought)",
      "is_mistake": false,
      "scores": {
        "gradnorm_l1_centered": 845.7645874023438,
        "gradnorm_l1_uncentered": 623.0025024414062,
        "gradnorm_l2_centered": 1.6980242729187012,
        "gradnorm_l2_uncentered": 1.5799121856689453,
        "sal_noref_c1": 1.709545373916626,
        "sal_noref_c2": 1.0319095849990845,
        "sal_noref_c3": 0.6880870461463928,
        "sal_noref_c4": 0.5207992792129517,
        "sal_noref_c5": 0.4329705834388733,
        "sal_wref_c1": 2.3864011764526367,
        "sal_wref_c2": 1.2343083620071411,
        "sal_wref_c3": 0.8279245495796204,
        "sal_wref_c4": 0.6265475153923035,
        "sal_wref_c5": 0.5012580752372742
      }
    },
    {
      "step_idx": 6,
      "role": "Orchestrator (-> WebSurfer)",
      "is_mistake": false,
      "scores": {
        "gradnorm_l1_centered": 893.010986328125,
        "gradnorm_l1_uncentered": 1498.26904296875,
        "gradnorm_l2_centered": 1.4390077590942383,
        "gradnorm_l2_uncentered": 3.1708645820617676,
        "sal_noref_c1": 7.586186408996582,
        "sal_noref_c2": 3.761237382888794,
        "sal_noref_c3": 3.0655527114868164,
        "sal_noref_c4": 2.3321280479431152,
        "sal_noref_c5": 1.87870192527771,
        "sal_wref_c1": 0.018406488001346588,
        "sal_wref_c2": 0.4792141020298004,
        "sal_wref_c3": 0.3467523157596588,
        "sal_wref_c4": 0.34704452753067017,
        "sal_wref_c5": 0.3018372356891632
      }
    },
    {
      "step_idx": 7,
      "role": "Orchestrator (thought)",
      "is_mistake": false,
      "scores": {
        "gradnorm_l1_centered": 2563.72802734375,
        "gradnorm_l1_uncentered": 3416.935791015625,
        "gradnorm_l2_centered": 4.194359302520752,
        "gradnorm_l2_uncentered": 6.608635425567627,
        "sal_noref_c1": 36.945556640625,
        "sal_noref_c2": 18.778573989868164,
        "sal_noref_c3": 12.648517608642578,
        "sal_noref_c4": 9.928606033325195,
        "sal_noref_c5": 7.953821659088135,
        "sal_wref_c1": 11.027791023254395,
        "sal_wref_c2": 6.097438335418701,
        "sal_wref_c3": 4.623497486114502,
        "sal_wref_c4": 3.505263566970825,
        "sal_wref_c5": 2.992399215698242
      }
    },
    {
      "step_idx": 8,
      "role": "WebSurfer",
      "is_mistake": false,
      "scores": {
        "gradnorm_l1_centered": 948.3096923828125,
        "gradnorm_l1_uncentered": 373.97418212890625,
        "gradnorm_l2_centered": 2.1649868488311768,
        "gradnorm_l2_uncentered": 1.0055550336837769,
        "sal_noref_c1": 0.5618868470191956,
        "sal_noref_c2": 0.37956929206848145,
        "sal_noref_c3": 0.25429219007492065,
        "sal_noref_c4": 0.1910024732351303,
        "sal_noref_c5": 0.15404318273067474,
        "sal_wref_c1": 4.30699348449707,
        "sal_wref_c2": 2.16176176071167,
        "sal_wref_c3": 1.4411778450012207,
        "sal_wref_c4": 1.0995599031448364,
        "sal_wref_c5": 0.8798021078109741
      }
    },
    {
      "step_idx": 9,
      "role": "Orchestrator (thought)",
      "is_mistake": false,
      "scores": {
        "gradnorm_l1_centered": 857.7938232421875,
        "gradnorm_l1_uncentered": 623.8216552734375,
        "gradnorm_l2_centered": 1.7235180139541626,
        "gradnorm_l2_uncentered": 1.5328017473220825,
        "sal_noref_c1": 1.6182984113693237,
        "sal_noref_c2": 0.9741119146347046,
        "sal_noref_c3": 0.6510760188102722,
        "sal_noref_c4": 0.4904558062553406,
        "sal_noref_c5": 0.4011550545692444,
        "sal_wref_c1": 2.4769113063812256,
        "sal_wref_c2": 1.2861518859863281,
        "sal_wref_c3": 0.8592286705970764,
        "sal_wref_c4": 0.6528559923171997,
        "sal_wref_c5": 0.5231457352638245
      }
    },
    {
      "step_idx": 10,
      "role": "Orchestrator (-> WebSurfer)",
      "is_mistake": false,
      "scores": {
        "gradnorm_l1_centered": 1059.979248046875,
        "gradnorm_l1_uncentered": 1728.82763671875,
        "gradnorm_l2_centered": 1.6826058626174927,
        "gradnorm_l2_uncentered": 3.626473903656006,
        "sal_noref_c1": 9.917427062988281,
        "sal_noref_c2": 4.917817115783691,
        "sal_noref_c3": 4.071592807769775,
        "sal_noref_c4": 3.113699197769165,
        "sal_noref_c5": 2.5166571140289307,
        "sal_wref_c1": 0.05824632570147514,
        "sal_wref_c2": 0.6972207427024841,
        "sal_wref_c3": 0.5161142945289612,