{
  "config": {
    "subset": "hand-crafted",
    "weight_config": "/home/hoangpham/exchange/hand-crafted/v/35"
  },
  "metadata": {
    "filename": "57.json",
    "question_id": "3af8028c2a59e28ca88baff0e6d91f2a9f170c5ef91003f1c8406755a2760ad4",
    "mistake_agent": "WebSurfer",
    "mistake_step": 12,
    "level": -1,
    "subset": "hand-crafted",
    "question": "Which Magic: The Gathering Standard card (non-foil paper version released in its original set) that was banned at the same time as Oko, Thief of Crowns (including Oko, Crown of Thorns) had the highest price decrease from its all-time high to its all-time low?"
  },
  "steps": [
    {
      "step_idx": 1,
      "role": "Orchestrator (thought)",
      "is_mistake": false,
      "scores": {
        "gradnorm_l1_centered": 974.5164184570312,
        "gradnorm_l1_uncentered": 333.5449523925781,
        "gradnorm_l2_centered": 2.1086952686309814,
        "gradnorm_l2_uncentered": 1.1102474927902222,
        "sal_noref_c1": 0.6698470711708069,
        "sal_noref_c2": 0.49793338775634766,
        "sal_noref_c3": 0.33197203278541565,
        "sal_noref_c4": 0.2526736557483673,
        "sal_noref_c5": 0.20242886245250702,
        "sal_wref_c1": 4.082344055175781,
        "sal_wref_c2": 2.0649917125701904,
        "sal_wref_c3": 1.3807225227355957,
        "sal_wref_c4": 1.0396990776062012,
        "sal_wref_c5": 0.8324891328811646
      }
    },
    {
      "step_idx": 2,
      "role": "Orchestrator (thought)",
      "is_mistake": false,
      "scores": {
        "gradnorm_l1_centered": 845.1959838867188,
        "gradnorm_l1_uncentered": 661.9852905273438,
        "gradnorm_l2_centered": 1.6205028295516968,
        "gradnorm_l2_uncentered": 1.7992862462997437,
        "sal_noref_c1": 2.1341655254364014,
        "sal_noref_c2": 1.3758320808410645,
        "sal_noref_c3": 0.9184131026268005,
        "sal_noref_c4": 0.6978250741958618,
        "sal_noref_c5": 0.5588328242301941,
        "sal_wref_c1": 2.006913661956787,
        "sal_wref_c2": 1.0753192901611328,
        "sal_wref_c3": 0.7303610444068909,
        "sal_wref_c4": 0.5485016107559204,
        "sal_wref_c5": 0.43899020552635193
      }
    },
    {
      "step_idx": 3,
      "role": "Orchestrator (-> WebSurfer)",
      "is_mistake": false,
      "scores": {
        "gradnorm_l1_centered": 1232.622314453125,
        "gradnorm_l1_uncentered": 1774.9007568359375,
        "gradnorm_l2_centered": 2.0390756130218506,
        "gradnorm_l2_uncentered": 3.404918670654297,
        "sal_noref_c1": 7.238237380981445,
        "sal_noref_c2": 3.667915105819702,
        "sal_noref_c3": 3.1386139392852783,
        "sal_noref_c4": 2.483926296234131,
        "sal_noref_c5": 1.9929771423339844,
        "sal_wref_c1": 0.02724546752870083,
        "sal_wref_c2": 0.9572691321372986,
        "sal_wref_c3": 0.7854230999946594,
        "sal_wref_c4": 0.6435630917549133,
        "sal_wref_c5": 0.5148751139640808
      }
    },
    {
      "step_idx": 4,
      "role": "WebSurfer",
      "is_mistake": false,
      "scores": {
        "gradnorm_l1_centered": 941.6644287109375,
        "gradnorm_l1_uncentered": 537.324462890625,
        "gradnorm_l2_centered": 1.836118221282959,
        "gradnorm_l2_uncentered": 1.6112977266311646,
        "sal_noref_c1": 1.5044169425964355,
        "sal_noref_c2": 1.062609314918518,
        "sal_noref_c3": 0.7122149467468262,
        "sal_noref_c4": 0.5345445871353149,
        "sal_noref_c5": 0.4313075542449951,
        "sal_wref_c1": 2.6875455379486084,
        "sal_wref_c2": 1.4637227058410645,
        "sal_wref_c3": 0.9761936068534851,
        "sal_wref_c4": 0.7335115075111389,
        "sal_wref_c5": 0.5910857319831848
      }
    },
    {
      "step_idx": 5,
      "role": "Orchestrator (thought)",
      "is_mistake": false,
      "scores": {
        "gradnorm_l1_centered": 884.9818725585938,
        "gradnorm_l1_uncentered": 585.8026733398438,
        "gradnorm_l2_centered": 1.75913667678833,
        "gradnorm_l2_uncentered": 1.588787317276001,
        "sal_noref_c1": 1.577554702758789,
        "sal_noref_c2": 1.0669267177581787,
        "sal_noref_c3": 0.7123422622680664,
        "sal_noref_c4": 0.551379382610321,
        "sal_noref_c5": 0.44820865988731384,
        "sal_wref_c1": 2.61244797706604,
        "sal_wref_c2": 1.3629144430160522,
        "sal_wref_c3": 0.9319553375244141,
        "sal_wref_c4": 0.6990719437599182,
        "sal_wref_c5": 0.5592839121818542
      }
    },
    {
      "step_idx": 6,
      "role": "Orchestrator (-> WebSurfer)",
      "is_mistake": false,
      "scores": {
        "gradnorm_l1_centered": 905.393798828125,
        "gradnorm_l1_uncentered": 1377.5296630859375,
        "gradnorm_l2_centered": 1.5656630992889404,
        "gradnorm_l2_uncentered": 2.800018310546875,
        "sal_noref_c1": 5.45439338684082,
        "sal_noref_c2": 2.726989507675171,
        "sal_noref_c3": 2.2378079891204834,
        "sal_noref_c4": 1.7247554063796997,
        "sal_noref_c5": 1.3802851438522339,
        "sal_wref_c1": 0.26258066296577454,
        "sal_wref_c2": 0.6608604192733765,
        "sal_wref_c3": 0.491277813911438,
        "sal_wref_c4": 0.3927793800830841,
        "sal_wref_c5": 0.3195987045764923
      }
    },
    {
      "step_idx": 7,
      "role": "Orchestrator (thought)",
      "is_mistake": false,
      "scores": {
        "gradnorm_l1_centered": 2802.001953125,
        "gradnorm_l1_uncentered": 3690.8837890625,
        "gradnorm_l2_centered": 4.896463394165039,
        "gradnorm_l2_uncentered": 7.466270446777344,
        "sal_noref_c1": 50.249874114990234,
        "sal_noref_c2": 25.296241760253906,
        "sal_noref_c3": 16.910615921020508,
        "sal_noref_c4": 12.820005416870117,
        "sal_noref_c5": 10.297576904296875,
        "sal_wref_c1": 18.795656204223633,
        "sal_wref_c2": 9.691384315490723,
        "sal_wref_c3": 6.630523204803467,
        "sal_wref_c4": 4.992045879364014,
        "sal_wref_c5": 4.135983467102051
      }
    },
    {
      "step_idx": 8,
      "role": "WebSurfer",
      "is_mistake": false,
      "scores": {
        "gradnorm_l1_centered": 922.521484375,
        "gradnorm_l1_uncentered": 363.691162109375,
        "gradnorm_l2_centered": 2.1555354595184326,
        "gradnorm_l2_uncentered": 0.9186557531356812,
        "sal_noref_c1": 0.5475391745567322,
        "sal_noref_c2": 0.3334643542766571,
        "sal_noref_c3": 0.22511981427669525,
        "sal_noref_c4": 0.17089660465717316,
        "sal_noref_c5": 0.1373520791530609,
        "sal_wref_c1": 4.289949893951416,
        "sal_wref_c2": 2.1432130336761475,
        "sal_wref_c3": 1.4343581199645996,
        "sal_wref_c4": 1.1024510860443115,
        "sal_wref_c5": 0.8823135495185852
      }
    },
    {
      "step_idx": 9,
      "role": "Orchestrator (thought)",
      "is_mistake": false,
      "scores": {
        "gradnorm_l1_centered": 918.8988647460938,
        "gradnorm_l1_uncentered": 435.2690734863281,
        "gradnorm_l2_centered": 2.0303702354431152,
        "gradnorm_l2_uncentered": 1.1481873989105225,
        "sal_noref_c1": 0.7809229493141174,
        "sal_noref_c2": 0.5338088274002075,
        "sal_noref_c3": 0.3578619956970215,
        "sal_noref_c4": 0.2833906412124634,
        "sal_noref_c5": 0.23183198273181915,
        "sal_wref_c1": 3.850564479827881,
        "sal_wref_c2": 1.9284437894821167,
        "sal_wref_c3": 1.303410530090332,
        "sal_wref_c4": 0.983732283115387,
        "sal_wref_c5": 0.7873942852020264
      }
    },
    {
      "step_idx": 10,
      "role": "Orchestrator (-> WebSurfer)",
      "is_mistake": false,
      "scores": {
        "gradnorm_l1_centered": 668.3575439453125,
        "gradnorm_l1_uncentered": 1003.9322509765625,
        "gradnorm_l2_centered": 1.2465330362319946,
        "gradnorm_l2_uncentered": 2.1587750911712646,
        "sal_noref_c1": 3.7221744060516357,
        "sal_noref_c2": 1.8530696630477905,