{
  "config": {
    "subset": "algorithm-generated",
    "weight_config": "/home/hoangpham/exchange/algorithm-generated/k/21"
  },
  "metadata": {
    "filename": "83.json",
    "question_id": "48eb8242-1099-4c26-95d4-ef22b002457a",
    "mistake_agent": "DataAnalysis_Expert",
    "mistake_step": 8,
    "level": "2",
    "subset": "algorithm-generated",
    "question": "How many nonindigenous crocodiles were found in Florida from the year 2000 through 2020? You can get the data from the USGS Nonindigenous Aquatic Species database."
  },
  "steps": [
    {
      "step_idx": 0,
      "role": "StatisticalAnalysis_Expert",
      "is_mistake": false,
      "scores": {
        "gradnorm_l1_centered": 649.4030151367188,
        "gradnorm_l1_uncentered": 336.04510498046875,
        "gradnorm_l2_centered": 1.5243072509765625,
        "gradnorm_l2_uncentered": 1.032673954963684,
        "sal_noref_c1": 0.20060186088085175,
        "sal_noref_c2": 0.18387258052825928,
        "sal_noref_c3": 0.13671742379665375,
        "sal_noref_c4": 0.11061294376850128,
        "sal_noref_c5": 0.09106357395648956,
        "sal_wref_c1": 0.9215293526649475,
        "sal_wref_c2": 0.5359689593315125,
        "sal_wref_c3": 0.543077290058136,
        "sal_wref_c4": 0.43463754653930664,
        "sal_wref_c5": 0.348114550113678
      }
    },
    {
      "step_idx": 1,
      "role": "DataAnalysis_Expert",
      "is_mistake": false,
      "scores": {
        "gradnorm_l1_centered": 619.4013671875,
        "gradnorm_l1_uncentered": 406.5231628417969,
        "gradnorm_l2_centered": 1.3467239141464233,
        "gradnorm_l2_uncentered": 1.2763711214065552,
        "sal_noref_c1": 0.472912073135376,
        "sal_noref_c2": 0.3736167550086975,
        "sal_noref_c3": 0.24949431419372559,
        "sal_noref_c4": 0.20782265067100525,
        "sal_noref_c5": 0.16639962792396545,
        "sal_wref_c1": 0.6742062568664551,
        "sal_wref_c2": 0.36537349224090576,
        "sal_wref_c3": 0.3444044888019562,
        "sal_wref_c4": 0.2644686996936798,
        "sal_wref_c5": 0.21244139969348907
      }
    },
    {
      "step_idx": 2,
      "role": "Computer_terminal",
      "is_mistake": false,
      "scores": {
        "gradnorm_l1_centered": 836.5301513671875,
        "gradnorm_l1_uncentered": 602.830322265625,
        "gradnorm_l2_centered": 1.881070852279663,
        "gradnorm_l2_uncentered": 1.1480257511138916,
        "sal_noref_c1": 0.042127825319767,
        "sal_noref_c2": 0.04027184471487999,
        "sal_noref_c3": 0.02688244916498661,
        "sal_noref_c4": 0.036075323820114136,
        "sal_noref_c5": 0.031083786860108376,
        "sal_wref_c1": 1.2221636772155762,
        "sal_wref_c2": 0.8635377883911133,
        "sal_wref_c3": 0.6988846659660339,
        "sal_wref_c4": 0.5393402576446533,
        "sal_wref_c5": 0.43260103464126587
      }
    },
    {
      "step_idx": 3,
      "role": "DataVerification_Expert",
      "is_mistake": false,
      "scores": {
        "gradnorm_l1_centered": 1065.11376953125,
        "gradnorm_l1_uncentered": 1075.515869140625,
        "gradnorm_l2_centered": 1.8828026056289673,
        "gradnorm_l2_uncentered": 1.9322898387908936,
        "sal_noref_c1": 0.5255457162857056,
        "sal_noref_c2": 0.375748872756958,
        "sal_noref_c3": 0.3116341531276703,
        "sal_noref_c4": 0.24060171842575073,
        "sal_noref_c5": 0.1956792175769806,
        "sal_wref_c1": 0.6709293127059937,
        "sal_wref_c2": 0.4028977155685425,
        "sal_wref_c3": 0.271210253238678,
        "sal_wref_c4": 0.21366526186466217,
        "sal_wref_c5": 0.1761334240436554
      }
    },
    {
      "step_idx": 4,
      "role": "Computer_terminal",
      "is_mistake": false,
      "scores": {
        "gradnorm_l1_centered": 1723.88720703125,
        "gradnorm_l1_uncentered": 1684.4412841796875,
        "gradnorm_l2_centered": 3.0981249809265137,
        "gradnorm_l2_uncentered": 3.421292304992676,
        "sal_noref_c1": 0.9002588391304016,
        "sal_noref_c2": 1.9887864589691162,
        "sal_noref_c3": 1.402632713317871,
        "sal_noref_c4": 1.068971872329712,
        "sal_noref_c5": 0.8588670492172241,
        "sal_wref_c1": 1.3207753896713257,
        "sal_wref_c2": 1.0256822109222412,
        "sal_wref_c3": 0.6936125159263611,
        "sal_wref_c4": 0.521080493927002,
        "sal_wref_c5": 0.42296352982521057
      }
    },
    {
      "step_idx": 5,
      "role": "DataVerification_Expert",
      "is_mistake": false,
      "scores": {
        "gradnorm_l1_centered": 856.551513671875,
        "gradnorm_l1_uncentered": 700.1300659179688,
        "gradnorm_l2_centered": 1.856396198272705,
        "gradnorm_l2_uncentered": 1.3739569187164307,
        "sal_noref_c1": 0.22020089626312256,
        "sal_noref_c2": 0.12845438718795776,
        "sal_noref_c3": 0.08613276481628418,
        "sal_noref_c4": 0.08772943168878555,
        "sal_noref_c5": 0.07080155611038208,
        "sal_wref_c1": 0.5282927751541138,
        "sal_wref_c2": 0.7514059543609619,
        "sal_wref_c3": 0.6266970038414001,
        "sal_wref_c4": 0.4814024865627289,
        "sal_wref_c5": 0.38706791400909424
      }
    },
    {
      "step_idx": 6,
      "role": "Computer_terminal",
      "is_mistake": false,
      "scores": {
        "gradnorm_l1_centered": 2027.9405517578125,
        "gradnorm_l1_uncentered": 2172.632568359375,
        "gradnorm_l2_centered": 5.529972553253174,
        "gradnorm_l2_uncentered": 6.156352519989014,
        "sal_noref_c1": 3.591787576675415,
        "sal_noref_c2": 12.0325927734375,
        "sal_noref_c3": 8.025065422058105,
        "sal_noref_c4": 6.164478778839111,
        "sal_noref_c5": 4.950490951538086,
        "sal_wref_c1": 1.8356903791427612,
        "sal_wref_c2": 8.391779899597168,
        "sal_wref_c3": 5.625013828277588,
        "sal_wref_c4": 4.365075588226318,
        "sal_wref_c5": 3.494269847869873
      }
    },
    {
      "step_idx": 7,
      "role": "DataVerification_Expert",
      "is_mistake": false,
      "scores": {
        "gradnorm_l1_centered": 1928.869140625,
        "gradnorm_l1_uncentered": 2020.417724609375,
        "gradnorm_l2_centered": 4.533782482147217,
        "gradnorm_l2_uncentered": 4.700822830200195,
        "sal_noref_c1": 0.8785567283630371,
        "sal_noref_c2": 0.8015345335006714,
        "sal_noref_c3": 2.29146671295166,
        "sal_noref_c4": 2.3457143306732178,
        "sal_noref_c5": 1.8788484334945679,
        "sal_wref_c1": 0.1469103991985321,
        "sal_wref_c2": 2.054933786392212,
        "sal_wref_c3": 1.9353169202804565,
        "sal_wref_c4": 1.970224142074585,
        "sal_wref_c5": 1.5782451629638672
      }
    },
    {
      "step_idx": 8,
      "role": "DataAnalysis_Expert",
      "is_mistake": true,
      "scores": {
        "gradnorm_l1_centered": 896.8233032226562,
        "gradnorm_l1_uncentered": 804.6548461914062,
        "gradnorm_l2_centered": 1.6734775304794312,
        "gradnorm_l2_uncentered": 1.6575754880905151,
        "sal_noref_c1": 0.5954006314277649,
        "sal_noref_c2": 0.32448986172676086,
        "sal_noref_c3": 0.2169303148984909,
        "sal_noref_c4": 0.19775426387786865,
        "sal_noref_c5": 0.16712836921215057,
        "sal_wref_c1": 0.41474059224128723,
        "sal_wref_c2": 0.33562394976615906,
        "sal_wref_c3": 0.31536924839019775,
        "sal_wref_c4": 0.23824180662631989,
        "sal_wref_c5": 0.1982734650373459
      }
    },
    {
      "step_idx": 9,
      "role": "Computer_terminal",
      "is_mistake": false,
      "scores": {
        "gradnorm_l1_centered": 2150.9580078125,
        "gradnorm_l1_uncentered": 2142.001953125,
        "gradnorm_l2_centered": 4.245921611785889,
        "gradnorm_l2_uncentered": 4.766241073608398,
        "sal_noref_c1": 3.33307147026062,
        "sal_noref_c2": 4.405789375305176,
        "sal_noref_c3": 3.1256682872772217,
        "sal_noref_c4": 2.344703197479248,
        "sal_noref_c5": 1.8765262365341187,