{
  "config": {
    "subset": "algorithm-generated",
    "weight_config": "/home/hoangpham/exchange/algorithm-generated/k/21"
  },
  "metadata": {
    "filename": "87.json",
    "question_id": "f46b4380-207e-4434-820b-f32ce04ae2a4",
    "mistake_agent": "Music_Critic_Expert",
    "mistake_step": 1,
    "level": "2",
    "subset": "algorithm-generated",
    "question": "It is 1999. Before you party like it is 1999, please assist me in settling a bet.\n\nFiona Apple and Paula Cole released albums prior to 1999. Of these albums, which didn't receive a letter grade from Robert Christgau? Provide your answer as a comma delimited list of album titles, sorted alphabetically."
  },
  "steps": [
    {
      "step_idx": 0,
      "role": "MusicHistorian_Expert",
      "is_mistake": false,
      "scores": {
        "gradnorm_l1_centered": 668.6215209960938,
        "gradnorm_l1_uncentered": 402.322021484375,
        "gradnorm_l2_centered": 1.4508700370788574,
        "gradnorm_l2_uncentered": 1.399524450302124,
        "sal_noref_c1": 0.5692274570465088,
        "sal_noref_c2": 0.413798451423645,
        "sal_noref_c3": 0.31226441264152527,
        "sal_noref_c4": 0.2503759264945984,
        "sal_noref_c5": 0.2102234810590744,
        "sal_wref_c1": 0.5220323801040649,
        "sal_wref_c2": 0.2742384374141693,
        "sal_wref_c3": 0.4077884256839752,
        "sal_wref_c4": 0.32053142786026,
        "sal_wref_c5": 0.26026105880737305
      }
    },
    {
      "step_idx": 1,
      "role": "Music_Critic_Expert",
      "is_mistake": true,
      "scores": {
        "gradnorm_l1_centered": 764.3656616210938,
        "gradnorm_l1_uncentered": 595.7825927734375,
        "gradnorm_l2_centered": 1.6295579671859741,
        "gradnorm_l2_uncentered": 1.3776397705078125,
        "sal_noref_c1": 0.4399087429046631,
        "sal_noref_c2": 0.22089794278144836,
        "sal_noref_c3": 0.14809034764766693,
        "sal_noref_c4": 0.15109853446483612,
        "sal_noref_c5": 0.12545594573020935,
        "sal_wref_c1": 0.3727806806564331,
        "sal_wref_c2": 0.4931912422180176,
        "sal_wref_c3": 0.47797882556915283,
        "sal_wref_c4": 0.36120185256004333,
        "sal_wref_c5": 0.2897268831729889
      }
    },
    {
      "step_idx": 2,
      "role": "DataVerification_Expert",
      "is_mistake": false,
      "scores": {
        "gradnorm_l1_centered": 916.819091796875,
        "gradnorm_l1_uncentered": 870.51318359375,
        "gradnorm_l2_centered": 2.11234712600708,
        "gradnorm_l2_uncentered": 2.8392550945281982,
        "sal_noref_c1": 3.233350992202759,
        "sal_noref_c2": 1.61332106590271,
        "sal_noref_c3": 1.0756189823150635,
        "sal_noref_c4": 1.0613420009613037,
        "sal_noref_c5": 0.8601093292236328,
        "sal_wref_c1": 0.10005136579275131,
        "sal_wref_c2": 0.12894302606582642,
        "sal_wref_c3": 0.2001238316297531,
        "sal_wref_c4": 0.236665278673172,
        "sal_wref_c5": 0.20215043425559998
      }
    },
    {
      "step_idx": 3,
      "role": "Computer_terminal",
      "is_mistake": false,
      "scores": {
        "gradnorm_l1_centered": 3259.580078125,
        "gradnorm_l1_uncentered": 3485.70263671875,
        "gradnorm_l2_centered": 8.431913375854492,
        "gradnorm_l2_uncentered": 9.56324577331543,
        "sal_noref_c1": 28.026756286621094,
        "sal_noref_c2": 23.694612503051758,
        "sal_noref_c3": 16.13510513305664,
        "sal_noref_c4": 13.203166007995605,
        "sal_noref_c5": 10.695691108703613,
        "sal_wref_c1": 2.087368965148926,
        "sal_wref_c2": 11.561223983764648,
        "sal_wref_c3": 8.372340202331543,
        "sal_wref_c4": 8.059727668762207,
        "sal_wref_c5": 6.585046291351318
      }
    },
    {
      "step_idx": 4,
      "role": "MusicHistorian_Expert",
      "is_mistake": false,
      "scores": {
        "gradnorm_l1_centered": 1090.4383544921875,
        "gradnorm_l1_uncentered": 1104.7794189453125,
        "gradnorm_l2_centered": 2.3370907306671143,
        "gradnorm_l2_uncentered": 2.6943578720092773,
        "sal_noref_c1": 0.9549261927604675,
        "sal_noref_c2": 0.49873626232147217,
        "sal_noref_c3": 0.89219731092453,
        "sal_noref_c4": 0.9590897560119629,
        "sal_noref_c5": 0.7676588296890259,
        "sal_wref_c1": 0.41281259059906006,
        "sal_wref_c2": 0.5056138038635254,
        "sal_wref_c3": 0.4491405785083771,
        "sal_wref_c4": 0.5159242749214172,
        "sal_wref_c5": 0.41287821531295776
      }
    },
    {
      "step_idx": 5,
      "role": "Computer_terminal",
      "is_mistake": false,
      "scores": {
        "gradnorm_l1_centered": 3356.656494140625,
        "gradnorm_l1_uncentered": 3499.25146484375,
        "gradnorm_l2_centered": 9.341032981872559,
        "gradnorm_l2_uncentered": 10.129974365234375,
        "sal_noref_c1": 10.345763206481934,
        "sal_noref_c2": 31.989730834960938,
        "sal_noref_c3": 21.836456298828125,
        "sal_noref_c4": 16.43741226196289,
        "sal_noref_c5": 13.153244018554688,
        "sal_wref_c1": 2.3236658573150635,
        "sal_wref_c2": 22.607929229736328,
        "sal_wref_c3": 16.4363956451416,
        "sal_wref_c4": 12.67630386352539,
        "sal_wref_c5": 10.157683372497559
      }
    },
    {
      "step_idx": 6,
      "role": "Music_Critic_Expert",
      "is_mistake": false,
      "scores": {
        "gradnorm_l1_centered": 965.320556640625,
        "gradnorm_l1_uncentered": 937.5750122070312,
        "gradnorm_l2_centered": 2.0953874588012695,
        "gradnorm_l2_uncentered": 2.1609654426574707,
        "sal_noref_c1": 0.39718323945999146,
        "sal_noref_c2": 0.22455935180187225,
        "sal_noref_c3": 0.5689653158187866,
        "sal_noref_c4": 0.4996553063392639,
        "sal_noref_c5": 0.4022124707698822,
        "sal_wref_c1": 0.8201590776443481,
        "sal_wref_c2": 0.7306830286979675,
        "sal_wref_c3": 0.5577287077903748,
        "sal_wref_c4": 0.43402335047721863,
        "sal_wref_c5": 0.3508203625679016
      }
    },
    {
      "step_idx": 7,
      "role": "DataVerification_Expert",
      "is_mistake": false,
      "scores": {
        "gradnorm_l1_centered": 3397.023193359375,
        "gradnorm_l1_uncentered": 3569.763916015625,
        "gradnorm_l2_centered": 7.771018981933594,
        "gradnorm_l2_uncentered": 8.553352355957031,
        "sal_noref_c1": 11.815535545349121,
        "sal_noref_c2": 6.486156940460205,
        "sal_noref_c3": 8.18857479095459,
        "sal_noref_c4": 7.234921455383301,
        "sal_noref_c5": 5.815130710601807,
        "sal_wref_c1": 0.7627283930778503,
        "sal_wref_c2": 0.4612749218940735,
        "sal_wref_c3": 3.190664052963257,
        "sal_wref_c4": 4.0217485427856445,
        "sal_wref_c5": 3.2289657592773438
      }
    },
    {
      "step_idx": 8,
      "role": "MusicHistorian_Expert",
      "is_mistake": false,
      "scores": {
        "gradnorm_l1_centered": 7715.77099609375,
        "gradnorm_l1_uncentered": 7982.93212890625,
        "gradnorm_l2_centered": 16.098573684692383,
        "gradnorm_l2_uncentered": 16.338838577270508,
        "sal_noref_c1": 17.650930404663086,
        "sal_noref_c2": 31.23244285583496,
        "sal_noref_c3": 41.091590881347656,
        "sal_noref_c4": 31.74432945251465,
        "sal_noref_c5": 25.51653480529785,
        "sal_wref_c1": 21.61414337158203,
        "sal_wref_c2": 33.657405853271484,
        "sal_wref_c3": 39.58454513549805,
        "sal_wref_c4": 29.885746002197266,
        "sal_wref_c5": 23.972553253173828
      }
    }
  ]
}