{
  "config": {
    "subset": "algorithm-generated",
    "weight_config": "/home/hoangpham/exchange/algorithm-generated/k/21"
  },
  "metadata": {
    "filename": "90.json",
    "question_id": "c8b7e059-c60d-472e-ad64-3b04ae1166dc",
    "mistake_agent": "Federico_Lauria_Expert",
    "mistake_step": 5,
    "level": "2",
    "subset": "algorithm-generated",
    "question": "The work referenced in footnote 397 of Federico Lauria's 2014 dissertation is also the source for the titles of two paintings in the Smithsonian American Art Museum's collection, as of August 2023. What is the absolute difference between the chapter numbers of the chapters that the titles of these two paintings quote?"
  },
  "steps": [
    {
      "step_idx": 0,
      "role": "Federico_Lauria_Expert",
      "is_mistake": false,
      "scores": {
        "gradnorm_l1_centered": 637.0150146484375,
        "gradnorm_l1_uncentered": 292.3289794921875,
        "gradnorm_l2_centered": 1.5105692148208618,
        "gradnorm_l2_uncentered": 0.7999744415283203,
        "sal_noref_c1": 0.14483009278774261,
        "sal_noref_c2": 0.10263869166374207,
        "sal_noref_c3": 0.0748559907078743,
        "sal_noref_c4": 0.06469680368900299,
        "sal_noref_c5": 0.055976033210754395,
        "sal_wref_c1": 0.9131661653518677,
        "sal_wref_c2": 0.6194693446159363,
        "sal_wref_c3": 0.5808702111244202,
        "sal_wref_c4": 0.4622097313404083,
        "sal_wref_c5": 0.3702077567577362
      }
    },
    {
      "step_idx": 1,
      "role": "Art_Expert",
      "is_mistake": false,
      "scores": {
        "gradnorm_l1_centered": 578.9833984375,
        "gradnorm_l1_uncentered": 200.76466369628906,
        "gradnorm_l2_centered": 1.6643157005310059,
        "gradnorm_l2_uncentered": 0.5446875691413879,
        "sal_noref_c1": 0.08155864477157593,
        "sal_noref_c2": 0.052288658916950226,
        "sal_noref_c3": 0.04401629790663719,
        "sal_noref_c4": 0.03350754827260971,
        "sal_noref_c5": 0.02681887522339821,
        "sal_wref_c1": 0.7366882562637329,
        "sal_wref_c2": 0.813984751701355,
        "sal_wref_c3": 0.7414618134498596,
        "sal_wref_c4": 0.6206244230270386,
        "sal_wref_c5": 0.4967649579048157
      }
    },
    {
      "step_idx": 2,
      "role": "Computer_terminal",
      "is_mistake": false,
      "scores": {
        "gradnorm_l1_centered": 631.5475463867188,
        "gradnorm_l1_uncentered": 349.4448547363281,
        "gradnorm_l2_centered": 1.7355350255966187,
        "gradnorm_l2_uncentered": 1.0012593269348145,
        "sal_noref_c1": 0.007613913621753454,
        "sal_noref_c2": 0.28326883912086487,
        "sal_noref_c3": 0.22618548572063446,
        "sal_noref_c4": 0.17022298276424408,
        "sal_noref_c5": 0.1374494880437851,
        "sal_wref_c1": 2.1272616386413574,
        "sal_wref_c2": 1.1000990867614746,
        "sal_wref_c3": 0.7447990775108337,
        "sal_wref_c4": 0.6090797781944275,
        "sal_wref_c5": 0.4942474961280823
      }
    },
    {
      "step_idx": 3,
      "role": "Federico_Lauria_Expert",
      "is_mistake": false,
      "scores": {
        "gradnorm_l1_centered": 674.3646240234375,
        "gradnorm_l1_uncentered": 419.17926025390625,
        "gradnorm_l2_centered": 1.645090103149414,
        "gradnorm_l2_uncentered": 0.8317795395851135,
        "sal_noref_c1": 0.055447742342948914,
        "sal_noref_c2": 0.1155632883310318,
        "sal_noref_c3": 0.07710738480091095,
        "sal_noref_c4": 0.05859365314245224,
        "sal_noref_c5": 0.046878911554813385,
        "sal_wref_c1": 1.3355134725570679,
        "sal_wref_c2": 0.7781311273574829,
        "sal_wref_c3": 0.6073911190032959,
        "sal_wref_c4": 0.5259676575660706,
        "sal_wref_c5": 0.42162448167800903
      }
    },
    {
      "step_idx": 4,
      "role": "Art_Expert",
      "is_mistake": false,
      "scores": {
        "gradnorm_l1_centered": 3054.5400390625,
        "gradnorm_l1_uncentered": 3216.660400390625,
        "gradnorm_l2_centered": 5.666536808013916,
        "gradnorm_l2_uncentered": 6.376561164855957,
        "sal_noref_c1": 7.653493404388428,
        "sal_noref_c2": 5.448339462280273,
        "sal_noref_c3": 3.6330854892730713,
        "sal_noref_c4": 2.755284547805786,
        "sal_noref_c5": 2.204240560531616,
        "sal_wref_c1": 0.19096910953521729,
        "sal_wref_c2": 1.364568829536438,
        "sal_wref_c3": 0.9099671244621277,
        "sal_wref_c4": 0.6894413828849792,
        "sal_wref_c5": 0.5520115494728088
      }
    },
    {
      "step_idx": 5,
      "role": "Federico_Lauria_Expert",
      "is_mistake": true,
      "scores": {
        "gradnorm_l1_centered": 1796.1162109375,
        "gradnorm_l1_uncentered": 1956.717529296875,
        "gradnorm_l2_centered": 4.405052661895752,
        "gradnorm_l2_uncentered": 5.143924713134766,
        "sal_noref_c1": 4.4937424659729,
        "sal_noref_c2": 8.19633674621582,
        "sal_noref_c3": 5.466084957122803,
        "sal_noref_c4": 4.286264896392822,
        "sal_noref_c5": 3.429410934448242,
        "sal_wref_c1": 0.5011423826217651,
        "sal_wref_c2": 4.709109783172607,
        "sal_wref_c3": 3.157701253890991,
        "sal_wref_c4": 2.5842604637145996,
        "sal_wref_c5": 2.067413806915283
      }
    },
    {
      "step_idx": 6,
      "role": "Federico_Lauria_Expert",
      "is_mistake": false,
      "scores": {
        "gradnorm_l1_centered": 1968.6505126953125,
        "gradnorm_l1_uncentered": 2167.586181640625,
        "gradnorm_l2_centered": 4.394364356994629,
        "gradnorm_l2_uncentered": 5.30470085144043,
        "sal_noref_c1": 9.936835289001465,
        "sal_noref_c2": 6.143859386444092,
        "sal_noref_c3": 4.19055700302124,
        "sal_noref_c4": 3.1429765224456787,
        "sal_noref_c5": 2.5178110599517822,
        "sal_wref_c1": 0.9997856616973877,
        "sal_wref_c2": 1.9046448469161987,
        "sal_wref_c3": 1.3418598175048828,
        "sal_wref_c4": 1.0157496929168701,
        "sal_wref_c5": 0.8125933408737183
      }
    },
    {
      "step_idx": 7,
      "role": "Federico_Lauria_Expert",
      "is_mistake": false,
      "scores": {
        "gradnorm_l1_centered": 1153.2139892578125,
        "gradnorm_l1_uncentered": 1251.24853515625,
        "gradnorm_l2_centered": 3.1608779430389404,
        "gradnorm_l2_uncentered": 3.8951120376586914,
        "sal_noref_c1": 4.816112518310547,
        "sal_noref_c2": 3.522641181945801,
        "sal_noref_c3": 2.649057626724243,
        "sal_noref_c4": 1.9868229627609253,
        "sal_noref_c5": 1.5952770709991455,
        "sal_wref_c1": 0.05120093375444412,
        "sal_wref_c2": 0.9792751669883728,
        "sal_wref_c3": 0.9957296252250671,
        "sal_wref_c4": 0.7852915525436401,
        "sal_wref_c5": 0.6331205368041992
      }
    },
    {
      "step_idx": 8,
      "role": "Federico_Lauria_Expert",
      "is_mistake": false,
      "scores": {
        "gradnorm_l1_centered": 603.502685546875,
        "gradnorm_l1_uncentered": 477.5294189453125,
        "gradnorm_l2_centered": 1.3680851459503174,
        "gradnorm_l2_uncentered": 1.2019554376602173,
        "sal_noref_c1": 0.5679047703742981,
        "sal_noref_c2": 0.3515965938568115,
        "sal_noref_c3": 0.254010409116745,
        "sal_noref_c4": 0.19055530428886414,
        "sal_noref_c5": 0.15244893729686737,
        "sal_wref_c1": 0.42552420496940613,
        "sal_wref_c2": 0.253570020198822,
        "sal_wref_c3": 0.3309311866760254,
        "sal_wref_c4": 0.308425635099411,
        "sal_wref_c5": 0.24765285849571228
      }
    },
    {
      "step_idx": 9,
      "role": "Federico_Lauria_Expert",
      "is_mistake": false,
      "scores": {
        "gradnorm_l1_centered": 600.123291015625,
        "gradnorm_l1_uncentered": 352.38165283203125,
        "gradnorm_l2_centered": 1.6043922901153564,
        "gradnorm_l2_uncentered": 0.7185831069946289,
        "sal_noref_c1": 0.10403004288673401,