{
  "config": {
    "subset": "algorithm-generated",
    "weight_config": "/home/hoangpham/exchange/algorithm-generated/k/21"
  },
  "metadata": {
    "filename": "114.json",
    "question_id": "6b06d186921b8b390c65aebd0d16f09f60a47d2f1288ebe36953f734e84c0a3c",
    "mistake_agent": "Verification_Expert",
    "mistake_step": 1,
    "level": "Hard",
    "subset": "algorithm-generated",
    "question": "What's the smallest house (based on square footage) that has at least 2 beds and 2 baths and was sold in Prince Edward Island between June 1, 2022 and May 15 2024 according to Zillow?"
  },
  "steps": [
    {
      "step_idx": 0,
      "role": "DataAnalysis_Expert",
      "is_mistake": false,
      "scores": {
        "gradnorm_l1_centered": 716.689453125,
        "gradnorm_l1_uncentered": 478.74188232421875,
        "gradnorm_l2_centered": 1.5791419744491577,
        "gradnorm_l2_uncentered": 1.5737426280975342,
        "sal_noref_c1": 0.5536062121391296,
        "sal_noref_c2": 0.4743918776512146,
        "sal_noref_c3": 0.3551274240016937,
        "sal_noref_c4": 0.27973613142967224,
        "sal_noref_c5": 0.22746331989765167,
        "sal_wref_c1": 0.617029070854187,
        "sal_wref_c2": 0.30853065848350525,
        "sal_wref_c3": 0.43117114901542664,
        "sal_wref_c4": 0.3416893780231476,
        "sal_wref_c5": 0.27380627393722534
      }
    },
    {
      "step_idx": 1,
      "role": "Verification_Expert",
      "is_mistake": true,
      "scores": {
        "gradnorm_l1_centered": 601.6092529296875,
        "gradnorm_l1_uncentered": 215.41627502441406,
        "gradnorm_l2_centered": 1.4828344583511353,
        "gradnorm_l2_uncentered": 0.6653745770454407,
        "sal_noref_c1": 0.09389564394950867,
        "sal_noref_c2": 0.09534980356693268,
        "sal_noref_c3": 0.06356856971979141,
        "sal_noref_c4": 0.053340811282396317,
        "sal_noref_c5": 0.04268975928425789,
        "sal_wref_c1": 1.1270726919174194,
        "sal_wref_c2": 0.7222585678100586,
        "sal_wref_c3": 0.5921284556388855,
        "sal_wref_c4": 0.4728955924510956,
        "sal_wref_c5": 0.3798748850822449
      }
    },
    {
      "step_idx": 2,
      "role": "Computer_terminal",
      "is_mistake": false,
      "scores": {
        "gradnorm_l1_centered": 720.7628784179688,
        "gradnorm_l1_uncentered": 533.2234497070312,
        "gradnorm_l2_centered": 1.735014796257019,
        "gradnorm_l2_uncentered": 1.4179280996322632,
        "sal_noref_c1": 0.11965262144804001,
        "sal_noref_c2": 0.4532763659954071,
        "sal_noref_c3": 0.3204350173473358,
        "sal_noref_c4": 0.24228939414024353,
        "sal_noref_c5": 0.19635245203971863,
        "sal_wref_c1": 1.6501209735870361,
        "sal_wref_c2": 0.8191967010498047,
        "sal_wref_c3": 0.5666282773017883,
        "sal_wref_c4": 0.44633394479751587,
        "sal_wref_c5": 0.3660869002342224
      }
    },
    {
      "step_idx": 3,
      "role": "Verification_Expert",
      "is_mistake": false,
      "scores": {
        "gradnorm_l1_centered": 646.1903686523438,
        "gradnorm_l1_uncentered": 286.0308837890625,
        "gradnorm_l2_centered": 1.7401912212371826,
        "gradnorm_l2_uncentered": 0.4896390736103058,
        "sal_noref_c1": 0.004409283399581909,
        "sal_noref_c2": 0.004888466559350491,
        "sal_noref_c3": 0.006884483620524406,
        "sal_noref_c4": 0.006009001284837723,
        "sal_noref_c5": 0.005554917734116316,
        "sal_wref_c1": 1.3939845561981201,
        "sal_wref_c2": 1.081040620803833,
        "sal_wref_c3": 0.8125927448272705,
        "sal_wref_c4": 0.6606929302215576,
        "sal_wref_c5": 0.5313825607299805
      }
    },
    {
      "step_idx": 4,
      "role": "Computer_terminal",
      "is_mistake": false,
      "scores": {
        "gradnorm_l1_centered": 676.4368286132812,
        "gradnorm_l1_uncentered": 342.8295593261719,
        "gradnorm_l2_centered": 1.9606529474258423,
        "gradnorm_l2_uncentered": 0.6732141971588135,
        "sal_noref_c1": 0.009161087684333324,
        "sal_noref_c2": 0.0054655116982758045,
        "sal_noref_c3": 0.022205164656043053,
        "sal_noref_c4": 0.017476864159107208,
        "sal_noref_c5": 0.014215424656867981,
        "sal_wref_c1": 1.6607283353805542,
        "sal_wref_c2": 1.3958876132965088,
        "sal_wref_c3": 0.9939798712730408,
        "sal_wref_c4": 0.7964920997619629,
        "sal_wref_c5": 0.6391110420227051
      }
    },
    {
      "step_idx": 5,
      "role": "RealEstateMarket_Expert",
      "is_mistake": false,
      "scores": {
        "gradnorm_l1_centered": 640.91845703125,
        "gradnorm_l1_uncentered": 478.99029541015625,
        "gradnorm_l2_centered": 1.483669400215149,
        "gradnorm_l2_uncentered": 1.2016664743423462,
        "sal_noref_c1": 0.24383744597434998,
        "sal_noref_c2": 0.19627271592617035,
        "sal_noref_c3": 0.18003062903881073,
        "sal_noref_c4": 0.14304102957248688,
        "sal_noref_c5": 0.12361212074756622,
        "sal_wref_c1": 0.9515455961227417,
        "sal_wref_c2": 0.6089155673980713,
        "sal_wref_c3": 0.41604456305503845,
        "sal_wref_c4": 0.32378098368644714,
        "sal_wref_c5": 0.27641767263412476
      }
    },
    {
      "step_idx": 6,
      "role": "DataAnalysis_Expert",
      "is_mistake": false,
      "scores": {
        "gradnorm_l1_centered": 5761.0888671875,
        "gradnorm_l1_uncentered": 6068.38720703125,
        "gradnorm_l2_centered": 11.417108535766602,
        "gradnorm_l2_uncentered": 12.243080139160156,
        "sal_noref_c1": 58.343284606933594,
        "sal_noref_c2": 29.123565673828125,
        "sal_noref_c3": 19.430883407592773,
        "sal_noref_c4": 15.58608341217041,
        "sal_noref_c5": 15.056772232055664,
        "sal_wref_c1": 37.36803436279297,
        "sal_wref_c2": 20.010276794433594,
        "sal_wref_c3": 13.611140251159668,
        "sal_wref_c4": 10.742596626281738,
        "sal_wref_c5": 12.142414093017578
      }
    }
  ]
}