{
  "config": {
    "subset": "algorithm-generated",
    "weight_config": "/home/hoangpham/exchange/algorithm-generated/k/21"
  },
  "metadata": {
    "filename": "53.json",
    "question_id": "a7feb290-76bb-4cb7-8800-7edaf7954f2f",
    "mistake_agent": "Verification_Expert",
    "mistake_step": 1,
    "level": "2",
    "subset": "algorithm-generated",
    "question": "How many High Energy Physics - Lattice articles listed in January 2020 on Arxiv had ps versions available?"
  },
  "steps": [
    {
      "step_idx": 0,
      "role": "Data_Extraction_Expert",
      "is_mistake": false,
      "scores": {
        "gradnorm_l1_centered": 766.9505615234375,
        "gradnorm_l1_uncentered": 543.3145751953125,
        "gradnorm_l2_centered": 1.815828800201416,
        "gradnorm_l2_uncentered": 1.8987934589385986,
        "sal_noref_c1": 0.7414822578430176,
        "sal_noref_c2": 0.564868688583374,
        "sal_noref_c3": 0.46916463971138,
        "sal_noref_c4": 0.36435186862945557,
        "sal_noref_c5": 0.30571478605270386,
        "sal_wref_c1": 0.44034767150878906,
        "sal_wref_c2": 0.21811647713184357,
        "sal_wref_c3": 0.47207435965538025,
        "sal_wref_c4": 0.37823912501335144,
        "sal_wref_c5": 0.3103540241718292
      }
    },
    {
      "step_idx": 1,
      "role": "Verification_Expert",
      "is_mistake": true,
      "scores": {
        "gradnorm_l1_centered": 695.9764404296875,
        "gradnorm_l1_uncentered": 497.45843505859375,
        "gradnorm_l2_centered": 1.504355788230896,
        "gradnorm_l2_uncentered": 1.3912936449050903,
        "sal_noref_c1": 0.5230023264884949,
        "sal_noref_c2": 0.2669854164123535,
        "sal_noref_c3": 0.17861957848072052,
        "sal_noref_c4": 0.1724100559949875,
        "sal_noref_c5": 0.14648297429084778,
        "sal_wref_c1": 0.3990325927734375,
        "sal_wref_c2": 0.39538121223449707,
        "sal_wref_c3": 0.40027689933776855,
        "sal_wref_c4": 0.30316850543022156,
        "sal_wref_c5": 0.24842830002307892
      }
    },
    {
      "step_idx": 2,
      "role": "Computer_terminal",
      "is_mistake": false,
      "scores": {
        "gradnorm_l1_centered": 4815.14208984375,
        "gradnorm_l1_uncentered": 5055.44921875,
        "gradnorm_l2_centered": 12.861329078674316,
        "gradnorm_l2_uncentered": 13.860105514526367,
        "sal_noref_c1": 33.04680633544922,
        "sal_noref_c2": 54.72059631347656,
        "sal_noref_c3": 38.75578308105469,
        "sal_noref_c4": 29.190031051635742,
        "sal_noref_c5": 23.566495895385742,
        "sal_wref_c1": 0.005707190837711096,
        "sal_wref_c2": 35.250091552734375,
        "sal_wref_c3": 28.459556579589844,
        "sal_wref_c4": 22.30939292907715,
        "sal_wref_c5": 18.239900588989258
      }
    },
    {
      "step_idx": 3,
      "role": "Verification_Expert",
      "is_mistake": false,
      "scores": {
        "gradnorm_l1_centered": 1117.031005859375,
        "gradnorm_l1_uncentered": 1146.3935546875,
        "gradnorm_l2_centered": 2.395977020263672,
        "gradnorm_l2_uncentered": 2.9166688919067383,
        "sal_noref_c1": 2.5763986110687256,
        "sal_noref_c2": 1.3064489364624023,
        "sal_noref_c3": 0.8788807988166809,
        "sal_noref_c4": 0.7728279829025269,
        "sal_noref_c5": 0.6209937334060669,
        "sal_wref_c1": 0.011310302652418613,
        "sal_wref_c2": 0.02703646942973137,
        "sal_wref_c3": 0.1558852195739746,
        "sal_wref_c4": 0.1330421417951584,
        "sal_wref_c5": 0.10662515461444855
      }
    },
    {
      "step_idx": 4,
      "role": "Verification_Expert",
      "is_mistake": false,
      "scores": {
        "gradnorm_l1_centered": 9585.833984375,
        "gradnorm_l1_uncentered": 9926.947265625,
        "gradnorm_l2_centered": 19.219608306884766,
        "gradnorm_l2_uncentered": 20.15632438659668,
        "sal_noref_c1": 169.32557678222656,
        "sal_noref_c2": 84.22162628173828,
        "sal_noref_c3": 56.16994857788086,
        "sal_noref_c4": 49.83039855957031,
        "sal_noref_c5": 49.632118225097656,
        "sal_wref_c1": 111.20193481445312,
        "sal_wref_c2": 69.02482604980469,
        "sal_wref_c3": 49.433345794677734,
        "sal_wref_c4": 41.05782699584961,
        "sal_wref_c5": 42.68815231323242
      }
    }
  ]
}