{
  "config": {
    "subset": "algorithm-generated",
    "weight_config": "/home/hoangpham/exchange/algorithm-generated/k/21"
  },
  "metadata": {
    "filename": "105.json",
    "question_id": "b36ef2d8f2643b80e74a44ce3403f674ecb2aed7fd36afeaa289061a59feef92",
    "mistake_agent": "Verification_Expert",
    "mistake_step": 6,
    "level": "Hard",
    "subset": "algorithm-generated",
    "question": "Which gyms near Tompkins Square Park (<200m) have fitness classes before 7am?"
  },
  "steps": [
    {
      "step_idx": 0,
      "role": "Local_Knowledge_Expert",
      "is_mistake": false,
      "scores": {
        "gradnorm_l1_centered": 745.4735107421875,
        "gradnorm_l1_uncentered": 499.96746826171875,
        "gradnorm_l2_centered": 1.7317496538162231,
        "gradnorm_l2_uncentered": 1.6342806816101074,
        "sal_noref_c1": 0.5101363062858582,
        "sal_noref_c2": 0.4442419409751892,
        "sal_noref_c3": 0.37427791953086853,
        "sal_noref_c4": 0.28580498695373535,
        "sal_noref_c5": 0.2355896532535553,
        "sal_wref_c1": 0.6057928204536438,
        "sal_wref_c2": 0.3015570044517517,
        "sal_wref_c3": 0.4963572025299072,
        "sal_wref_c4": 0.4073227643966675,
        "sal_wref_c5": 0.3277057409286499
      }
    },
    {
      "step_idx": 1,
      "role": "Local_Knowledge_Expert",
      "is_mistake": false,
      "scores": {
        "gradnorm_l1_centered": 636.0776977539062,
        "gradnorm_l1_uncentered": 327.50177001953125,
        "gradnorm_l2_centered": 1.5688838958740234,
        "gradnorm_l2_uncentered": 0.9138051271438599,
        "sal_noref_c1": 0.1744837462902069,
        "sal_noref_c2": 0.09059078991413116,
        "sal_noref_c3": 0.06749970465898514,
        "sal_noref_c4": 0.058264490216970444,
        "sal_noref_c5": 0.04664144665002823,
        "sal_wref_c1": 0.7380731701850891,
        "sal_wref_c2": 0.6210939884185791,
        "sal_wref_c3": 0.595891535282135,
        "sal_wref_c4": 0.47922343015670776,
        "sal_wref_c5": 0.383673757314682
      }
    },
    {
      "step_idx": 2,
      "role": "Computer_terminal",
      "is_mistake": false,
      "scores": {
        "gradnorm_l1_centered": 3075.31787109375,
        "gradnorm_l1_uncentered": 3230.314453125,
        "gradnorm_l2_centered": 7.113661289215088,
        "gradnorm_l2_uncentered": 7.657451152801514,
        "sal_noref_c1": 2.292203426361084,
        "sal_noref_c2": 6.177520751953125,
        "sal_noref_c3": 6.274529933929443,
        "sal_noref_c4": 5.477702617645264,
        "sal_noref_c5": 4.384355068206787,
        "sal_wref_c1": 2.653310775756836,
        "sal_wref_c2": 2.796384572982788,
        "sal_wref_c3": 3.304497480392456,
        "sal_wref_c4": 3.4242446422576904,
        "sal_wref_c5": 2.749056577682495
      }
    },
    {
      "step_idx": 3,
      "role": "Fitness_Expert",
      "is_mistake": false,
      "scores": {
        "gradnorm_l1_centered": 678.7139892578125,
        "gradnorm_l1_uncentered": 427.5587158203125,
        "gradnorm_l2_centered": 1.5918176174163818,
        "gradnorm_l2_uncentered": 0.952303946018219,
        "sal_noref_c1": 0.06621033698320389,
        "sal_noref_c2": 0.08796174079179764,
        "sal_noref_c3": 0.0855354443192482,
        "sal_noref_c4": 0.08465667068958282,
        "sal_noref_c5": 0.06788421422243118,
        "sal_wref_c1": 1.340516209602356,
        "sal_wref_c2": 0.8722591400146484,
        "sal_wref_c3": 0.6192832589149475,
        "sal_wref_c4": 0.47111523151397705,
        "sal_wref_c5": 0.3778795301914215
      }
    },
    {
      "step_idx": 4,
      "role": "Fitness_Expert",
      "is_mistake": false,
      "scores": {
        "gradnorm_l1_centered": 766.005859375,
        "gradnorm_l1_uncentered": 663.691650390625,
        "gradnorm_l2_centered": 1.6628813743591309,
        "gradnorm_l2_uncentered": 1.5812709331512451,
        "sal_noref_c1": 0.49463096261024475,
        "sal_noref_c2": 0.24954985082149506,
        "sal_noref_c3": 0.17912667989730835,
        "sal_noref_c4": 0.18830585479736328,
        "sal_noref_c5": 0.15218958258628845,
        "sal_wref_c1": 0.4415065348148346,
        "sal_wref_c2": 0.47675275802612305,
        "sal_wref_c3": 0.3791293203830719,
        "sal_wref_c4": 0.28436043858528137,
        "sal_wref_c5": 0.2299007624387741
      }
    },
    {
      "step_idx": 5,
      "role": "Local_Knowledge_Expert",
      "is_mistake": false,
      "scores": {
        "gradnorm_l1_centered": 702.6599731445312,
        "gradnorm_l1_uncentered": 613.512939453125,
        "gradnorm_l2_centered": 1.4243699312210083,
        "gradnorm_l2_uncentered": 1.4257138967514038,
        "sal_noref_c1": 0.53145432472229,
        "sal_noref_c2": 0.3264354169368744,
        "sal_noref_c3": 0.24725519120693207,
        "sal_noref_c4": 0.21025468409061432,
        "sal_noref_c5": 0.16839803755283356,
        "sal_wref_c1": 0.5637991428375244,
        "sal_wref_c2": 0.3858627676963806,
        "sal_wref_c3": 0.27797603607177734,
        "sal_wref_c4": 0.20995648205280304,
        "sal_wref_c5": 0.1690879464149475
      }
    },
    {
      "step_idx": 6,
      "role": "Verification_Expert",
      "is_mistake": true,
      "scores": {
        "gradnorm_l1_centered": 1406.085205078125,
        "gradnorm_l1_uncentered": 1615.4287109375,
        "gradnorm_l2_centered": 3.303192615509033,
        "gradnorm_l2_uncentered": 4.3482537269592285,
        "sal_noref_c1": 9.90108871459961,
        "sal_noref_c2": 4.958516597747803,
        "sal_noref_c3": 3.3229639530181885,
        "sal_noref_c4": 2.7368223667144775,
        "sal_noref_c5": 2.220552682876587,
        "sal_wref_c1": 2.1345725059509277,
        "sal_wref_c2": 1.1444363594055176,
        "sal_wref_c3": 0.8465127348899841,
        "sal_wref_c4": 0.7769748568534851,
        "sal_wref_c5": 0.6504882574081421
      }
    },
    {
      "step_idx": 7,
      "role": "Verification_Expert",
      "is_mistake": false,
      "scores": {
        "gradnorm_l1_centered": 7399.9130859375,
        "gradnorm_l1_uncentered": 7742.99072265625,
        "gradnorm_l2_centered": 14.65257740020752,
        "gradnorm_l2_uncentered": 15.178032875061035,
        "sal_noref_c1": 55.063758850097656,
        "sal_noref_c2": 55.968788146972656,
        "sal_noref_c3": 40.76530456542969,
        "sal_noref_c4": 31.346134185791016,
        "sal_noref_c5": 26.2014102935791,
        "sal_wref_c1": 69.03878021240234,
        "sal_wref_c2": 49.578853607177734,
        "sal_wref_c3": 36.05459213256836,
        "sal_wref_c4": 27.60373878479004,
        "sal_wref_c5": 22.71457290649414
      }
    }
  ]
}