{
  "config": {
    "subset": "algorithm-generated",
    "weight_config": "/home/hoangpham/exchange/algorithm-generated/k/21"
  },
  "metadata": {
    "filename": "65.json",
    "question_id": "05407167-39ec-4d3a-a234-73a9120c325d",
    "mistake_agent": "VideoContentAnalysis_Expert",
    "mistake_step": 1,
    "level": "2",
    "subset": "algorithm-generated",
    "question": "In the 2018 VSCode blog post on replit.com, what was the command they clicked on in the last video to remove extra lines?"
  },
  "steps": [
    {
      "step_idx": 0,
      "role": "VSCode_Expert",
      "is_mistake": false,
      "scores": {
        "gradnorm_l1_centered": 741.099365234375,
        "gradnorm_l1_uncentered": 518.55517578125,
        "gradnorm_l2_centered": 1.7200452089309692,
        "gradnorm_l2_uncentered": 1.8770760297775269,
        "sal_noref_c1": 0.8503866195678711,
        "sal_noref_c2": 0.6922186017036438,
        "sal_noref_c3": 0.5492291450500488,
        "sal_noref_c4": 0.4244926869869232,
        "sal_noref_c5": 0.34749847650527954,
        "sal_wref_c1": 0.4220229387283325,
        "sal_wref_c2": 0.2151455283164978,
        "sal_wref_c3": 0.4405563771724701,
        "sal_wref_c4": 0.35014471411705017,
        "sal_wref_c5": 0.28359609842300415
      }
    },
    {
      "step_idx": 1,
      "role": "VideoContentAnalysis_Expert",
      "is_mistake": true,
      "scores": {
        "gradnorm_l1_centered": 732.516845703125,
        "gradnorm_l1_uncentered": 596.0989990234375,
        "gradnorm_l2_centered": 1.5355842113494873,
        "gradnorm_l2_uncentered": 1.7491328716278076,
        "sal_noref_c1": 0.6866964101791382,
        "sal_noref_c2": 0.7357125282287598,
        "sal_noref_c3": 0.4916900098323822,
        "sal_noref_c4": 0.4002031087875366,
        "sal_noref_c5": 0.3228132426738739,
        "sal_wref_c1": 0.726412296295166,
        "sal_wref_c2": 0.36734092235565186,
        "sal_wref_c3": 0.3357510566711426,
        "sal_wref_c4": 0.25267237424850464,
        "sal_wref_c5": 0.2113019973039627
      }
    },
    {
      "step_idx": 2,
      "role": "Computer_terminal",
      "is_mistake": false,
      "scores": {
        "gradnorm_l1_centered": 1282.4913330078125,
        "gradnorm_l1_uncentered": 1254.219970703125,
        "gradnorm_l2_centered": 2.859290838241577,
        "gradnorm_l2_uncentered": 3.3501758575439453,
        "sal_noref_c1": 1.6301465034484863,
        "sal_noref_c2": 1.4280930757522583,
        "sal_noref_c3": 1.021470546722412,
        "sal_noref_c4": 1.0685102939605713,
        "sal_noref_c5": 0.8563381433486938,
        "sal_wref_c1": 0.4188777804374695,
        "sal_wref_c2": 0.2606285810470581,
        "sal_wref_c3": 0.17485760152339935,
        "sal_wref_c4": 0.30741792917251587,
        "sal_wref_c5": 0.24906706809997559
      }
    },
    {
      "step_idx": 3,
      "role": "VideoContentAnalysis_Expert",
      "is_mistake": false,
      "scores": {
        "gradnorm_l1_centered": 966.2528076171875,
        "gradnorm_l1_uncentered": 847.8230590820312,
        "gradnorm_l2_centered": 2.0032973289489746,
        "gradnorm_l2_uncentered": 1.7579327821731567,
        "sal_noref_c1": 0.18985708057880402,
        "sal_noref_c2": 0.4027019441127777,
        "sal_noref_c3": 0.2684943974018097,
        "sal_noref_c4": 0.201408252120018,
        "sal_noref_c5": 0.16311417520046234,
        "sal_wref_c1": 1.292138695716858,
        "sal_wref_c2": 0.6461309194564819,
        "sal_wref_c3": 0.5067107081413269,
        "sal_wref_c4": 0.4255028963088989,
        "sal_wref_c5": 0.34222063422203064
      }
    },
    {
      "step_idx": 4,
      "role": "VideoContentAnalysis_Expert",
      "is_mistake": false,
      "scores": {
        "gradnorm_l1_centered": 1207.6636962890625,
        "gradnorm_l1_uncentered": 1314.2371826171875,
        "gradnorm_l2_centered": 2.427290201187134,
        "gradnorm_l2_uncentered": 2.847677230834961,
        "sal_noref_c1": 1.3185955286026,
        "sal_noref_c2": 1.5253729820251465,
        "sal_noref_c3": 1.0445945262908936,
        "sal_noref_c4": 0.7958877682685852,
        "sal_noref_c5": 0.6487027406692505,
        "sal_wref_c1": 0.5761663317680359,
        "sal_wref_c2": 0.4642430543899536,
        "sal_wref_c3": 0.3096884787082672,
        "sal_wref_c4": 0.2956087291240692,
        "sal_wref_c5": 0.2641488015651703
      }
    },
    {
      "step_idx": 5,
      "role": "VideoContentAnalysis_Expert",
      "is_mistake": false,
      "scores": {
        "gradnorm_l1_centered": 5583.6904296875,
        "gradnorm_l1_uncentered": 5855.2392578125,
        "gradnorm_l2_centered": 12.387225151062012,
        "gradnorm_l2_uncentered": 13.354209899902344,
        "sal_noref_c1": 48.640201568603516,
        "sal_noref_c2": 47.049644470214844,
        "sal_noref_c3": 31.921815872192383,
        "sal_noref_c4": 24.811372756958008,
        "sal_noref_c5": 19.979576110839844,
        "sal_wref_c1": 6.130743980407715,
        "sal_wref_c2": 35.83970260620117,
        "sal_wref_c3": 23.9903564453125,
        "sal_wref_c4": 18.378957748413086,
        "sal_wref_c5": 14.876005172729492
      }
    }
  ]
}