{
  "config": {
    "subset": "algorithm-generated",
    "weight_config": "/home/hoangpham/exchange/algorithm-generated/k/34"
  },
  "metadata": {
    "filename": "81.json",
    "question_id": "a56f1527-3abf-41d6-91f8-7296d6336c3f",
    "mistake_agent": "DataVerification_Expert",
    "mistake_step": 5,
    "level": "2",
    "subset": "algorithm-generated",
    "question": "The cover of the August 2021 issue of Vogue shows a famous landmark in the background behind some trees. How tall is this monument in yards, rounded to the nearest yard? Give the number only."
  },
  "steps": [
    {
      "step_idx": 0,
      "role": "Fashion_Vogue_Expert",
      "is_mistake": false,
      "scores": {
        "gradnorm_l1_centered": 1010.2152709960938,
        "gradnorm_l1_uncentered": 551.5256958007812,
        "gradnorm_l2_centered": 1.9930411577224731,
        "gradnorm_l2_uncentered": 1.2414690256118774,
        "sal_noref_c1": 0.34723982214927673,
        "sal_noref_c2": 0.18077263236045837,
        "sal_noref_c3": 0.12561888992786407,
        "sal_noref_c4": 0.10744430124759674,
        "sal_noref_c5": 0.0877019464969635,
        "sal_wref_c1": 2.9127068519592285,
        "sal_wref_c2": 1.449923038482666,
        "sal_wref_c3": 0.9685781002044678,
        "sal_wref_c4": 0.7405926585197449,
        "sal_wref_c5": 0.5925154685974121
      }
    },
    {
      "step_idx": 1,
      "role": "Fashion_Vogue_Expert",
      "is_mistake": false,
      "scores": {
        "gradnorm_l1_centered": 1824.9075927734375,
        "gradnorm_l1_uncentered": 2092.20458984375,
        "gradnorm_l2_centered": 2.9673447608947754,
        "gradnorm_l2_uncentered": 3.517066717147827,
        "sal_noref_c1": 3.4432032108306885,
        "sal_noref_c2": 1.7326972484588623,
        "sal_noref_c3": 1.279396653175354,
        "sal_noref_c4": 1.1833906173706055,
        "sal_noref_c5": 0.9648968577384949,
        "sal_wref_c1": 0.22676309943199158,
        "sal_wref_c2": 0.11806780844926834,
        "sal_wref_c3": 0.1811666339635849,
        "sal_wref_c4": 0.35303637385368347,
        "sal_wref_c5": 0.31380072236061096
      }
    },
    {
      "step_idx": 2,
      "role": "Geography_Expert",
      "is_mistake": false,
      "scores": {
        "gradnorm_l1_centered": 3124.221435546875,
        "gradnorm_l1_uncentered": 3629.41650390625,
        "gradnorm_l2_centered": 7.728976249694824,
        "gradnorm_l2_uncentered": 8.980597496032715,
        "sal_noref_c1": 30.81183433532715,
        "sal_noref_c2": 20.636690139770508,
        "sal_noref_c3": 14.510584831237793,
        "sal_noref_c4": 11.150031089782715,
        "sal_noref_c5": 9.797134399414062,
        "sal_wref_c1": 9.778447151184082,
        "sal_wref_c2": 10.182357788085938,
        "sal_wref_c3": 7.569087505340576,
        "sal_wref_c4": 5.8730645179748535,
        "sal_wref_c5": 6.117154121398926
      }
    },
    {
      "step_idx": 3,
      "role": "Computer_terminal",
      "is_mistake": false,
      "scores": {
        "gradnorm_l1_centered": 3744.08544921875,
        "gradnorm_l1_uncentered": 4336.30810546875,
        "gradnorm_l2_centered": 9.700536727905273,
        "gradnorm_l2_uncentered": 11.051897048950195,
        "sal_noref_c1": 50.80734634399414,
        "sal_noref_c2": 36.20940399169922,
        "sal_noref_c3": 24.152002334594727,
        "sal_noref_c4": 18.52739715576172,
        "sal_noref_c5": 15.003244400024414,
        "sal_wref_c1": 22.150558471679688,
        "sal_wref_c2": 22.155563354492188,
        "sal_wref_c3": 14.78110122680664,
        "sal_wref_c4": 11.332877159118652,
        "sal_wref_c5": 9.379151344299316
      }
    },
    {
      "step_idx": 4,
      "role": "Fashion_Vogue_Expert",
      "is_mistake": false,
      "scores": {
        "gradnorm_l1_centered": 1580.3978271484375,
        "gradnorm_l1_uncentered": 1914.919189453125,
        "gradnorm_l2_centered": 2.802253007888794,
        "gradnorm_l2_uncentered": 3.6416637897491455,
        "sal_noref_c1": 5.1224446296691895,
        "sal_noref_c2": 3.268975257873535,
        "sal_noref_c3": 2.1887571811676025,
        "sal_noref_c4": 1.711073398590088,
        "sal_noref_c5": 1.4042079448699951,
        "sal_wref_c1": 0.005199230741709471,
        "sal_wref_c2": 0.6433486938476562,
        "sal_wref_c3": 0.44422706961631775,
        "sal_wref_c4": 0.3950805962085724,
        "sal_wref_c5": 0.40349096059799194
      }
    },
    {
      "step_idx": 5,
      "role": "DataVerification_Expert",
      "is_mistake": true,
      "scores": {
        "gradnorm_l1_centered": 1790.7840576171875,
        "gradnorm_l1_uncentered": 2260.376953125,
        "gradnorm_l2_centered": 3.8698573112487793,
        "gradnorm_l2_uncentered": 5.087632179260254,
        "sal_noref_c1": 11.596861839294434,
        "sal_noref_c2": 6.868386268615723,
        "sal_noref_c3": 4.882784366607666,
        "sal_noref_c4": 3.9481115341186523,
        "sal_noref_c5": 3.1621525287628174,
        "sal_wref_c1": 1.0459731817245483,
        "sal_wref_c2": 1.5360772609710693,
        "sal_wref_c3": 1.2967451810836792,
        "sal_wref_c4": 1.2071350812911987,
        "sal_wref_c5": 0.9665319323539734
      }
    },
    {
      "step_idx": 6,
      "role": "Geography_Expert",
      "is_mistake": false,
      "scores": {
        "gradnorm_l1_centered": 1419.42578125,
        "gradnorm_l1_uncentered": 1761.5853271484375,
        "gradnorm_l2_centered": 2.8888988494873047,
        "gradnorm_l2_uncentered": 3.698683738708496,
        "sal_noref_c1": 5.1196465492248535,
        "sal_noref_c2": 2.8716440200805664,
        "sal_noref_c3": 2.0709054470062256,
        "sal_noref_c4": 1.9197232723236084,
        "sal_noref_c5": 1.5429645776748657,
        "sal_wref_c1": 0.0035209637135267258,
        "sal_wref_c2": 0.2732178866863251,
        "sal_wref_c3": 0.32038378715515137,
        "sal_wref_c4": 0.5536379814147949,
        "sal_wref_c5": 0.4545777440071106
      }
    },
    {
      "step_idx": 7,
      "role": "DataVerification_Expert",
      "is_mistake": false,
      "scores": {
        "gradnorm_l1_centered": 1545.9278564453125,
        "gradnorm_l1_uncentered": 2020.45263671875,
        "gradnorm_l2_centered": 2.9455018043518066,
        "gradnorm_l2_uncentered": 4.047184467315674,
        "sal_noref_c1": 7.957065105438232,
        "sal_noref_c2": 4.080875396728516,
        "sal_noref_c3": 2.76206111907959,
        "sal_noref_c4": 2.6042380332946777,
        "sal_noref_c5": 2.0971016883850098,
        "sal_wref_c1": 0.28163474798202515,
        "sal_wref_c2": 0.2358192354440689,
        "sal_wref_c3": 0.19598139822483063,
        "sal_wref_c4": 0.6042506694793701,
        "sal_wref_c5": 0.5141044855117798
      }
    },
    {
      "step_idx": 8,
      "role": "DataVerification_Expert",
      "is_mistake": false,
      "scores": {
        "gradnorm_l1_centered": 11601.9599609375,
        "gradnorm_l1_uncentered": 12289.3984375,
        "gradnorm_l2_centered": 23.17426872253418,
        "gradnorm_l2_uncentered": 24.764543533325195,
        "sal_noref_c1": 327.1767578125,
        "sal_noref_c2": 164.85765075683594,
        "sal_noref_c3": 109.9910659790039,
        "sal_noref_c4": 92.6685791015625,
        "sal_noref_c5": 81.30105590820312,
        "sal_wref_c1": 255.81649780273438,
        "sal_wref_c2": 128.86050415039062,
        "sal_wref_c3": 86.08948516845703,
        "sal_wref_c4": 74.86348724365234,
        "sal_wref_c5": 73.4153060913086
      }
    }
  ]
}