{
  "config": {
    "subset": "algorithm-generated",
    "weight_config": "/home/hoangpham/exchange/algorithm-generated/k/34"
  },
  "metadata": {
    "filename": "108.json",
    "question_id": "cca4776df3c73e7f9430a2e624aafad056b14322a0b7ca6c0c22b7e7f3f0890a",
    "mistake_agent": "Corporate_Governance_Expert",
    "mistake_step": 8,
    "level": "Hard",
    "subset": "algorithm-generated",
    "question": "Which member of Apple\u2019s Board of Directors did not hold C-suite positions at their companies when they joined the board?"
  },
  "steps": [
    {
      "step_idx": 0,
      "role": "Corporate_Governance_Expert",
      "is_mistake": false,
      "scores": {
        "gradnorm_l1_centered": 1017.8916015625,
        "gradnorm_l1_uncentered": 497.593994140625,
        "gradnorm_l2_centered": 2.006951093673706,
        "gradnorm_l2_uncentered": 1.039372444152832,
        "sal_noref_c1": 0.22897139191627502,
        "sal_noref_c2": 0.12927460670471191,
        "sal_noref_c3": 0.08678356558084488,
        "sal_noref_c4": 0.06890444457530975,
        "sal_noref_c5": 0.0565364770591259,
        "sal_wref_c1": 3.2972238063812256,
        "sal_wref_c2": 1.6429634094238281,
        "sal_wref_c3": 1.095322608947754,
        "sal_wref_c4": 0.8269978761672974,
        "sal_wref_c5": 0.661827802658081
      }
    },
    {
      "step_idx": 1,
      "role": "WebServing_Expert",
      "is_mistake": false,
      "scores": {
        "gradnorm_l1_centered": 959.5103759765625,
        "gradnorm_l1_uncentered": 323.7080993652344,
        "gradnorm_l2_centered": 2.010061740875244,
        "gradnorm_l2_uncentered": 0.8534416556358337,
        "sal_noref_c1": 0.1692284196615219,
        "sal_noref_c2": 0.13949967920780182,
        "sal_noref_c3": 0.09871309995651245,
        "sal_noref_c4": 0.07671748846769333,
        "sal_noref_c5": 0.06316449493169785,
        "sal_wref_c1": 3.5138652324676514,
        "sal_wref_c2": 1.7725319862365723,
        "sal_wref_c3": 1.1927896738052368,
        "sal_wref_c4": 0.8995360732078552,
        "sal_wref_c5": 0.7242650985717773
      }
    },
    {
      "step_idx": 2,
      "role": "Corporate_Governance_Expert",
      "is_mistake": false,
      "scores": {
        "gradnorm_l1_centered": 882.234130859375,
        "gradnorm_l1_uncentered": 597.6639404296875,
        "gradnorm_l2_centered": 1.7923078536987305,
        "gradnorm_l2_uncentered": 1.3220648765563965,
        "sal_noref_c1": 0.6744500994682312,
        "sal_noref_c2": 0.34009766578674316,
        "sal_noref_c3": 0.2685199975967407,
        "sal_noref_c4": 0.2074957638978958,
        "sal_noref_c5": 0.17645126581192017,
        "sal_wref_c1": 2.1271965503692627,
        "sal_wref_c2": 1.0736136436462402,
        "sal_wref_c3": 0.7689312100410461,
        "sal_wref_c4": 0.5797268748283386,
        "sal_wref_c5": 0.47083038091659546
      }
    },
    {
      "step_idx": 3,
      "role": "WebServing_Expert",
      "is_mistake": false,
      "scores": {
        "gradnorm_l1_centered": 1006.226806640625,
        "gradnorm_l1_uncentered": 145.02383422851562,
        "gradnorm_l2_centered": 2.181347131729126,
        "gradnorm_l2_uncentered": 0.4065689444541931,
        "sal_noref_c1": 0.020787902176380157,
        "sal_noref_c2": 0.014984102919697762,
        "sal_noref_c3": 0.010420563630759716,
        "sal_noref_c4": 0.0078196469694376,
        "sal_noref_c5": 0.006371590308845043,
        "sal_wref_c1": 4.538225173950195,
        "sal_wref_c2": 2.253645896911621,
        "sal_wref_c3": 1.5049715042114258,
        "sal_wref_c4": 1.1291353702545166,
        "sal_wref_c5": 0.9033159017562866
      }
    },
    {
      "step_idx": 4,
      "role": "DataVerification_Expert",
      "is_mistake": false,
      "scores": {
        "gradnorm_l1_centered": 951.90966796875,
        "gradnorm_l1_uncentered": 297.99456787109375,
        "gradnorm_l2_centered": 2.1282241344451904,
        "gradnorm_l2_uncentered": 0.580847978591919,
        "sal_noref_c1": 0.051748692989349365,
        "sal_noref_c2": 0.026371294632554054,
        "sal_noref_c3": 0.017700372263789177,
        "sal_noref_c4": 0.013309860602021217,
        "sal_noref_c5": 0.01066279411315918,
        "sal_wref_c1": 4.203418731689453,
        "sal_wref_c2": 2.0914435386657715,
        "sal_wref_c3": 1.3960037231445312,
        "sal_wref_c4": 1.0474894046783447,
        "sal_wref_c5": 0.8381044268608093
      }
    },
    {
      "step_idx": 5,
      "role": "Computer_terminal",
      "is_mistake": false,
      "scores": {
        "gradnorm_l1_centered": 877.16259765625,
        "gradnorm_l1_uncentered": 391.0765380859375,
        "gradnorm_l2_centered": 1.8576741218566895,
        "gradnorm_l2_uncentered": 0.9684360027313232,
        "sal_noref_c1": 0.35074833035469055,
        "sal_noref_c2": 0.1768461912870407,
        "sal_noref_c3": 0.12513776123523712,
        "sal_noref_c4": 0.10132486373186111,
        "sal_noref_c5": 0.08629536628723145,
        "sal_wref_c1": 2.8484554290771484,
        "sal_wref_c2": 1.4163033962249756,
        "sal_wref_c3": 0.9570021033287048,
        "sal_wref_c4": 0.7213920950889587,
        "sal_wref_c5": 0.5836220383644104
      }
    },
    {
      "step_idx": 6,
      "role": "DataVerification_Expert",
      "is_mistake": false,
      "scores": {
        "gradnorm_l1_centered": 933.9251708984375,
        "gradnorm_l1_uncentered": 419.9583435058594,
        "gradnorm_l2_centered": 2.024951457977295,
        "gradnorm_l2_uncentered": 0.785165548324585,
        "sal_noref_c1": 0.14586573839187622,
        "sal_noref_c2": 0.07579819858074188,
        "sal_noref_c3": 0.051785681396722794,
        "sal_noref_c4": 0.04030085727572441,
        "sal_noref_c5": 0.03243032842874527,
        "sal_wref_c1": 3.5939040184020996,
        "sal_wref_c2": 1.8045295476913452,
        "sal_wref_c3": 1.203049659729004,
        "sal_wref_c4": 0.9054194688796997,
        "sal_wref_c5": 0.7243730425834656
      }
    },
    {
      "step_idx": 7,
      "role": "WebServing_Expert",
      "is_mistake": false,
      "scores": {
        "gradnorm_l1_centered": 957.4435424804688,
        "gradnorm_l1_uncentered": 242.54286193847656,
        "gradnorm_l2_centered": 1.9956399202346802,
        "gradnorm_l2_uncentered": 0.621110737323761,
        "sal_noref_c1": 0.1328240931034088,
        "sal_noref_c2": 0.06654247641563416,
        "sal_noref_c3": 0.05854026600718498,
        "sal_noref_c4": 0.04667821526527405,
        "sal_noref_c5": 0.04261786490678787,
        "sal_wref_c1": 3.6407322883605957,
        "sal_wref_c2": 1.8127641677856445,
        "sal_wref_c3": 1.2299772500991821,
        "sal_wref_c4": 0.9234607815742493,
        "sal_wref_c5": 0.7422680854797363
      }
    },
    {
      "step_idx": 8,
      "role": "Corporate_Governance_Expert",
      "is_mistake": true,
      "scores": {
        "gradnorm_l1_centered": 984.8108520507812,
        "gradnorm_l1_uncentered": 328.0067138671875,
        "gradnorm_l2_centered": 2.200021743774414,
        "gradnorm_l2_uncentered": 0.6932153105735779,
        "sal_noref_c1": 0.035845499485731125,
        "sal_noref_c2": 0.018264247104525566,
        "sal_noref_c3": 0.015851756557822227,
        "sal_noref_c4": 0.012296462431550026,
        "sal_noref_c5": 0.010820874944329262,
        "sal_wref_c1": 4.364938259124756,
        "sal_wref_c2": 2.1775410175323486,
        "sal_wref_c3": 1.4524917602539062,
        "sal_wref_c4": 1.0895905494689941,
        "sal_wref_c5": 0.8725956678390503
      }
    },
    {
      "step_idx": 9,
      "role": "Corporate_Governance_Expert",
      "is_mistake": false,
      "scores": {
        "gradnorm_l1_centered": 2250.234619140625,
        "gradnorm_l1_uncentered": 2741.06103515625,
        "gradnorm_l2_centered": 4.387868404388428,
        "gradnorm_l2_uncentered": 5.026737213134766,
        "sal_noref_c1": 6.223956108093262,
        "sal_noref_c2": 4.055704593658447,
        "sal_noref_c3": 2.9890029430389404,