{
  "config": {
    "subset": "algorithm-generated",
    "weight_config": "/home/hoangpham/exchange/algorithm-generated/k/34"
  },
  "metadata": {
    "filename": "86.json",
    "question_id": "72e110e7-464c-453c-a309-90a95aed6538",
    "mistake_agent": "Library_Database_Expert",
    "mistake_step": 0,
    "level": "1",
    "subset": "algorithm-generated",
    "question": "Under DDC 633 on Bielefeld University Library's BASE, as of 2020, from what country was the unknown language article with a flag unique from the others?"
  },
  "steps": [
    {
      "step_idx": 0,
      "role": "Library_Database_Expert",
      "is_mistake": true,
      "scores": {
        "gradnorm_l1_centered": 975.2891845703125,
        "gradnorm_l1_uncentered": 246.69192504882812,
        "gradnorm_l2_centered": 2.053337574005127,
        "gradnorm_l2_uncentered": 0.5631827116012573,
        "sal_noref_c1": 0.08167377859354019,
        "sal_noref_c2": 0.05225086957216263,
        "sal_noref_c3": 0.03502311185002327,
        "sal_noref_c4": 0.02651909366250038,
        "sal_noref_c5": 0.0212340597063303,
        "sal_wref_c1": 3.9868035316467285,
        "sal_wref_c2": 1.983129620552063,
        "sal_wref_c3": 1.3223057985305786,
        "sal_wref_c4": 0.992802619934082,
        "sal_wref_c5": 0.7943198680877686
      }
    },
    {
      "step_idx": 1,
      "role": "Computer_terminal",
      "is_mistake": false,
      "scores": {
        "gradnorm_l1_centered": 1021.7973022460938,
        "gradnorm_l1_uncentered": 256.3756103515625,
        "gradnorm_l2_centered": 2.1381232738494873,
        "gradnorm_l2_uncentered": 0.41589075326919556,
        "sal_noref_c1": 0.0385080948472023,
        "sal_noref_c2": 0.02924284338951111,
        "sal_noref_c3": 0.01961085945367813,
        "sal_noref_c4": 0.01479326281696558,
        "sal_noref_c5": 0.012182014063000679,
        "sal_wref_c1": 4.2931060791015625,
        "sal_wref_c2": 2.132702589035034,
        "sal_wref_c3": 1.4220452308654785,
        "sal_wref_c4": 1.067387580871582,
        "sal_wref_c5": 0.8541377782821655
      }
    },
    {
      "step_idx": 2,
      "role": "NaturalLanguageProcessing_Expert",
      "is_mistake": false,
      "scores": {
        "gradnorm_l1_centered": 878.8291015625,
        "gradnorm_l1_uncentered": 463.762451171875,
        "gradnorm_l2_centered": 1.8212110996246338,
        "gradnorm_l2_uncentered": 0.9005454778671265,
        "sal_noref_c1": 0.35915467143058777,
        "sal_noref_c2": 0.18802687525749207,
        "sal_noref_c3": 0.12633885443210602,
        "sal_noref_c4": 0.09614939987659454,
        "sal_noref_c5": 0.0873756855726242,
        "sal_wref_c1": 2.80810546875,
        "sal_wref_c2": 1.4238213300704956,
        "sal_wref_c3": 0.9525685906410217,
        "sal_wref_c4": 0.7148102521896362,
        "sal_wref_c5": 0.5795212388038635
      }
    },
    {
      "step_idx": 3,
      "role": "Computer_terminal",
      "is_mistake": false,
      "scores": {
        "gradnorm_l1_centered": 897.0187377929688,
        "gradnorm_l1_uncentered": 625.8040161132812,
        "gradnorm_l2_centered": 1.7589733600616455,
        "gradnorm_l2_uncentered": 1.779201626777649,
        "sal_noref_c1": 1.3199795484542847,
        "sal_noref_c2": 0.665017306804657,
        "sal_noref_c3": 0.5007774233818054,
        "sal_noref_c4": 0.43640851974487305,
        "sal_noref_c5": 0.4087304174900055,
        "sal_wref_c1": 1.2948391437530518,
        "sal_wref_c2": 0.6620452404022217,
        "sal_wref_c3": 0.5111660361289978,
        "sal_wref_c4": 0.4375784993171692,
        "sal_wref_c5": 0.39566299319267273
      }
    },
    {
      "step_idx": 4,
      "role": "Verification_Expert",
      "is_mistake": false,
      "scores": {
        "gradnorm_l1_centered": 890.5671997070312,
        "gradnorm_l1_uncentered": 428.4674072265625,
        "gradnorm_l2_centered": 1.8875056505203247,
        "gradnorm_l2_uncentered": 0.9013217687606812,
        "sal_noref_c1": 0.2970391809940338,
        "sal_noref_c2": 0.15047945082187653,
        "sal_noref_c3": 0.10034193843603134,
        "sal_noref_c4": 0.07805250585079193,
        "sal_noref_c5": 0.06630884855985641,
        "sal_wref_c1": 2.9958643913269043,
        "sal_wref_c2": 1.5048414468765259,
        "sal_wref_c3": 1.0037423372268677,
        "sal_wref_c4": 0.7575028538703918,
        "sal_wref_c5": 0.6091330051422119
      }
    },
    {
      "step_idx": 5,
      "role": "Library_Database_Expert",
      "is_mistake": false,
      "scores": {
        "gradnorm_l1_centered": 968.3182373046875,
        "gradnorm_l1_uncentered": 318.2957458496094,
        "gradnorm_l2_centered": 2.108041524887085,
        "gradnorm_l2_uncentered": 0.579856812953949,
        "sal_noref_c1": 0.06215065345168114,
        "sal_noref_c2": 0.03610662370920181,
        "sal_noref_c3": 0.02603042684495449,
        "sal_noref_c4": 0.019982539117336273,
        "sal_noref_c5": 0.016484975814819336,
        "sal_wref_c1": 4.102189064025879,
        "sal_wref_c2": 2.062006950378418,
        "sal_wref_c3": 1.3748664855957031,
        "sal_wref_c4": 1.0311565399169922,
        "sal_wref_c5": 0.8257219195365906
      }
    },
    {
      "step_idx": 6,
      "role": "Library_Database_Expert",
      "is_mistake": false,
      "scores": {
        "gradnorm_l1_centered": 2312.346923828125,
        "gradnorm_l1_uncentered": 2820.544677734375,
        "gradnorm_l2_centered": 5.016801834106445,
        "gradnorm_l2_uncentered": 6.216960906982422,
        "sal_noref_c1": 16.864397048950195,
        "sal_noref_c2": 8.67880630493164,
        "sal_noref_c3": 6.062355041503906,
        "sal_noref_c4": 4.588229656219482,
        "sal_noref_c5": 3.683379650115967,
        "sal_wref_c1": 3.3874495029449463,
        "sal_wref_c2": 1.9736881256103516,
        "sal_wref_c3": 1.6103450059890747,
        "sal_wref_c4": 1.3008443117141724,
        "sal_wref_c5": 1.0434545278549194
      }
    }
  ]
}