{
  "config": {
    "subset": "algorithm-generated",
    "weight_config": "/home/hoangpham/exchange/algorithm-generated/k/34"
  },
  "metadata": {
    "filename": "10.json",
    "question_id": "d1af70ea-a9a4-421a-b9cc-94b5e02f1788",
    "mistake_agent": "Validation_Expert",
    "mistake_step": 5,
    "level": "2",
    "subset": "algorithm-generated",
    "question": "As of the 2020 census, what was the population difference between the largest county seat and smallest county seat, by land area of the county seat, in Washington state? For population figures, please use the official data from data.census.gov. Please report the integer difference."
  },
  "steps": [
    {
      "step_idx": 0,
      "role": "Validation_Expert",
      "is_mistake": false,
      "scores": {
        "gradnorm_l1_centered": 1003.3345336914062,
        "gradnorm_l1_uncentered": 598.7945556640625,
        "gradnorm_l2_centered": 1.9533369541168213,
        "gradnorm_l2_uncentered": 1.3580238819122314,
        "sal_noref_c1": 0.4714811444282532,
        "sal_noref_c2": 0.265558123588562,
        "sal_noref_c3": 0.1771690398454666,
        "sal_noref_c4": 0.14774459600448608,
        "sal_noref_c5": 0.11917994171380997,
        "sal_wref_c1": 2.5993940830230713,
        "sal_wref_c2": 1.304255485534668,
        "sal_wref_c3": 0.869717538356781,
        "sal_wref_c4": 0.6690618991851807,
        "sal_wref_c5": 0.5352635979652405
      }
    },
    {
      "step_idx": 1,
      "role": "Computer_terminal",
      "is_mistake": false,
      "scores": {
        "gradnorm_l1_centered": 1625.5430908203125,
        "gradnorm_l1_uncentered": 1989.0667724609375,
        "gradnorm_l2_centered": 3.6010725498199463,
        "gradnorm_l2_uncentered": 4.489881992340088,
        "sal_noref_c1": 7.031743049621582,
        "sal_noref_c2": 4.805126190185547,
        "sal_noref_c3": 3.2383270263671875,
        "sal_noref_c4": 2.7550411224365234,
        "sal_noref_c5": 2.318652629852295,
        "sal_wref_c1": 0.09953894466161728,
        "sal_wref_c2": 1.263069987297058,
        "sal_wref_c3": 0.8820899128913879,
        "sal_wref_c4": 1.038888692855835,
        "sal_wref_c5": 0.8941877484321594
      }
    },
    {
      "step_idx": 2,
      "role": "Validation_Expert",
      "is_mistake": false,
      "scores": {
        "gradnorm_l1_centered": 858.6636962890625,
        "gradnorm_l1_uncentered": 528.3355712890625,
        "gradnorm_l2_centered": 1.8755234479904175,
        "gradnorm_l2_uncentered": 0.9938920736312866,
        "sal_noref_c1": 0.3455154597759247,
        "sal_noref_c2": 0.19008944928646088,
        "sal_noref_c3": 0.1267693042755127,
        "sal_noref_c4": 0.09610587358474731,
        "sal_noref_c5": 0.08541960269212723,
        "sal_wref_c1": 2.869371175765991,
        "sal_wref_c2": 1.4323431253433228,
        "sal_wref_c3": 0.9560859799385071,
        "sal_wref_c4": 0.7191966772079468,
        "sal_wref_c5": 0.5890735387802124
      }
    },
    {
      "step_idx": 3,
      "role": "Validation_Expert",
      "is_mistake": false,
      "scores": {
        "gradnorm_l1_centered": 878.8253784179688,
        "gradnorm_l1_uncentered": 1072.7781982421875,
        "gradnorm_l2_centered": 1.726062297821045,
        "gradnorm_l2_uncentered": 2.216761350631714,
        "sal_noref_c1": 2.33198618888855,
        "sal_noref_c2": 1.381044864654541,
        "sal_noref_c3": 0.9711506366729736,
        "sal_noref_c4": 0.7610533237457275,
        "sal_noref_c5": 0.6105378866195679,
        "sal_wref_c1": 0.6185636520385742,
        "sal_wref_c2": 0.47691255807876587,
        "sal_wref_c3": 0.35897067189216614,
        "sal_wref_c4": 0.2947181761264801,
        "sal_wref_c5": 0.23961684107780457
      }
    },
    {
      "step_idx": 4,
      "role": "Validation_Expert",
      "is_mistake": false,
      "scores": {
        "gradnorm_l1_centered": 886.8281860351562,
        "gradnorm_l1_uncentered": 957.7243041992188,
        "gradnorm_l2_centered": 1.7658886909484863,
        "gradnorm_l2_uncentered": 1.8585951328277588,
        "sal_noref_c1": 1.4097211360931396,
        "sal_noref_c2": 0.7925602793693542,
        "sal_noref_c3": 0.5663531422615051,
        "sal_noref_c4": 0.5140914916992188,
        "sal_noref_c5": 0.4112773537635803,
        "sal_wref_c1": 1.2495964765548706,
        "sal_wref_c2": 0.6805504560470581,
        "sal_wref_c3": 0.481548547744751,
        "sal_wref_c4": 0.42879295349121094,
        "sal_wref_c5": 0.3430420756340027
      }
    },
    {
      "step_idx": 5,
      "role": "Validation_Expert",
      "is_mistake": true,
      "scores": {
        "gradnorm_l1_centered": 1856.1160888671875,
        "gradnorm_l1_uncentered": 2307.2060546875,
        "gradnorm_l2_centered": 3.406101703643799,
        "gradnorm_l2_uncentered": 4.631429195404053,
        "sal_noref_c1": 10.418392181396484,
        "sal_noref_c2": 5.626328945159912,
        "sal_noref_c3": 3.792003631591797,
        "sal_noref_c4": 3.1811165809631348,
        "sal_noref_c5": 2.5476818084716797,
        "sal_wref_c1": 0.7890391945838928,
        "sal_wref_c2": 0.7844036817550659,
        "sal_wref_c3": 0.5547996759414673,
        "sal_wref_c4": 0.7039679884910583,
        "sal_wref_c5": 0.5667785406112671
      }
    },
    {
      "step_idx": 6,
      "role": "Computer_terminal",
      "is_mistake": false,
      "scores": {
        "gradnorm_l1_centered": 3257.799072265625,
        "gradnorm_l1_uncentered": 3902.01708984375,
        "gradnorm_l2_centered": 6.589644432067871,
        "gradnorm_l2_uncentered": 8.218469619750977,
        "sal_noref_c1": 41.199771881103516,
        "sal_noref_c2": 22.480865478515625,
        "sal_noref_c3": 15.141510963439941,
        "sal_noref_c4": 11.412680625915527,
        "sal_noref_c5": 9.187822341918945,
        "sal_wref_c1": 17.00020408630371,
        "sal_wref_c2": 10.508176803588867,
        "sal_wref_c3": 7.1457977294921875,
        "sal_wref_c4": 5.437012672424316,
        "sal_wref_c5": 4.40181827545166
      }
    },
    {
      "step_idx": 7,
      "role": "Validation_Expert",
      "is_mistake": false,
      "scores": {
        "gradnorm_l1_centered": 2188.480224609375,
        "gradnorm_l1_uncentered": 2743.233642578125,
        "gradnorm_l2_centered": 4.0751051902771,
        "gradnorm_l2_uncentered": 5.5640177726745605,
        "sal_noref_c1": 18.38056182861328,
        "sal_noref_c2": 9.163684844970703,
        "sal_noref_c3": 6.26085090637207,
        "sal_noref_c4": 4.695906639099121,
        "sal_noref_c5": 3.756970167160034,
        "sal_wref_c1": 4.031795501708984,
        "sal_wref_c2": 2.0179662704467773,
        "sal_wref_c3": 1.5038785934448242,
        "sal_wref_c4": 1.1287635564804077,
        "sal_wref_c5": 0.9081493616104126
      }
    },
    {
      "step_idx": 8,
      "role": "Computer_terminal",
      "is_mistake": false,
      "scores": {
        "gradnorm_l1_centered": 4160.5576171875,
        "gradnorm_l1_uncentered": 4776.025390625,
        "gradnorm_l2_centered": 7.222825050354004,
        "gradnorm_l2_uncentered": 8.605144500732422,
        "sal_noref_c1": 35.91836929321289,
        "sal_noref_c2": 19.186986923217773,
        "sal_noref_c3": 13.101154327392578,
        "sal_noref_c4": 10.134221076965332,
        "sal_noref_c5": 8.206161499023438,
        "sal_wref_c1": 14.15667724609375,
        "sal_wref_c2": 8.309006690979004,
        "sal_wref_c3": 5.868499279022217,
        "sal_wref_c4": 4.569394588470459,
        "sal_wref_c5": 3.870248317718506
      }
    },
    {
      "step_idx": 9,
      "role": "Validation_Expert",
      "is_mistake": false,
      "scores": {
        "gradnorm_l1_centered": 1558.6427001953125,
        "gradnorm_l1_uncentered": 2033.11083984375,
        "gradnorm_l2_centered": 3.1113743782043457,
        "gradnorm_l2_uncentered": 4.263763904571533,
        "sal_noref_c1": 9.235633850097656,
        "sal_noref_c2": 4.813194274902344,
        "sal_noref_c3": 3.4640417098999023,