{
  "config": {
    "subset": "algorithm-generated",
    "weight_config": "/home/hoangpham/exchange/algorithm-generated/k/34"
  },
  "metadata": {
    "filename": "116.json",
    "question_id": "2ddae3b7a208e3c25f14d82d7a1faaaa1832fbf950b4dac345e755c4c361f294",
    "mistake_agent": "DataAnalysis_Expert",
    "mistake_step": 7,
    "level": "Medium",
    "subset": "algorithm-generated",
    "question": "What's the lowest price a Single Family house was sold in Queen Anne in January 2023?"
  },
  "steps": [
    {
      "step_idx": 0,
      "role": "DataAnalysis_Expert",
      "is_mistake": false,
      "scores": {
        "gradnorm_l1_centered": 969.7911376953125,
        "gradnorm_l1_uncentered": 440.5741271972656,
        "gradnorm_l2_centered": 1.9685907363891602,
        "gradnorm_l2_uncentered": 1.0217934846878052,
        "sal_noref_c1": 0.26137182116508484,
        "sal_noref_c2": 0.1430370807647705,
        "sal_noref_c3": 0.09632403403520584,
        "sal_noref_c4": 0.08240838348865509,
        "sal_noref_c5": 0.06653176248073578,
        "sal_wref_c1": 3.159487247467041,
        "sal_wref_c2": 1.57370924949646,
        "sal_wref_c3": 1.04916250705719,
        "sal_wref_c4": 0.7983179688453674,
        "sal_wref_c5": 0.638654351234436
      }
    },
    {
      "step_idx": 1,
      "role": "DataManipulation_Expert",
      "is_mistake": false,
      "scores": {
        "gradnorm_l1_centered": 907.7283325195312,
        "gradnorm_l1_uncentered": 491.32635498046875,
        "gradnorm_l2_centered": 1.9099668264389038,
        "gradnorm_l2_uncentered": 1.0839604139328003,
        "sal_noref_c1": 0.36031022667884827,
        "sal_noref_c2": 0.23754975199699402,
        "sal_noref_c3": 0.15893086791038513,
        "sal_noref_c4": 0.1424410343170166,
        "sal_noref_c5": 0.11779756844043732,
        "sal_wref_c1": 2.829224109649658,
        "sal_wref_c2": 1.4368281364440918,
        "sal_wref_c3": 0.9578909277915955,
        "sal_wref_c4": 0.7498842477798462,
        "sal_wref_c5": 0.6022195816040039
      }
    },
    {
      "step_idx": 2,
      "role": "Computer_terminal",
      "is_mistake": false,
      "scores": {
        "gradnorm_l1_centered": 964.4600219726562,
        "gradnorm_l1_uncentered": 796.636474609375,
        "gradnorm_l2_centered": 1.828552007675171,
        "gradnorm_l2_uncentered": 1.7687063217163086,
        "sal_noref_c1": 1.1868940591812134,
        "sal_noref_c2": 0.9507468938827515,
        "sal_noref_c3": 0.6339899897575378,
        "sal_noref_c4": 0.4803597629070282,
        "sal_noref_c5": 0.38995161652565,
        "sal_wref_c1": 1.4415360689163208,
        "sal_wref_c2": 1.0059595108032227,
        "sal_wref_c3": 0.670727550983429,
        "sal_wref_c4": 0.5101565718650818,
        "sal_wref_c5": 0.41190677881240845
      }
    },
    {
      "step_idx": 3,
      "role": "Verification_Expert",
      "is_mistake": false,
      "scores": {
        "gradnorm_l1_centered": 887.8743286132812,
        "gradnorm_l1_uncentered": 662.7484130859375,
        "gradnorm_l2_centered": 1.7906346321105957,
        "gradnorm_l2_uncentered": 1.5283057689666748,
        "sal_noref_c1": 0.8808196783065796,
        "sal_noref_c2": 0.5007771253585815,
        "sal_noref_c3": 0.33637499809265137,
        "sal_noref_c4": 0.25379636883735657,
        "sal_noref_c5": 0.21375754475593567,
        "sal_wref_c1": 1.8319296836853027,
        "sal_wref_c2": 0.9444094896316528,
        "sal_wref_c3": 0.6303015351295471,
        "sal_wref_c4": 0.47272616624832153,
        "sal_wref_c5": 0.3865918219089508
      }
    },
    {
      "step_idx": 4,
      "role": "Computer_terminal",
      "is_mistake": false,
      "scores": {
        "gradnorm_l1_centered": 933.9970703125,
        "gradnorm_l1_uncentered": 350.8144836425781,
        "gradnorm_l2_centered": 2.010650396347046,
        "gradnorm_l2_uncentered": 0.7540152668952942,
        "sal_noref_c1": 0.15862415730953217,
        "sal_noref_c2": 0.08283820003271103,
        "sal_noref_c3": 0.055426180362701416,
        "sal_noref_c4": 0.04679097980260849,
        "sal_noref_c5": 0.03863726928830147,
        "sal_wref_c1": 3.492469310760498,
        "sal_wref_c2": 1.755602240562439,
        "sal_wref_c3": 1.1705610752105713,
        "sal_wref_c4": 0.884082019329071,
        "sal_wref_c5": 0.7074590921401978
      }
    },
    {
      "step_idx": 5,
      "role": "DataManipulation_Expert",
      "is_mistake": false,
      "scores": {
        "gradnorm_l1_centered": 989.5474853515625,
        "gradnorm_l1_uncentered": 571.084228515625,
        "gradnorm_l2_centered": 1.931222915649414,
        "gradnorm_l2_uncentered": 0.9786201119422913,
        "sal_noref_c1": 0.29192695021629333,
        "sal_noref_c2": 0.16214729845523834,
        "sal_noref_c3": 0.10845768451690674,
        "sal_noref_c4": 0.081633560359478,
        "sal_noref_c5": 0.0671265572309494,
        "sal_wref_c1": 3.010345458984375,
        "sal_wref_c2": 1.537777304649353,
        "sal_wref_c3": 1.027492642402649,
        "sal_wref_c4": 0.7723047137260437,
        "sal_wref_c5": 0.618733286857605
      }
    },
    {
      "step_idx": 6,
      "role": "Computer_terminal",
      "is_mistake": false,
      "scores": {
        "gradnorm_l1_centered": 2381.234619140625,
        "gradnorm_l1_uncentered": 2919.23974609375,
        "gradnorm_l2_centered": 5.31380033493042,
        "gradnorm_l2_uncentered": 6.599521160125732,
        "sal_noref_c1": 20.026105880737305,
        "sal_noref_c2": 10.035953521728516,
        "sal_noref_c3": 8.109932899475098,
        "sal_noref_c4": 6.343130111694336,
        "sal_noref_c5": 5.681053161621094,
        "sal_wref_c1": 4.765535354614258,
        "sal_wref_c2": 2.4297163486480713,
        "sal_wref_c3": 3.042536973953247,
        "sal_wref_c4": 2.500368118286133,
        "sal_wref_c5": 2.6485683917999268
      }
    },
    {
      "step_idx": 7,
      "role": "DataAnalysis_Expert",
      "is_mistake": true,
      "scores": {
        "gradnorm_l1_centered": 865.5936279296875,
        "gradnorm_l1_uncentered": 546.8355712890625,
        "gradnorm_l2_centered": 1.794809103012085,
        "gradnorm_l2_uncentered": 1.032268762588501,
        "sal_noref_c1": 0.4541780948638916,
        "sal_noref_c2": 0.2369929850101471,
        "sal_noref_c3": 0.1704138070344925,
        "sal_noref_c4": 0.142146497964859,
        "sal_noref_c5": 0.11754844337701797,
        "sal_wref_c1": 2.5694894790649414,
        "sal_wref_c2": 1.3083508014678955,
        "sal_wref_c3": 0.8919093012809753,
        "sal_wref_c4": 0.6811781525611877,
        "sal_wref_c5": 0.5471652746200562
      }
    },
    {
      "step_idx": 8,
      "role": "Computer_terminal",
      "is_mistake": false,
      "scores": {
        "gradnorm_l1_centered": 1718.35205078125,
        "gradnorm_l1_uncentered": 2228.010009765625,
        "gradnorm_l2_centered": 3.4279608726501465,
        "gradnorm_l2_uncentered": 4.521857738494873,
        "sal_noref_c1": 9.484360694885254,
        "sal_noref_c2": 6.360306739807129,
        "sal_noref_c3": 4.244871139526367,
        "sal_noref_c4": 3.429187059402466,
        "sal_noref_c5": 2.7736668586730957,
        "sal_wref_c1": 0.6936807036399841,
        "sal_wref_c2": 2.0624752044677734,
        "sal_wref_c3": 1.3772014379501343,
        "sal_wref_c4": 1.222586989402771,
        "sal_wref_c5": 1.0039552450180054
      }
    },
    {
      "step_idx": 9,
      "role": "Verification_Expert",
      "is_mistake": false,
      "scores": {
        "gradnorm_l1_centered": 1027.5576171875,
        "gradnorm_l1_uncentered": 1334.66064453125,
        "gradnorm_l2_centered": 2.106550455093384,
        "gradnorm_l2_uncentered": 2.8623921871185303,
        "sal_noref_c1": 3.755373477935791,
        "sal_noref_c2": 2.2326643466949463,
        "sal_noref_c3": 1.5444332361221313,
        "sal_noref_c4": 1.1706533432006836,
        "sal_noref_c5": 0.9420521855354309,
        "sal_wref_c1": 0.12794852256774902,