{
  "config": {
    "subset": "algorithm-generated",
    "weight_config": "/home/hoangpham/exchange/algorithm-generated/k/34"
  },
  "metadata": {
    "filename": "118.json",
    "question_id": "9baaa267c95f9d8b75741ee9169c50563d297cfa592c20deaffd30dbc5984c74",
    "mistake_agent": "Statistics_Expert",
    "mistake_step": 1,
    "level": "Medium",
    "subset": "algorithm-generated",
    "question": "Based on recent years (2020-2023), how likely am I to hit a day with a max temperature (in Fahrenheit) over 95 if I travel to Houston, Texas during June? (provide the answer in percentage)"
  },
  "steps": [
    {
      "step_idx": 0,
      "role": "WeatherData_Expert",
      "is_mistake": false,
      "scores": {
        "gradnorm_l1_centered": 972.3681640625,
        "gradnorm_l1_uncentered": 370.16802978515625,
        "gradnorm_l2_centered": 2.0021378993988037,
        "gradnorm_l2_uncentered": 0.8307953476905823,
        "sal_noref_c1": 0.16829660534858704,
        "sal_noref_c2": 0.09568972140550613,
        "sal_noref_c3": 0.06442669779062271,
        "sal_noref_c4": 0.05476747825741768,
        "sal_noref_c5": 0.044015321880578995,
        "sal_wref_c1": 3.5131001472473145,
        "sal_wref_c2": 1.7488129138946533,
        "sal_wref_c3": 1.1658776998519897,
        "sal_wref_c4": 0.882830023765564,
        "sal_wref_c5": 0.7062852382659912
      }
    },
    {
      "step_idx": 1,
      "role": "Statistics_Expert",
      "is_mistake": true,
      "scores": {
        "gradnorm_l1_centered": 927.6765747070312,
        "gradnorm_l1_uncentered": 286.2778625488281,
        "gradnorm_l2_centered": 1.996463418006897,
        "gradnorm_l2_uncentered": 0.6347480416297913,
        "sal_noref_c1": 0.12872037291526794,
        "sal_noref_c2": 0.08830472826957703,
        "sal_noref_c3": 0.05894240364432335,
        "sal_noref_c4": 0.04746589809656143,
        "sal_noref_c5": 0.03949239104986191,
        "sal_wref_c1": 3.6920320987701416,
        "sal_wref_c2": 1.8419742584228516,
        "sal_wref_c3": 1.2294092178344727,
        "sal_wref_c4": 0.9279593229293823,
        "sal_wref_c5": 0.7447630763053894
      }
    },
    {
      "step_idx": 2,
      "role": "Computer_terminal",
      "is_mistake": false,
      "scores": {
        "gradnorm_l1_centered": 1036.8035888671875,
        "gradnorm_l1_uncentered": 678.1180419921875,
        "gradnorm_l2_centered": 1.888285756111145,
        "gradnorm_l2_uncentered": 1.2083159685134888,
        "sal_noref_c1": 0.46524837613105774,
        "sal_noref_c2": 0.33451545238494873,
        "sal_noref_c3": 0.2248397320508957,
        "sal_noref_c4": 0.17009083926677704,
        "sal_noref_c5": 0.13806816935539246,
        "sal_wref_c1": 2.561685800552368,
        "sal_wref_c2": 1.3374823331832886,
        "sal_wref_c3": 0.8920156955718994,
        "sal_wref_c4": 0.6691864728927612,
        "sal_wref_c5": 0.5401785969734192
      }
    },
    {
      "step_idx": 3,
      "role": "Verification_Expert",
      "is_mistake": false,
      "scores": {
        "gradnorm_l1_centered": 894.3922119140625,
        "gradnorm_l1_uncentered": 550.5564575195312,
        "gradnorm_l2_centered": 1.8127424716949463,
        "gradnorm_l2_uncentered": 1.231658697128296,
        "sal_noref_c1": 0.5796399116516113,
        "sal_noref_c2": 0.30322831869125366,
        "sal_noref_c3": 0.24000491201877594,
        "sal_noref_c4": 0.18195220828056335,
        "sal_noref_c5": 0.147957444190979,
        "sal_wref_c1": 2.2948384284973145,
        "sal_wref_c2": 1.1435140371322632,
        "sal_wref_c3": 0.8112810254096985,
        "sal_wref_c4": 0.6129120588302612,
        "sal_wref_c5": 0.4912077784538269
      }
    },
    {
      "step_idx": 4,
      "role": "Computer_terminal",
      "is_mistake": false,
      "scores": {
        "gradnorm_l1_centered": 1455.15966796875,
        "gradnorm_l1_uncentered": 1692.1590576171875,
        "gradnorm_l2_centered": 2.8487162590026855,
        "gradnorm_l2_uncentered": 3.347019672393799,
        "sal_noref_c1": 3.295417547225952,
        "sal_noref_c2": 2.033951997756958,
        "sal_noref_c3": 1.4027787446975708,
        "sal_noref_c4": 1.2533769607543945,
        "sal_noref_c5": 1.1211448907852173,
        "sal_wref_c1": 0.21594750881195068,
        "sal_wref_c2": 0.568433940410614,
        "sal_wref_c3": 0.4129295349121094,
        "sal_wref_c4": 0.510034441947937,
        "sal_wref_c5": 0.4650712013244629
      }
    },
    {
      "step_idx": 5,
      "role": "Verification_Expert",
      "is_mistake": false,
      "scores": {
        "gradnorm_l1_centered": 903.4867553710938,
        "gradnorm_l1_uncentered": 326.84185791015625,
        "gradnorm_l2_centered": 1.9197802543640137,
        "gradnorm_l2_uncentered": 0.6669418811798096,
        "sal_noref_c1": 0.19223171472549438,
        "sal_noref_c2": 0.1041802167892456,
        "sal_noref_c3": 0.07045262306928635,
        "sal_noref_c4": 0.05292613431811333,
        "sal_noref_c5": 0.04438543692231178,
        "sal_wref_c1": 3.3732736110687256,
        "sal_wref_c2": 1.704235315322876,
        "sal_wref_c3": 1.1399348974227905,
        "sal_wref_c4": 0.8549726605415344,
        "sal_wref_c5": 0.68437659740448
      }
    },
    {
      "step_idx": 6,
      "role": "Computer_terminal",
      "is_mistake": false,
      "scores": {
        "gradnorm_l1_centered": 1645.391357421875,
        "gradnorm_l1_uncentered": 1916.9920654296875,
        "gradnorm_l2_centered": 3.3087286949157715,
        "gradnorm_l2_uncentered": 3.9636917114257812,
        "sal_noref_c1": 4.692840576171875,
        "sal_noref_c2": 3.395531177520752,
        "sal_noref_c3": 2.7726166248321533,
        "sal_noref_c4": 2.217391014099121,
        "sal_noref_c5": 2.0113394260406494,
        "sal_wref_c1": 0.014925948344171047,
        "sal_wref_c2": 1.1787164211273193,
        "sal_wref_c3": 1.2528470754623413,
        "sal_wref_c4": 1.0500954389572144,
        "sal_wref_c5": 0.996160626411438
      }
    },
    {
      "step_idx": 7,
      "role": "Statistics_Expert",
      "is_mistake": false,
      "scores": {
        "gradnorm_l1_centered": 957.935302734375,
        "gradnorm_l1_uncentered": 212.02967834472656,
        "gradnorm_l2_centered": 2.097738265991211,
        "gradnorm_l2_uncentered": 0.4265921711921692,
        "sal_noref_c1": 0.05523441359400749,
        "sal_noref_c2": 0.037771984934806824,
        "sal_noref_c3": 0.026763783767819405,
        "sal_noref_c4": 0.020334793254733086,
        "sal_noref_c5": 0.016981948167085648,
        "sal_wref_c1": 4.128620147705078,
        "sal_wref_c2": 2.0839152336120605,
        "sal_wref_c3": 1.3893896341323853,
        "sal_wref_c4": 1.043317198753357,
        "sal_wref_c5": 0.8350116014480591
      }
    },
    {
      "step_idx": 8,
      "role": "Computer_terminal",
      "is_mistake": false,
      "scores": {
        "gradnorm_l1_centered": 1343.404052734375,
        "gradnorm_l1_uncentered": 1341.2489013671875,
        "gradnorm_l2_centered": 3.0778801441192627,
        "gradnorm_l2_uncentered": 3.40924072265625,
        "sal_noref_c1": 2.586172580718994,
        "sal_noref_c2": 2.1676430702209473,
        "sal_noref_c3": 1.9252266883850098,
        "sal_noref_c4": 1.840023398399353,
        "sal_noref_c5": 1.5451865196228027,
        "sal_wref_c1": 0.44984713196754456,
        "sal_wref_c2": 1.222184419631958,
        "sal_wref_c3": 1.2543774843215942,
        "sal_wref_c4": 1.26082181930542,
        "sal_wref_c5": 1.0366084575653076
      }
    },
    {
      "step_idx": 9,
      "role": "WeatherData_Expert",
      "is_mistake": false,
      "scores": {
        "gradnorm_l1_centered": 855.7395629882812,
        "gradnorm_l1_uncentered": 992.4677734375,
        "gradnorm_l2_centered": 1.7413533926010132,
        "gradnorm_l2_uncentered": 2.2034263610839844,
        "sal_noref_c1": 2.386836528778076,
        "sal_noref_c2": 1.2425719499588013,
        "sal_noref_c3": 1.0055091381072998,