{
  "config": {
    "subset": "algorithm-generated",
    "weight_config": "/home/hoangpham/exchange/algorithm-generated/k/34"
  },
  "metadata": {
    "filename": "124.json",
    "question_id": "6f224e7730ed027cbac73aebb1aea7f954053082041b02b19f4ff126a0a8a208",
    "mistake_agent": "Research_Expert",
    "mistake_step": 8,
    "level": "Hard",
    "subset": "algorithm-generated",
    "question": "Which members of Fubo's Management Team joined the company during the same year Fubo's IPO happened?"
  },
  "steps": [
    {
      "step_idx": 0,
      "role": "Research_Expert",
      "is_mistake": false,
      "scores": {
        "gradnorm_l1_centered": 984.9871826171875,
        "gradnorm_l1_uncentered": 520.7816772460938,
        "gradnorm_l2_centered": 1.9713175296783447,
        "gradnorm_l2_uncentered": 1.2218750715255737,
        "sal_noref_c1": 0.36625462770462036,
        "sal_noref_c2": 0.19418087601661682,
        "sal_noref_c3": 0.13274195790290833,
        "sal_noref_c4": 0.12341993302106857,
        "sal_noref_c5": 0.1001853197813034,
        "sal_wref_c1": 2.8399736881256104,
        "sal_wref_c2": 1.4147850275039673,
        "sal_wref_c3": 0.9442179203033447,
        "sal_wref_c4": 0.7327889204025269,
        "sal_wref_c5": 0.5862958431243896
      }
    },
    {
      "step_idx": 1,
      "role": "Research_Expert",
      "is_mistake": false,
      "scores": {
        "gradnorm_l1_centered": 1270.5089111328125,
        "gradnorm_l1_uncentered": 1172.880859375,
        "gradnorm_l2_centered": 2.251297950744629,
        "gradnorm_l2_uncentered": 2.1638317108154297,
        "sal_noref_c1": 1.0471171140670776,
        "sal_noref_c2": 0.5217950344085693,
        "sal_noref_c3": 0.48358869552612305,
        "sal_noref_c4": 0.4518670439720154,
        "sal_noref_c5": 0.3626304268836975,
        "sal_wref_c1": 1.647245168685913,
        "sal_wref_c2": 0.8237043619155884,
        "sal_wref_c3": 0.6642976403236389,
        "sal_wref_c4": 0.5933544039726257,
        "sal_wref_c5": 0.4768946170806885
      }
    },
    {
      "step_idx": 2,
      "role": "Research_Expert",
      "is_mistake": false,
      "scores": {
        "gradnorm_l1_centered": 1606.0482177734375,
        "gradnorm_l1_uncentered": 1973.47412109375,
        "gradnorm_l2_centered": 3.524016857147217,
        "gradnorm_l2_uncentered": 4.537364482879639,
        "sal_noref_c1": 8.100698471069336,
        "sal_noref_c2": 4.72175407409668,
        "sal_noref_c3": 3.1585960388183594,
        "sal_noref_c4": 2.44578218460083,
        "sal_noref_c5": 2.1399645805358887,
        "sal_wref_c1": 0.24650028347969055,
        "sal_wref_c2": 0.7431989908218384,
        "sal_wref_c3": 0.5016819834709167,
        "sal_wref_c4": 0.4424932301044464,
        "sal_wref_c5": 0.6787096261978149
      }
    },
    {
      "step_idx": 3,
      "role": "Computer_terminal",
      "is_mistake": false,
      "scores": {
        "gradnorm_l1_centered": 3426.622314453125,
        "gradnorm_l1_uncentered": 3957.7255859375,
        "gradnorm_l2_centered": 8.655306816101074,
        "gradnorm_l2_uncentered": 9.951153755187988,
        "sal_noref_c1": 38.6010627746582,
        "sal_noref_c2": 28.981964111328125,
        "sal_noref_c3": 19.67279815673828,
        "sal_noref_c4": 15.054070472717285,
        "sal_noref_c5": 12.502007484436035,
        "sal_wref_c1": 14.095030784606934,
        "sal_wref_c2": 16.85586166381836,
        "sal_wref_c3": 11.604376792907715,
        "sal_wref_c4": 8.90335464477539,
        "sal_wref_c5": 7.757071018218994
      }
    },
    {
      "step_idx": 4,
      "role": "Research_Expert",
      "is_mistake": false,
      "scores": {
        "gradnorm_l1_centered": 1590.48291015625,
        "gradnorm_l1_uncentered": 1934.2642822265625,
        "gradnorm_l2_centered": 2.7429449558258057,
        "gradnorm_l2_uncentered": 3.532254219055176,
        "sal_noref_c1": 4.5155134201049805,
        "sal_noref_c2": 2.4011731147766113,
        "sal_noref_c3": 1.7224987745285034,
        "sal_noref_c4": 1.299939513206482,
        "sal_noref_c5": 1.047548532485962,
        "sal_wref_c1": 0.055447768419981,
        "sal_wref_c2": 0.1400485336780548,
        "sal_wref_c3": 0.18761642277240753,
        "sal_wref_c4": 0.14834414422512054,
        "sal_wref_c5": 0.1471770703792572
      }
    },
    {
      "step_idx": 5,
      "role": "Research_Expert",
      "is_mistake": false,
      "scores": {
        "gradnorm_l1_centered": 1206.2138671875,
        "gradnorm_l1_uncentered": 1493.6171875,
        "gradnorm_l2_centered": 2.3329029083251953,
        "gradnorm_l2_uncentered": 3.071929693222046,
        "sal_noref_c1": 3.7996857166290283,
        "sal_noref_c2": 1.9923365116119385,
        "sal_noref_c3": 1.4553407430648804,
        "sal_noref_c4": 1.1092402935028076,
        "sal_noref_c5": 0.9065605401992798,
        "sal_wref_c1": 0.14866021275520325,
        "sal_wref_c2": 0.14012539386749268,
        "sal_wref_c3": 0.19524133205413818,
        "sal_wref_c4": 0.1587311327457428,
        "sal_wref_c5": 0.15677964687347412
      }
    },
    {
      "step_idx": 6,
      "role": "Computer_terminal",
      "is_mistake": false,
      "scores": {
        "gradnorm_l1_centered": 972.1730346679688,
        "gradnorm_l1_uncentered": 898.9223022460938,
        "gradnorm_l2_centered": 2.039184331893921,
        "gradnorm_l2_uncentered": 2.5194902420043945,
        "sal_noref_c1": 2.53314208984375,
        "sal_noref_c2": 1.4982187747955322,
        "sal_noref_c3": 1.0022317171096802,
        "sal_noref_c4": 0.8111466765403748,
        "sal_noref_c5": 0.6522748470306396,
        "sal_wref_c1": 0.5128081440925598,
        "sal_wref_c2": 0.43667513132095337,
        "sal_wref_c3": 0.2923397719860077,
        "sal_wref_c4": 0.27332621812820435,
        "sal_wref_c5": 0.2189144790172577
      }
    },
    {
      "step_idx": 7,
      "role": "Validation_Expert",
      "is_mistake": false,
      "scores": {
        "gradnorm_l1_centered": 785.529296875,
        "gradnorm_l1_uncentered": 701.8486328125,
        "gradnorm_l2_centered": 1.573865532875061,
        "gradnorm_l2_uncentered": 1.4685587882995605,
        "sal_noref_c1": 1.1465014219284058,
        "sal_noref_c2": 0.6091565489768982,
        "sal_noref_c3": 0.40659475326538086,
        "sal_noref_c4": 0.31964701414108276,
        "sal_noref_c5": 0.26345691084861755,
        "sal_wref_c1": 1.46241295337677,
        "sal_wref_c2": 0.7944587469100952,
        "sal_wref_c3": 0.5320349931716919,
        "sal_wref_c4": 0.4094431400299072,
        "sal_wref_c5": 0.33083146810531616
      }
    },
    {
      "step_idx": 8,
      "role": "Research_Expert",
      "is_mistake": true,
      "scores": {
        "gradnorm_l1_centered": 961.490966796875,
        "gradnorm_l1_uncentered": 928.0343017578125,
        "gradnorm_l2_centered": 1.836545705795288,
        "gradnorm_l2_uncentered": 1.7267889976501465,
        "sal_noref_c1": 1.0721287727355957,
        "sal_noref_c2": 0.6555713415145874,
        "sal_noref_c3": 0.45356008410453796,
        "sal_noref_c4": 0.3401797115802765,
        "sal_noref_c5": 0.29183143377304077,
        "sal_wref_c1": 1.584382176399231,
        "sal_wref_c2": 0.9622647166252136,
        "sal_wref_c3": 0.6506716012954712,
        "sal_wref_c4": 0.4880284070968628,
        "sal_wref_c5": 0.40170684456825256
      }
    },
    {
      "step_idx": 9,
      "role": "Computer_terminal",
      "is_mistake": false,
      "scores": {
        "gradnorm_l1_centered": 1638.255615234375,
        "gradnorm_l1_uncentered": 2105.61083984375,
        "gradnorm_l2_centered": 3.67431378364563,
        "gradnorm_l2_uncentered": 4.92221212387085,
        "sal_noref_c1": 11.987177848815918,
        "sal_noref_c2": 6.864582538604736,
        "sal_noref_c3": 4.728479385375977,
        "sal_noref_c4": 3.621640205383301,
        "sal_noref_c5": 3.235044479370117,
        "sal_wref_c1": 1.361595869064331,
        "sal_wref_c2": 1.6173102855682373,