{
  "config": {
    "subset": "algorithm-generated",
    "weight_config": "/home/hoangpham/exchange/algorithm-generated/k/34"
  },
  "metadata": {
    "filename": "36.json",
    "question_id": "9318445f-fe6a-4e1b-acbf-c68228c9906a",
    "mistake_agent": "ProblemSolving_Expert",
    "mistake_step": 2,
    "level": "1",
    "subset": "algorithm-generated",
    "question": "As a comma separated list with no whitespace, using the provided image provide all the fractions that use / as the fraction line and the answers to the sample problems. Order the list by the order in which the fractions appear."
  },
  "steps": [
    {
      "step_idx": 0,
      "role": "ImageProcessing_Expert",
      "is_mistake": false,
      "scores": {
        "gradnorm_l1_centered": 980.76318359375,
        "gradnorm_l1_uncentered": 343.5950012207031,
        "gradnorm_l2_centered": 2.0317728519439697,
        "gradnorm_l2_uncentered": 0.8465075492858887,
        "sal_noref_c1": 0.14736972749233246,
        "sal_noref_c2": 0.11281640827655792,
        "sal_noref_c3": 0.07724496722221375,
        "sal_noref_c4": 0.05829022452235222,
        "sal_noref_c5": 0.04668683186173439,
        "sal_wref_c1": 3.6311943531036377,
        "sal_wref_c2": 1.8205125331878662,
        "sal_wref_c3": 1.2189420461654663,
        "sal_wref_c4": 0.9154782295227051,
        "sal_wref_c5": 0.7324402332305908
      }
    },
    {
      "step_idx": 1,
      "role": "Computer_terminal",
      "is_mistake": false,
      "scores": {
        "gradnorm_l1_centered": 1286.671142578125,
        "gradnorm_l1_uncentered": 1424.080078125,
        "gradnorm_l2_centered": 3.83723521232605,
        "gradnorm_l2_uncentered": 4.806081295013428,
        "sal_noref_c1": 8.656919479370117,
        "sal_noref_c2": 6.648566246032715,
        "sal_noref_c3": 4.434315204620361,
        "sal_noref_c4": 3.4611093997955322,
        "sal_noref_c5": 2.929349422454834,
        "sal_wref_c1": 0.3903011083602905,
        "sal_wref_c2": 2.4313511848449707,
        "sal_wref_c3": 1.6226491928100586,
        "sal_wref_c4": 1.3103485107421875,
        "sal_wref_c5": 1.2844146490097046
      }
    },
    {
      "step_idx": 2,
      "role": "ProblemSolving_Expert",
      "is_mistake": true,
      "scores": {
        "gradnorm_l1_centered": 910.7598876953125,
        "gradnorm_l1_uncentered": 867.5127563476562,
        "gradnorm_l2_centered": 1.8677942752838135,
        "gradnorm_l2_uncentered": 2.0711233615875244,
        "sal_noref_c1": 1.7625141143798828,
        "sal_noref_c2": 0.8822733163833618,
        "sal_noref_c3": 0.8282198309898376,
        "sal_noref_c4": 0.6323428153991699,
        "sal_noref_c5": 0.5061237812042236,
        "sal_wref_c1": 0.8938246369361877,
        "sal_wref_c2": 0.44518718123435974,
        "sal_wref_c3": 0.5583344101905823,
        "sal_wref_c4": 0.4295125901699066,
        "sal_wref_c5": 0.34486109018325806
      }
    },
    {
      "step_idx": 3,
      "role": "Computer_terminal",
      "is_mistake": false,
      "scores": {
        "gradnorm_l1_centered": 6996.2109375,
        "gradnorm_l1_uncentered": 7665.4833984375,
        "gradnorm_l2_centered": 15.967180252075195,
        "gradnorm_l2_uncentered": 17.394699096679688,
        "sal_noref_c1": 134.54493713378906,
        "sal_noref_c2": 70.11429595947266,
        "sal_noref_c3": 50.81867599487305,
        "sal_noref_c4": 38.1324348449707,
        "sal_noref_c5": 39.97234344482422,
        "sal_wref_c1": 87.4483871459961,
        "sal_wref_c2": 46.2424201965332,
        "sal_wref_c3": 34.72441482543945,
        "sal_wref_c4": 26.16584014892578,
        "sal_wref_c5": 28.98012351989746
      }
    },
    {
      "step_idx": 4,
      "role": "Verification_Expert",
      "is_mistake": false,
      "scores": {
        "gradnorm_l1_centered": 1220.149658203125,
        "gradnorm_l1_uncentered": 1604.8873291015625,
        "gradnorm_l2_centered": 2.863666534423828,
        "gradnorm_l2_uncentered": 3.8452563285827637,
        "sal_noref_c1": 6.38339376449585,
        "sal_noref_c2": 3.2356231212615967,
        "sal_noref_c3": 2.3272202014923096,
        "sal_noref_c4": 1.8336495161056519,
        "sal_noref_c5": 1.6482824087142944,
        "sal_wref_c1": 0.042185183614492416,
        "sal_wref_c2": 0.09732764214277267,
        "sal_wref_c3": 0.2605465352535248,
        "sal_wref_c4": 0.282351016998291,
        "sal_wref_c5": 0.3792334198951721
      }
    },
    {
      "step_idx": 5,
      "role": "Computer_terminal",
      "is_mistake": false,
      "scores": {
        "gradnorm_l1_centered": 1477.62744140625,
        "gradnorm_l1_uncentered": 1715.842041015625,
        "gradnorm_l2_centered": 2.9382238388061523,
        "gradnorm_l2_uncentered": 3.4903111457824707,
        "sal_noref_c1": 3.60614013671875,
        "sal_noref_c2": 2.6777188777923584,
        "sal_noref_c3": 2.2080562114715576,
        "sal_noref_c4": 1.6706019639968872,
        "sal_noref_c5": 1.45014488697052,
        "sal_wref_c1": 0.15287862718105316,
        "sal_wref_c2": 1.068350076675415,
        "sal_wref_c3": 1.0970672369003296,
        "sal_wref_c4": 0.828618586063385,
        "sal_wref_c5": 0.7381227016448975
      }
    },
    {
      "step_idx": 6,
      "role": "Verification_Expert",
      "is_mistake": false,
      "scores": {
        "gradnorm_l1_centered": 1483.430908203125,
        "gradnorm_l1_uncentered": 1988.2930908203125,
        "gradnorm_l2_centered": 3.7569828033447266,
        "gradnorm_l2_uncentered": 4.92523193359375,
        "sal_noref_c1": 11.295507431030273,
        "sal_noref_c2": 5.650361061096191,
        "sal_noref_c3": 3.973997116088867,
        "sal_noref_c4": 3.2053017616271973,
        "sal_noref_c5": 2.801068067550659,
        "sal_wref_c1": 1.1680841445922852,
        "sal_wref_c2": 0.6064014434814453,
        "sal_wref_c3": 0.6166373491287231,
        "sal_wref_c4": 0.653782844543457,
        "sal_wref_c5": 0.7369629144668579
      }
    },
    {
      "step_idx": 7,
      "role": "Verification_Expert",
      "is_mistake": false,
      "scores": {
        "gradnorm_l1_centered": 9948.9677734375,
        "gradnorm_l1_uncentered": 10679.345703125,
        "gradnorm_l2_centered": 19.21411895751953,
        "gradnorm_l2_uncentered": 20.740171432495117,
        "sal_noref_c1": 219.86434936523438,
        "sal_noref_c2": 133.27403259277344,
        "sal_noref_c3": 88.95201873779297,
        "sal_noref_c4": 67.09071350097656,
        "sal_noref_c5": 56.051490783691406,
        "sal_wref_c1": 164.67213439941406,
        "sal_wref_c2": 103.89836883544922,
        "sal_wref_c3": 69.46955108642578,
        "sal_wref_c4": 52.778900146484375,
        "sal_wref_c5": 44.44459533691406
      }
    },
    {
      "step_idx": 8,
      "role": "Verification_Expert",
      "is_mistake": false,
      "scores": {
        "gradnorm_l1_centered": 5892.46875,
        "gradnorm_l1_uncentered": 6579.5703125,
        "gradnorm_l2_centered": 12.60500431060791,
        "gradnorm_l2_uncentered": 14.242773056030273,
        "sal_noref_c1": 119.62773895263672,
        "sal_noref_c2": 72.8046875,
        "sal_noref_c3": 48.665435791015625,
        "sal_noref_c4": 37.802608489990234,
        "sal_noref_c5": 30.52884292602539,
        "sal_wref_c1": 77.63331604003906,
        "sal_wref_c2": 51.074317932128906,
        "sal_wref_c3": 34.13973617553711,
        "sal_wref_c4": 27.273147583007812,
        "sal_wref_c5": 22.197296142578125
      }
    }
  ]
}