{
  "config": {
    "subset": "algorithm-generated",
    "weight_config": "/home/hoangpham/exchange/algorithm-generated/k/34"
  },
  "metadata": {
    "filename": "103.json",
    "question_id": "ccec2229ced20a4b0cb4897e3a99120a3017ea030903e01c9bda6b13d40b0b14",
    "mistake_agent": "DataVerification_Expert",
    "mistake_step": 3,
    "level": "Medium",
    "subset": "algorithm-generated",
    "question": "What is the closest eatery to Harkness Memorial State Park that is still open at 11pm on Wednesdays?"
  },
  "steps": [
    {
      "step_idx": 0,
      "role": "Eateries_Expert",
      "is_mistake": false,
      "scores": {
        "gradnorm_l1_centered": 990.0752563476562,
        "gradnorm_l1_uncentered": 396.34710693359375,
        "gradnorm_l2_centered": 2.017984390258789,
        "gradnorm_l2_uncentered": 0.8449064493179321,
        "sal_noref_c1": 0.1577705293893814,
        "sal_noref_c2": 0.08739198744297028,
        "sal_noref_c3": 0.059361983090639114,
        "sal_noref_c4": 0.046023085713386536,
        "sal_noref_c5": 0.03741278871893883,
        "sal_wref_c1": 3.5741162300109863,
        "sal_wref_c2": 1.7783446311950684,
        "sal_wref_c3": 1.185596227645874,
        "sal_wref_c4": 0.8915183544158936,
        "sal_wref_c5": 0.7132176756858826
      }
    },
    {
      "step_idx": 1,
      "role": "Location-Based_Services_Expert",
      "is_mistake": false,
      "scores": {
        "gradnorm_l1_centered": 892.067626953125,
        "gradnorm_l1_uncentered": 477.7136535644531,
        "gradnorm_l2_centered": 1.8621667623519897,
        "gradnorm_l2_uncentered": 0.9613845944404602,
        "sal_noref_c1": 0.3323506712913513,
        "sal_noref_c2": 0.21459130942821503,
        "sal_noref_c3": 0.14319191873073578,
        "sal_noref_c4": 0.11460022628307343,
        "sal_noref_c5": 0.09247542917728424,
        "sal_wref_c1": 2.9311110973358154,
        "sal_wref_c2": 1.4806894063949585,
        "sal_wref_c3": 0.9874399304389954,
        "sal_wref_c4": 0.7515463829040527,
        "sal_wref_c5": 0.6030032634735107
      }
    },
    {
      "step_idx": 2,
      "role": "Computer_terminal",
      "is_mistake": false,
      "scores": {
        "gradnorm_l1_centered": 894.4991455078125,
        "gradnorm_l1_uncentered": 352.42828369140625,
        "gradnorm_l2_centered": 1.8982809782028198,
        "gradnorm_l2_uncentered": 0.8861422538757324,
        "sal_noref_c1": 0.2738088369369507,
        "sal_noref_c2": 0.20200234651565552,
        "sal_noref_c3": 0.13531701266765594,
        "sal_noref_c4": 0.11638868600130081,
        "sal_noref_c5": 0.0946163684129715,
        "sal_wref_c1": 3.098592758178711,
        "sal_wref_c2": 1.5737005472183228,
        "sal_wref_c3": 1.0491336584091187,
        "sal_wref_c4": 0.7967041730880737,
        "sal_wref_c5": 0.637799859046936
      }
    },
    {
      "step_idx": 3,
      "role": "DataVerification_Expert",
      "is_mistake": true,
      "scores": {
        "gradnorm_l1_centered": 928.74560546875,
        "gradnorm_l1_uncentered": 333.08624267578125,
        "gradnorm_l2_centered": 2.027045965194702,
        "gradnorm_l2_uncentered": 0.6642638444900513,
        "sal_noref_c1": 0.11903230100870132,
        "sal_noref_c2": 0.06055064871907234,
        "sal_noref_c3": 0.045072365552186966,
        "sal_noref_c4": 0.03633464127779007,
        "sal_noref_c5": 0.030496830120682716,
        "sal_wref_c1": 3.728024959564209,
        "sal_wref_c2": 1.8551573753356934,
        "sal_wref_c3": 1.2461556196212769,
        "sal_wref_c4": 0.9353442788124084,
        "sal_wref_c5": 0.7506629824638367
      }
    },
    {
      "step_idx": 4,
      "role": "Computer_terminal",
      "is_mistake": false,
      "scores": {
        "gradnorm_l1_centered": 944.7938232421875,
        "gradnorm_l1_uncentered": 976.06787109375,
        "gradnorm_l2_centered": 2.0405285358428955,
        "gradnorm_l2_uncentered": 2.321525812149048,
        "sal_noref_c1": 1.9560235738754272,
        "sal_noref_c2": 1.0531110763549805,
        "sal_noref_c3": 0.7432727813720703,
        "sal_noref_c4": 0.6784248948097229,
        "sal_noref_c5": 0.6342446804046631,
        "sal_wref_c1": 0.7904269695281982,
        "sal_wref_c2": 0.5072522163391113,
        "sal_wref_c3": 0.390674352645874,
        "sal_wref_c4": 0.40550848841667175,
        "sal_wref_c5": 0.4137689173221588
      }
    },
    {
      "step_idx": 5,
      "role": "DataVerification_Expert",
      "is_mistake": false,
      "scores": {
        "gradnorm_l1_centered": 968.01513671875,
        "gradnorm_l1_uncentered": 193.7376708984375,
        "gradnorm_l2_centered": 2.1331310272216797,
        "gradnorm_l2_uncentered": 0.3869720995426178,
        "sal_noref_c1": 0.036966197192668915,
        "sal_noref_c2": 0.023366717621684074,
        "sal_noref_c3": 0.015703650191426277,
        "sal_noref_c4": 0.012530872598290443,
        "sal_noref_c5": 0.011198329739272594,
        "sal_wref_c1": 4.314133644104004,
        "sal_wref_c2": 2.1642813682556152,
        "sal_wref_c3": 1.443190574645996,
        "sal_wref_c4": 1.0842962265014648,
        "sal_wref_c5": 0.8677924871444702
      }
    },
    {
      "step_idx": 6,
      "role": "Computer_terminal",
      "is_mistake": false,
      "scores": {
        "gradnorm_l1_centered": 922.903564453125,
        "gradnorm_l1_uncentered": 845.5826416015625,
        "gradnorm_l2_centered": 1.9522672891616821,
        "gradnorm_l2_uncentered": 2.0206265449523926,
        "sal_noref_c1": 1.431675672531128,
        "sal_noref_c2": 0.728430986404419,
        "sal_noref_c3": 0.7154440879821777,
        "sal_noref_c4": 0.5501413345336914,
        "sal_noref_c5": 0.464979350566864,
        "sal_wref_c1": 1.1810214519500732,
        "sal_wref_c2": 0.6193925142288208,
        "sal_wref_c3": 0.6719441413879395,
        "sal_wref_c4": 0.5150514841079712,
        "sal_wref_c5": 0.42995890974998474
      }
    },
    {
      "step_idx": 7,
      "role": "Eateries_Expert",
      "is_mistake": false,
      "scores": {
        "gradnorm_l1_centered": 983.22216796875,
        "gradnorm_l1_uncentered": 197.42019653320312,
        "gradnorm_l2_centered": 2.1724421977996826,
        "gradnorm_l2_uncentered": 0.3344120383262634,
        "sal_noref_c1": 0.02187136374413967,
        "sal_noref_c2": 0.010974504984915257,
        "sal_noref_c3": 0.007603249046951532,
        "sal_noref_c4": 0.006140545941889286,
        "sal_noref_c5": 0.005289730615913868,
        "sal_wref_c1": 4.498828411102295,
        "sal_wref_c2": 2.2411208152770996,
        "sal_wref_c3": 1.496141791343689,
        "sal_wref_c4": 1.122114658355713,
        "sal_wref_c5": 0.9002618789672852
      }
    },
    {
      "step_idx": 8,
      "role": "Computer_terminal",
      "is_mistake": false,
      "scores": {
        "gradnorm_l1_centered": 998.3348388671875,
        "gradnorm_l1_uncentered": 1069.05712890625,
        "gradnorm_l2_centered": 1.897268533706665,
        "gradnorm_l2_uncentered": 2.1912124156951904,
        "sal_noref_c1": 1.9186909198760986,
        "sal_noref_c2": 0.985724925994873,
        "sal_noref_c3": 0.6630393862724304,
        "sal_noref_c4": 0.5004042983055115,
        "sal_noref_c5": 0.42608800530433655,
        "sal_wref_c1": 0.8281663060188293,
        "sal_wref_c2": 0.46607616543769836,
        "sal_wref_c3": 0.31304916739463806,
        "sal_wref_c4": 0.23784469068050385,
        "sal_wref_c5": 0.19698205590248108
      }
    },
    {
      "step_idx": 9,
      "role": "DataVerification_Expert",
      "is_mistake": false,
      "scores": {
        "gradnorm_l1_centered": 1018.0775756835938,
        "gradnorm_l1_uncentered": 424.2281494140625,
        "gradnorm_l2_centered": 2.155916452407837,
        "gradnorm_l2_uncentered": 0.8893865346908569,
        "sal_noref_c1": 0.09432332962751389,
        "sal_noref_c2": 0.0689779594540596,
        "sal_noref_c3": 0.079121895134449,
        "sal_noref_c4": 0.07689712941646576,