{
  "config": {
    "subset": "algorithm-generated",
    "weight_config": "/home/hoangpham/exchange/algorithm-generated/k/34"
  },
  "metadata": {
    "filename": "45.json",
    "question_id": "04a04a9b-226c-43fd-b319-d5e89743676f",
    "mistake_agent": "PublicationData_Expert",
    "mistake_step": 1,
    "level": "2",
    "subset": "algorithm-generated",
    "question": "If we assume all articles published by Nature in 2020 (articles, only, not book reviews/columns, etc) relied on statistical significance to justify their findings and they on average came to a p-value of 0.04, how many papers would be incorrect as to their claims of statistical significance? Round the value up to the next integer."
  },
  "steps": [
    {
      "step_idx": 0,
      "role": "DataAnalysis_Expert",
      "is_mistake": false,
      "scores": {
        "gradnorm_l1_centered": 968.0618286132812,
        "gradnorm_l1_uncentered": 366.59033203125,
        "gradnorm_l2_centered": 1.976530909538269,
        "gradnorm_l2_uncentered": 0.8500829935073853,
        "sal_noref_c1": 0.19221122562885284,
        "sal_noref_c2": 0.10484395176172256,
        "sal_noref_c3": 0.07056661695241928,
        "sal_noref_c4": 0.05915294960141182,
        "sal_noref_c5": 0.04769605025649071,
        "sal_wref_c1": 3.4111742973327637,
        "sal_wref_c2": 1.6971064805984497,
        "sal_wref_c3": 1.131404995918274,
        "sal_wref_c4": 0.8569175601005554,
        "sal_wref_c5": 0.6872161030769348
      }
    },
    {
      "step_idx": 1,
      "role": "PublicationData_Expert",
      "is_mistake": true,
      "scores": {
        "gradnorm_l1_centered": 903.4468383789062,
        "gradnorm_l1_uncentered": 421.30169677734375,
        "gradnorm_l2_centered": 1.9087730646133423,
        "gradnorm_l2_uncentered": 0.9276108145713806,
        "sal_noref_c1": 0.27732187509536743,
        "sal_noref_c2": 0.15552006661891937,
        "sal_noref_c3": 0.10897690057754517,
        "sal_noref_c4": 0.09387663751840591,
        "sal_noref_c5": 0.0792606770992279,
        "sal_wref_c1": 3.094630718231201,
        "sal_wref_c2": 1.5432727336883545,
        "sal_wref_c3": 1.030744194984436,
        "sal_wref_c4": 0.789989709854126,
        "sal_wref_c5": 0.6377829313278198
      }
    },
    {
      "step_idx": 2,
      "role": "Computer_terminal",
      "is_mistake": false,
      "scores": {
        "gradnorm_l1_centered": 4701.8916015625,
        "gradnorm_l1_uncentered": 5325.767578125,
        "gradnorm_l2_centered": 10.185626029968262,
        "gradnorm_l2_uncentered": 11.643239974975586,
        "sal_noref_c1": 63.88196563720703,
        "sal_noref_c2": 37.47748565673828,
        "sal_noref_c3": 30.188390731811523,
        "sal_noref_c4": 23.155420303344727,
        "sal_noref_c5": 19.49451446533203,
        "sal_wref_c1": 31.397912979125977,
        "sal_wref_c2": 21.526195526123047,
        "sal_wref_c3": 19.71770477294922,
        "sal_wref_c4": 15.215163230895996,
        "sal_wref_c5": 13.404080390930176
      }
    },
    {
      "step_idx": 3,
      "role": "VerificationExpert",
      "is_mistake": false,
      "scores": {
        "gradnorm_l1_centered": 815.1002197265625,
        "gradnorm_l1_uncentered": 709.1075439453125,
        "gradnorm_l2_centered": 1.6889113187789917,
        "gradnorm_l2_uncentered": 1.521232008934021,
        "sal_noref_c1": 1.0433226823806763,
        "sal_noref_c2": 0.5627819299697876,
        "sal_noref_c3": 0.3829852342605591,
        "sal_noref_c4": 0.29698505997657776,
        "sal_noref_c5": 0.23945550620555878,
        "sal_wref_c1": 1.5953991413116455,
        "sal_wref_c2": 0.8154523372650146,
        "sal_wref_c3": 0.5478758215904236,
        "sal_wref_c4": 0.4132919907569885,
        "sal_wref_c5": 0.3341146409511566
      }
    },
    {
      "step_idx": 4,
      "role": "PublicationData_Expert",
      "is_mistake": false,
      "scores": {
        "gradnorm_l1_centered": 4251.3115234375,
        "gradnorm_l1_uncentered": 4970.876953125,
        "gradnorm_l2_centered": 7.631070137023926,
        "gradnorm_l2_uncentered": 9.119622230529785,
        "sal_noref_c1": 45.132041931152344,
        "sal_noref_c2": 23.36840057373047,
        "sal_noref_c3": 16.51796531677246,
        "sal_noref_c4": 12.392294883728027,
        "sal_noref_c5": 11.27436637878418,
        "sal_wref_c1": 20.54670524597168,
        "sal_wref_c2": 11.042224884033203,
        "sal_wref_c3": 8.372772216796875,
        "sal_wref_c4": 6.2851457595825195,
        "sal_wref_c5": 6.2371439933776855
      }
    }
  ]
}