{
  "config": {
    "subset": "algorithm-generated",
    "weight_config": "/home/hoangpham/exchange/algorithm-generated/k/34"
  },
  "metadata": {
    "filename": "50.json",
    "question_id": "076c8171-9b3b-49b9-a477-244d2a532826",
    "mistake_agent": "DataAnalysis_Expert",
    "mistake_step": 3,
    "level": "2",
    "subset": "algorithm-generated",
    "question": "The attached file contains a list of vendors in the Liminal Springs mall, along with each vendor\u2019s monthly revenue and the rent they pay the mall. I want you to find the vendor that makes the least money, relative to the rent it pays. Then, tell me what is listed in the \u201ctype\u201d column for that vendor."
  },
  "steps": [
    {
      "step_idx": 0,
      "role": "DataAnalysis_Expert",
      "is_mistake": false,
      "scores": {
        "gradnorm_l1_centered": 968.895751953125,
        "gradnorm_l1_uncentered": 404.39312744140625,
        "gradnorm_l2_centered": 1.9854234457015991,
        "gradnorm_l2_uncentered": 0.9695313572883606,
        "sal_noref_c1": 0.22208072245121002,
        "sal_noref_c2": 0.136536106467247,
        "sal_noref_c3": 0.0910399928689003,
        "sal_noref_c4": 0.07168686389923096,
        "sal_noref_c5": 0.05822976306080818,
        "sal_wref_c1": 3.3112850189208984,
        "sal_wref_c2": 1.6547383069992065,
        "sal_wref_c3": 1.1041027307510376,
        "sal_wref_c4": 0.8326895236968994,
        "sal_wref_c5": 0.6661978960037231
      }
    },
    {
      "step_idx": 1,
      "role": "Computer_terminal",
      "is_mistake": false,
      "scores": {
        "gradnorm_l1_centered": 1543.5035400390625,
        "gradnorm_l1_uncentered": 1897.1187744140625,
        "gradnorm_l2_centered": 3.4293787479400635,
        "gradnorm_l2_uncentered": 4.394235610961914,
        "sal_noref_c1": 7.38510274887085,
        "sal_noref_c2": 4.986286163330078,
        "sal_noref_c3": 3.3469932079315186,
        "sal_noref_c4": 2.9640960693359375,
        "sal_noref_c5": 2.4272892475128174,
        "sal_wref_c1": 0.13801810145378113,
        "sal_wref_c2": 1.2848095893859863,
        "sal_wref_c3": 0.8857002854347229,
        "sal_wref_c4": 1.1465463638305664,
        "sal_wref_c5": 0.9454485177993774
      }
    },
    {
      "step_idx": 2,
      "role": "Financial_Expert",
      "is_mistake": false,
      "scores": {
        "gradnorm_l1_centered": 2682.91015625,
        "gradnorm_l1_uncentered": 3219.232666015625,
        "gradnorm_l2_centered": 5.193044662475586,
        "gradnorm_l2_uncentered": 6.465444087982178,
        "sal_noref_c1": 18.2683162689209,
        "sal_noref_c2": 10.12152099609375,
        "sal_noref_c3": 6.758322238922119,
        "sal_noref_c4": 5.091713905334473,
        "sal_noref_c5": 4.625414848327637,
        "sal_wref_c1": 3.606729507446289,
        "sal_wref_c2": 2.7975218296051025,
        "sal_wref_c3": 1.871601939201355,
        "sal_wref_c4": 1.4192535877227783,
        "sal_wref_c5": 1.766721487045288
      }
    },
    {
      "step_idx": 3,
      "role": "DataAnalysis_Expert",
      "is_mistake": true,
      "scores": {
        "gradnorm_l1_centered": 1203.586669921875,
        "gradnorm_l1_uncentered": 1437.52783203125,
        "gradnorm_l2_centered": 2.605022430419922,
        "gradnorm_l2_uncentered": 3.4315779209136963,
        "sal_noref_c1": 4.8459858894348145,
        "sal_noref_c2": 3.339087963104248,
        "sal_noref_c3": 2.2349939346313477,
        "sal_noref_c4": 1.6773163080215454,
        "sal_noref_c5": 1.4281255006790161,
        "sal_wref_c1": 0.01266458723694086,
        "sal_wref_c2": 0.8491031527519226,
        "sal_wref_c3": 0.5716248750686646,
        "sal_wref_c4": 0.42871907353401184,
        "sal_wref_c5": 0.4045785963535309
      }
    },
    {
      "step_idx": 4,
      "role": "Computer_terminal",
      "is_mistake": false,
      "scores": {
        "gradnorm_l1_centered": 1661.9342041015625,
        "gradnorm_l1_uncentered": 2022.0904541015625,
        "gradnorm_l2_centered": 4.24839448928833,
        "gradnorm_l2_uncentered": 5.457828521728516,
        "sal_noref_c1": 13.578258514404297,
        "sal_noref_c2": 9.565845489501953,
        "sal_noref_c3": 6.47425651550293,
        "sal_noref_c4": 5.07716703414917,
        "sal_noref_c5": 4.1861982345581055,
        "sal_wref_c1": 1.8725031614303589,
        "sal_wref_c2": 3.6722559928894043,
        "sal_wref_c3": 2.5517051219940186,
        "sal_wref_c4": 2.1392688751220703,
        "sal_wref_c5": 1.8620351552963257
      }
    },
    {
      "step_idx": 5,
      "role": "DataAnalysis_Expert",
      "is_mistake": false,
      "scores": {
        "gradnorm_l1_centered": 1215.779296875,
        "gradnorm_l1_uncentered": 1496.649658203125,
        "gradnorm_l2_centered": 2.4082131385803223,
        "gradnorm_l2_uncentered": 3.356822967529297,
        "sal_noref_c1": 5.263499736785889,
        "sal_noref_c2": 2.767029285430908,
        "sal_noref_c3": 1.8502888679504395,
        "sal_noref_c4": 1.5166730880737305,
        "sal_noref_c5": 1.2278082370758057,
        "sal_wref_c1": 0.0005560104036703706,
        "sal_wref_c2": 0.11067337542772293,
        "sal_wref_c3": 0.08266913890838623,
        "sal_wref_c4": 0.1803758144378662,
        "sal_wref_c5": 0.14522099494934082
      }
    },
    {
      "step_idx": 6,
      "role": "Computer_terminal",
      "is_mistake": false,
      "scores": {
        "gradnorm_l1_centered": 1390.105712890625,
        "gradnorm_l1_uncentered": 1634.677978515625,
        "gradnorm_l2_centered": 3.018566131591797,
        "gradnorm_l2_uncentered": 3.951765775680542,
        "sal_noref_c1": 6.271227836608887,
        "sal_noref_c2": 3.2885079383850098,
        "sal_noref_c3": 2.628296136856079,
        "sal_noref_c4": 1.9715224504470825,
        "sal_noref_c5": 1.5956947803497314,
        "sal_wref_c1": 0.03041783533990383,
        "sal_wref_c2": 0.14274075627326965,
        "sal_wref_c3": 0.5757855772972107,
        "sal_wref_c4": 0.4324471056461334,
        "sal_wref_c5": 0.3467894494533539
      }
    },
    {
      "step_idx": 7,
      "role": "DataAnalysis_Expert",
      "is_mistake": false,
      "scores": {
        "gradnorm_l1_centered": 858.7928466796875,
        "gradnorm_l1_uncentered": 925.1383056640625,
        "gradnorm_l2_centered": 1.768924355506897,
        "gradnorm_l2_uncentered": 2.1572346687316895,
        "sal_noref_c1": 2.133563756942749,
        "sal_noref_c2": 1.0690377950668335,
        "sal_noref_c3": 0.8930599093437195,
        "sal_noref_c4": 0.6718423366546631,
        "sal_noref_c5": 0.538190484046936,
        "sal_wref_c1": 0.6898097395896912,
        "sal_wref_c2": 0.3591802716255188,
        "sal_wref_c3": 0.44761738181114197,
        "sal_wref_c4": 0.33795449137687683,
        "sal_wref_c5": 0.2714405357837677
      }
    },
    {
      "step_idx": 8,
      "role": "Computer_terminal",
      "is_mistake": false,
      "scores": {
        "gradnorm_l1_centered": 2058.760498046875,
        "gradnorm_l1_uncentered": 2326.27294921875,
        "gradnorm_l2_centered": 4.644973278045654,
        "gradnorm_l2_uncentered": 5.270017147064209,
        "sal_noref_c1": 5.777971267700195,
        "sal_noref_c2": 2.8874497413635254,
        "sal_noref_c3": 2.0999884605407715,
        "sal_noref_c4": 1.6477296352386475,
        "sal_noref_c5": 1.5651758909225464,
        "sal_wref_c1": 0.0025226487778127193,
        "sal_wref_c2": 0.0013003806816413999,
        "sal_wref_c3": 0.21178168058395386,
        "sal_wref_c4": 0.2519932687282562,
        "sal_wref_c5": 0.3185662031173706
      }
    },
    {
      "step_idx": 9,
      "role": "Financial_Expert",
      "is_mistake": false,
      "scores": {
        "gradnorm_l1_centered": 854.7388305664062,
        "gradnorm_l1_uncentered": 605.2583618164062,
        "gradnorm_l2_centered": 1.7033054828643799,
        "gradnorm_l2_uncentered": 1.442125678062439,
        "sal_noref_c1": 0.9236579537391663,
        "sal_noref_c2": 0.471113383769989,