scoring	family	weight	step_acc	agent_acc
proj_c1_cen	svd	down/25	0.1428571428571428	0.3253968253968254
proj_c1_cen	svd	down/11	0.0952380952380952	0.4047619047619047
proj_c1_raw	svd	q_norm/10	0.0952380952380952	0.3333333333333333
proj_c2_raw	svd	q_norm/10	0.0873015873015873	0.3333333333333333
proj_c1_cen	svd	norm	0.0873015873015873	0.3888888888888889
proj_c1_cen	svd	lm_head	0.0793650793650793	0.2857142857142857
proj_c1_cen	svd	q_norm/6	0.0793650793650793	0.2777777777777778
proj_c5_raw	svd	q_norm/10	0.0793650793650793	0.3333333333333333
proj_c8_raw	svd	q_norm/10	0.0793650793650793	0.3253968253968254
proj_c2_cen	svd	lm_head	0.0793650793650793	0.3095238095238095
proj_c3_raw	svd	q_norm/10	0.0793650793650793	0.3174603174603174
proj_c7_raw	svd	q_norm/10	0.0793650793650793	0.3253968253968254
proj_c6_raw	svd	q_norm/10	0.0793650793650793	0.3253968253968254
proj_c4_raw	svd	q_norm/10	0.0793650793650793	0.3333333333333333
proj_c9_raw	svd	q_norm/10	0.0793650793650793	0.3174603174603174
proj_c1_cen	svd	o/8	0.0714285714285714	0.3015873015873015
proj_c1_cen	svd	q/12	0.0714285714285714	0.2698412698412698
proj_c1_raw	svd	lm_head	0.0714285714285714	0.3095238095238095
proj_c1_raw	svd	in_norm/24	0.0714285714285714	0.3015873015873015
proj_c1_raw	svd	q_norm/19	0.0714285714285714	0.2539682539682539
