{
  "config": {
    "subset": "hand-crafted",
    "weight_config": "/home/hoangpham/exchange/hand-crafted/k/21"
  },
  "metadata": {
    "filename": "22.json",
    "question_id": "b816bfce-3d80-4913-a07d-69b752ce6377",
    "mistake_agent": "FileSurfer",
    "mistake_step": 4,
    "level": 1,
    "subset": "hand-crafted",
    "question": "In Emily Midkiff's June 2014 article in a journal named for the one of Hreidmar's sons that guarded his house, what word was quoted from two different authors in distaste for the nature of dragon depictions?"
  },
  "steps": [
    {
      "step_idx": 1,
      "role": "Orchestrator (thought)",
      "is_mistake": false,
      "scores": {
        "gradnorm_l1_centered": 1358.1456298828125,
        "gradnorm_l1_uncentered": 406.3592834472656,
        "gradnorm_l2_centered": 3.084951639175415,
        "gradnorm_l2_uncentered": 1.175546646118164,
        "sal_noref_c1": 0.23595675826072693,
        "sal_noref_c2": 0.17607015371322632,
        "sal_noref_c3": 0.1497258096933365,
        "sal_noref_c4": 0.11430523544549942,
        "sal_noref_c5": 0.09983772784471512,
        "sal_wref_c1": 8.300240516662598,
        "sal_wref_c2": 4.070888996124268,
        "sal_wref_c3": 2.7176554203033447,
        "sal_wref_c4": 2.108267068862915,
        "sal_wref_c5": 1.700094223022461
      }
    },
    {
      "step_idx": 2,
      "role": "Orchestrator (thought)",
      "is_mistake": false,
      "scores": {
        "gradnorm_l1_centered": 1476.513671875,
        "gradnorm_l1_uncentered": 866.247314453125,
        "gradnorm_l2_centered": 3.176532745361328,
        "gradnorm_l2_uncentered": 2.275153398513794,
        "sal_noref_c1": 0.7084303498268127,
        "sal_noref_c2": 0.4404565691947937,
        "sal_noref_c3": 0.5300957560539246,
        "sal_noref_c4": 0.3983527421951294,
        "sal_noref_c5": 0.36261802911758423,
        "sal_wref_c1": 6.72891092300415,
        "sal_wref_c2": 3.301328659057617,
        "sal_wref_c3": 2.2133777141571045,
        "sal_wref_c4": 1.683197021484375,
        "sal_wref_c5": 1.3487389087677002
      }
    },
    {
      "step_idx": 3,
      "role": "Orchestrator (-> WebSurfer)",
      "is_mistake": false,
      "scores": {
        "gradnorm_l1_centered": 2088.640625,
        "gradnorm_l1_uncentered": 2358.55078125,
        "gradnorm_l2_centered": 3.4443111419677734,
        "gradnorm_l2_uncentered": 4.9806013107299805,
        "sal_noref_c1": 10.933990478515625,
        "sal_noref_c2": 6.127094745635986,
        "sal_noref_c3": 4.720479965209961,
        "sal_noref_c4": 3.5451152324676514,
        "sal_noref_c5": 2.8606057167053223,
        "sal_wref_c1": 0.05530514195561409,
        "sal_wref_c2": 0.23191837966442108,
        "sal_wref_c3": 0.3558163344860077,
        "sal_wref_c4": 0.3666357398033142,
        "sal_wref_c5": 0.30144184827804565
      }
    },
    {
      "step_idx": 4,
      "role": "WebSurfer",
      "is_mistake": true,
      "scores": {
        "gradnorm_l1_centered": 1400.2261962890625,
        "gradnorm_l1_uncentered": 518.6361694335938,
        "gradnorm_l2_centered": 3.1871485710144043,
        "gradnorm_l2_uncentered": 1.5161936283111572,
        "sal_noref_c1": 0.26417216658592224,
        "sal_noref_c2": 0.22446894645690918,
        "sal_noref_c3": 0.1557173877954483,
        "sal_noref_c4": 0.18316350877285004,
        "sal_noref_c5": 0.16114072501659393,
        "sal_wref_c1": 8.17813777923584,
        "sal_wref_c2": 4.01985502243042,
        "sal_wref_c3": 2.8339507579803467,
        "sal_wref_c4": 2.153918981552124,
        "sal_wref_c5": 1.723140001296997
      }
    },
    {
      "step_idx": 5,
      "role": "Orchestrator (thought)",
      "is_mistake": false,
      "scores": {
        "gradnorm_l1_centered": 1411.4761962890625,
        "gradnorm_l1_uncentered": 709.3961181640625,
        "gradnorm_l2_centered": 3.107858419418335,
        "gradnorm_l2_uncentered": 1.9649403095245361,
        "sal_noref_c1": 0.5488395094871521,
        "sal_noref_c2": 0.43283146619796753,
        "sal_noref_c3": 0.4009861946105957,
        "sal_noref_c4": 0.31173887848854065,
        "sal_noref_c5": 0.2871513068675995,
        "sal_wref_c1": 7.169705867767334,
        "sal_wref_c2": 3.524127960205078,
        "sal_wref_c3": 2.3571245670318604,
        "sal_wref_c4": 1.833243489265442,
        "sal_wref_c5": 1.4792689085006714
      }
    },
    {
      "step_idx": 6,
      "role": "Orchestrator (-> WebSurfer)",
      "is_mistake": false,
      "scores": {
        "gradnorm_l1_centered": 1337.808349609375,
        "gradnorm_l1_uncentered": 1636.43896484375,
        "gradnorm_l2_centered": 2.4333736896514893,
        "gradnorm_l2_uncentered": 3.794893264770508,
        "sal_noref_c1": 7.335351943969727,
        "sal_noref_c2": 4.458625316619873,
        "sal_noref_c3": 3.2576160430908203,
        "sal_noref_c4": 2.4886510372161865,
        "sal_noref_c5": 2.025716781616211,
        "sal_wref_c1": 0.6365254521369934,
        "sal_wref_c2": 0.6470126509666443,
        "sal_wref_c3": 0.433824747800827,
        "sal_wref_c4": 0.48903679847717285,
        "sal_wref_c5": 0.4090203642845154
      }
    },
    {
      "step_idx": 7,
      "role": "Orchestrator (thought)",
      "is_mistake": false,
      "scores": {
        "gradnorm_l1_centered": 4720.5556640625,
        "gradnorm_l1_uncentered": 5699.57763671875,
        "gradnorm_l2_centered": 12.075852394104004,
        "gradnorm_l2_uncentered": 14.797029495239258,
        "sal_noref_c1": 157.31857299804688,
        "sal_noref_c2": 80.4718017578125,
        "sal_noref_c3": 54.177738189697266,
        "sal_noref_c4": 44.255516052246094,
        "sal_noref_c5": 35.46490478515625,
        "sal_wref_c1": 84.39657592773438,
        "sal_wref_c2": 45.57830047607422,
        "sal_wref_c3": 32.4412956237793,
        "sal_wref_c4": 24.950376510620117,
        "sal_wref_c5": 20.164461135864258
      }
    },
    {
      "step_idx": 8,
      "role": "WebSurfer",
      "is_mistake": false,
      "scores": {
        "gradnorm_l1_centered": 1378.354736328125,
        "gradnorm_l1_uncentered": 379.7864990234375,
        "gradnorm_l2_centered": 3.1781697273254395,
        "gradnorm_l2_uncentered": 1.1110897064208984,
        "sal_noref_c1": 0.18246912956237793,
        "sal_noref_c2": 0.22170381247997284,
        "sal_noref_c3": 0.16052258014678955,
        "sal_noref_c4": 0.12667837738990784,
        "sal_noref_c5": 0.1114940419793129,
        "sal_wref_c1": 8.478251457214355,
        "sal_wref_c2": 4.196043014526367,
        "sal_wref_c3": 2.920705795288086,
        "sal_wref_c4": 2.319577693939209,
        "sal_wref_c5": 1.85724675655365
      }
    },
    {
      "step_idx": 9,
      "role": "Orchestrator (thought)",
      "is_mistake": false,
      "scores": {
        "gradnorm_l1_centered": 1364.8895263671875,
        "gradnorm_l1_uncentered": 638.6990966796875,
        "gradnorm_l2_centered": 2.934574842453003,
        "gradnorm_l2_uncentered": 2.0949578285217285,
        "sal_noref_c1": 0.8836567997932434,
        "sal_noref_c2": 0.6224542856216431,
        "sal_noref_c3": 0.5982410311698914,
        "sal_noref_c4": 0.45867693424224854,
        "sal_noref_c5": 0.4227316379547119,
        "sal_wref_c1": 6.236018657684326,
        "sal_wref_c2": 3.0619287490844727,
        "sal_wref_c3": 2.062908887863159,
        "sal_wref_c4": 1.5911424160003662,
        "sal_wref_c5": 1.2842048406600952
      }
    },
    {
      "step_idx": 10,
      "role": "Orchestrator (-> WebSurfer)",
      "is_mistake": false,
      "scores": {
        "gradnorm_l1_centered": 1553.796630859375,
        "gradnorm_l1_uncentered": 1737.1195068359375,
        "gradnorm_l2_centered": 3.001821517944336,
        "gradnorm_l2_uncentered": 3.3955373764038086,
        "sal_noref_c1": 3.385650634765625,
        "sal_noref_c2": 1.7494865655899048,
        "sal_noref_c3": 1.7053228616714478,
        "sal_noref_c4": 1.5871315002441406,
        "sal_noref_c5": 1.3131344318389893,