{
  "config": {
    "subset": "hand-crafted",
    "weight_config": "/home/hoangpham/exchange/hand-crafted/k/21"
  },
  "metadata": {
    "filename": "49.json",
    "question_id": "14569e28-c88c-43e4-8c32-097d35b9a67d",
    "mistake_agent": "WebSurfer",
    "mistake_step": 12,
    "level": 2,
    "subset": "hand-crafted",
    "question": "In Unlambda, what exact charcter or text needs to be added to correct the following code to output \"For penguins\"? If what is needed is a character, answer with the name of the character. If there are different names for the character, use the shortest. The text location is not needed. Code:"
  },
  "steps": [
    {
      "step_idx": 1,
      "role": "Orchestrator (thought)",
      "is_mistake": false,
      "scores": {
        "gradnorm_l1_centered": 1345.4833984375,
        "gradnorm_l1_uncentered": 383.01556396484375,
        "gradnorm_l2_centered": 2.946719169616699,
        "gradnorm_l2_uncentered": 1.397727131843567,
        "sal_noref_c1": 0.4556676745414734,
        "sal_noref_c2": 0.2957412898540497,
        "sal_noref_c3": 0.23549784719944,
        "sal_noref_c4": 0.18084487318992615,
        "sal_noref_c5": 0.16067920625209808,
        "sal_wref_c1": 7.302329063415527,
        "sal_wref_c2": 3.579744577407837,
        "sal_wref_c3": 2.3879001140594482,
        "sal_wref_c4": 1.878097653388977,
        "sal_wref_c5": 1.503199815750122
      }
    },
    {
      "step_idx": 2,
      "role": "Orchestrator (thought)",
      "is_mistake": false,
      "scores": {
        "gradnorm_l1_centered": 1440.009765625,
        "gradnorm_l1_uncentered": 799.978759765625,
        "gradnorm_l2_centered": 3.1654505729675293,
        "gradnorm_l2_uncentered": 2.55212664604187,
        "sal_noref_c1": 1.0165680646896362,
        "sal_noref_c2": 0.6975318193435669,
        "sal_noref_c3": 0.7705249786376953,
        "sal_noref_c4": 0.594273030757904,
        "sal_noref_c5": 0.5262402892112732,
        "sal_wref_c1": 6.006361961364746,
        "sal_wref_c2": 2.948150157928467,
        "sal_wref_c3": 2.0269548892974854,
        "sal_wref_c4": 1.5513437986373901,
        "sal_wref_c5": 1.25356924533844
      }
    },
    {
      "step_idx": 3,
      "role": "Orchestrator (-> WebSurfer)",
      "is_mistake": false,
      "scores": {
        "gradnorm_l1_centered": 1522.7557373046875,
        "gradnorm_l1_uncentered": 1726.2001953125,
        "gradnorm_l2_centered": 3.035130739212036,
        "gradnorm_l2_uncentered": 3.6270313262939453,
        "sal_noref_c1": 3.954803228378296,
        "sal_noref_c2": 2.0127646923065186,
        "sal_noref_c3": 2.3399810791015625,
        "sal_noref_c4": 2.016604423522949,
        "sal_noref_c5": 1.6391137838363647,
        "sal_wref_c1": 2.376322031021118,
        "sal_wref_c2": 1.2457377910614014,
        "sal_wref_c3": 0.8304975628852844,
        "sal_wref_c4": 1.1694226264953613,
        "sal_wref_c5": 0.9410564303398132
      }
    },
    {
      "step_idx": 4,
      "role": "WebSurfer",
      "is_mistake": false,
      "scores": {
        "gradnorm_l1_centered": 1395.2474365234375,
        "gradnorm_l1_uncentered": 504.0013427734375,
        "gradnorm_l2_centered": 3.2171740531921387,
        "gradnorm_l2_uncentered": 1.2934364080429077,
        "sal_noref_c1": 0.16872909665107727,
        "sal_noref_c2": 0.2024228721857071,
        "sal_noref_c3": 0.13583193719387054,
        "sal_noref_c4": 0.12013848125934601,
        "sal_noref_c5": 0.1067698746919632,
        "sal_wref_c1": 8.717799186706543,
        "sal_wref_c2": 4.295281410217285,
        "sal_wref_c3": 2.9626924991607666,
        "sal_wref_c4": 2.2945127487182617,
        "sal_wref_c5": 1.8364722728729248
      }
    },
    {
      "step_idx": 5,
      "role": "Orchestrator (thought)",
      "is_mistake": false,
      "scores": {
        "gradnorm_l1_centered": 1393.0772705078125,
        "gradnorm_l1_uncentered": 640.9866943359375,
        "gradnorm_l2_centered": 3.0923221111297607,
        "gradnorm_l2_uncentered": 1.9686781167984009,
        "sal_noref_c1": 0.5444371700286865,
        "sal_noref_c2": 0.3421746492385864,
        "sal_noref_c3": 0.4413324296474457,
        "sal_noref_c4": 0.33775782585144043,
        "sal_noref_c5": 0.3100413382053375,
        "sal_wref_c1": 7.239786148071289,
        "sal_wref_c2": 3.552194118499756,
        "sal_wref_c3": 2.386094570159912,
        "sal_wref_c4": 1.8280614614486694,
        "sal_wref_c5": 1.4652262926101685
      }
    },
    {
      "step_idx": 6,
      "role": "Orchestrator (-> WebSurfer)",
      "is_mistake": false,
      "scores": {
        "gradnorm_l1_centered": 1777.9417724609375,
        "gradnorm_l1_uncentered": 1965.474365234375,
        "gradnorm_l2_centered": 3.4017763137817383,
        "gradnorm_l2_uncentered": 4.367404937744141,
        "sal_noref_c1": 6.021193981170654,
        "sal_noref_c2": 4.267927169799805,
        "sal_noref_c3": 3.2494049072265625,
        "sal_noref_c4": 2.8632020950317383,
        "sal_noref_c5": 2.3179264068603516,
        "sal_wref_c1": 1.2425041198730469,
        "sal_wref_c2": 1.1514378786087036,
        "sal_wref_c3": 0.8472461700439453,
        "sal_wref_c4": 1.1333527565002441,
        "sal_wref_c5": 0.9067385792732239
      }
    },
    {
      "step_idx": 7,
      "role": "Orchestrator (thought)",
      "is_mistake": false,
      "scores": {
        "gradnorm_l1_centered": 4319.45751953125,
        "gradnorm_l1_uncentered": 5200.771484375,
        "gradnorm_l2_centered": 10.454243659973145,
        "gradnorm_l2_uncentered": 13.187540054321289,
        "sal_noref_c1": 116.14141845703125,
        "sal_noref_c2": 66.76602935791016,
        "sal_noref_c3": 44.53703689575195,
        "sal_noref_c4": 33.580047607421875,
        "sal_noref_c5": 27.11514663696289,
        "sal_wref_c1": 50.89012908935547,
        "sal_wref_c2": 34.559539794921875,
        "sal_wref_c3": 23.079315185546875,
        "sal_wref_c4": 17.664344787597656,
        "sal_wref_c5": 14.265380859375
      }
    },
    {
      "step_idx": 8,
      "role": "WebSurfer",
      "is_mistake": false,
      "scores": {
        "gradnorm_l1_centered": 1374.233642578125,
        "gradnorm_l1_uncentered": 335.6483154296875,
        "gradnorm_l2_centered": 3.2761435508728027,
        "gradnorm_l2_uncentered": 0.8417644500732422,
        "sal_noref_c1": 0.06671038269996643,
        "sal_noref_c2": 0.06857668608427048,
        "sal_noref_c3": 0.046349164098501205,
        "sal_noref_c4": 0.04105219617486,
        "sal_noref_c5": 0.03742436692118645,
        "sal_wref_c1": 9.475689888000488,
        "sal_wref_c2": 4.651590347290039,
        "sal_wref_c3": 3.174269676208496,
        "sal_wref_c4": 2.4599766731262207,
        "sal_wref_c5": 1.9680392742156982
      }
    },
    {
      "step_idx": 9,
      "role": "Orchestrator (thought)",
      "is_mistake": false,
      "scores": {
        "gradnorm_l1_centered": 1375.173828125,
        "gradnorm_l1_uncentered": 650.2011108398438,
        "gradnorm_l2_centered": 2.8350987434387207,
        "gradnorm_l2_uncentered": 2.4938783645629883,
        "sal_noref_c1": 1.6411741971969604,
        "sal_noref_c2": 1.3262889385223389,
        "sal_noref_c3": 0.9758678078651428,
        "sal_noref_c4": 0.7689289450645447,
        "sal_noref_c5": 0.7012240290641785,
        "sal_wref_c1": 4.691793918609619,
        "sal_wref_c2": 2.4872989654541016,
        "sal_wref_c3": 1.6871695518493652,
        "sal_wref_c4": 1.3706140518188477,
        "sal_wref_c5": 1.0977604389190674
      }
    },
    {
      "step_idx": 10,
      "role": "Orchestrator (-> Assistant)",
      "is_mistake": false,
      "scores": {
        "gradnorm_l1_centered": 1579.8963623046875,
        "gradnorm_l1_uncentered": 1645.21533203125,
        "gradnorm_l2_centered": 3.7115368843078613,
        "gradnorm_l2_uncentered": 3.643235683441162,
        "sal_noref_c1": 1.8952393531799316,
        "sal_noref_c2": 1.3762686252593994,
        "sal_noref_c3": 2.8331451416015625,