{
  "config": {
    "subset": "hand-crafted",
    "weight_config": "/home/hoangpham/exchange/hand-crafted/k/21"
  },
  "metadata": {
    "filename": "16.json",
    "question_id": "52f7224e9c79431e7926afe317782711a0028750693e7456cde22ef6f4bd8bd5",
    "mistake_agent": "Orchestrator",
    "mistake_step": 15,
    "level": -1,
    "subset": "hand-crafted",
    "question": "What is the highest rated (according to IMDB) Isabelle Adjani feature film that is less than 2 hours and is available on Vudu (now called Fandango at Home) to buy or rent?"
  },
  "steps": [
    {
      "step_idx": 1,
      "role": "Orchestrator (thought)",
      "is_mistake": false,
      "scores": {
        "gradnorm_l1_centered": 1356.190673828125,
        "gradnorm_l1_uncentered": 353.2945556640625,
        "gradnorm_l2_centered": 3.1823618412017822,
        "gradnorm_l2_uncentered": 0.9830962419509888,
        "sal_noref_c1": 0.14002788066864014,
        "sal_noref_c2": 0.1199118047952652,
        "sal_noref_c3": 0.08363742381334305,
        "sal_noref_c4": 0.06491710245609283,
        "sal_noref_c5": 0.06082824990153313,
        "sal_wref_c1": 8.81784725189209,
        "sal_wref_c2": 4.326778411865234,
        "sal_wref_c3": 2.902895212173462,
        "sal_wref_c4": 2.2925565242767334,
        "sal_wref_c5": 1.8342831134796143
      }
    },
    {
      "step_idx": 2,
      "role": "Orchestrator (thought)",
      "is_mistake": false,
      "scores": {
        "gradnorm_l1_centered": 1391.7578125,
        "gradnorm_l1_uncentered": 717.2907104492188,
        "gradnorm_l2_centered": 3.01847243309021,
        "gradnorm_l2_uncentered": 2.075326919555664,
        "sal_noref_c1": 0.7887989282608032,
        "sal_noref_c2": 0.6193017363548279,
        "sal_noref_c3": 0.5395176410675049,
        "sal_noref_c4": 0.4288124144077301,
        "sal_noref_c5": 0.38422682881355286,
        "sal_wref_c1": 6.406927108764648,
        "sal_wref_c2": 3.1690406799316406,
        "sal_wref_c3": 2.1401398181915283,
        "sal_wref_c4": 1.6751198768615723,
        "sal_wref_c5": 1.3527108430862427
      }
    },
    {
      "step_idx": 3,
      "role": "Orchestrator (-> WebSurfer)",
      "is_mistake": false,
      "scores": {
        "gradnorm_l1_centered": 2081.16650390625,
        "gradnorm_l1_uncentered": 2455.148681640625,
        "gradnorm_l2_centered": 3.639319896697998,
        "gradnorm_l2_uncentered": 4.6689133644104,
        "sal_noref_c1": 6.966466426849365,
        "sal_noref_c2": 3.791389226913452,
        "sal_noref_c3": 3.389176607131958,
        "sal_noref_c4": 2.6735336780548096,
        "sal_noref_c5": 2.2385263442993164,
        "sal_wref_c1": 0.8304389119148254,
        "sal_wref_c2": 0.4331586956977844,
        "sal_wref_c3": 0.30644679069519043,
        "sal_wref_c4": 0.7719841599464417,
        "sal_wref_c5": 0.6586676836013794
      }
    },
    {
      "step_idx": 4,
      "role": "WebSurfer",
      "is_mistake": false,
      "scores": {
        "gradnorm_l1_centered": 1376.53515625,
        "gradnorm_l1_uncentered": 459.4084167480469,
        "gradnorm_l2_centered": 3.218113660812378,
        "gradnorm_l2_uncentered": 1.532265543937683,
        "sal_noref_c1": 0.23435160517692566,
        "sal_noref_c2": 0.23606491088867188,
        "sal_noref_c3": 0.1608971655368805,
        "sal_noref_c4": 0.2237887978553772,
        "sal_noref_c5": 0.19163501262664795,
        "sal_wref_c1": 8.37288761138916,
        "sal_wref_c2": 4.122419357299805,
        "sal_wref_c3": 2.959594488143921,
        "sal_wref_c4": 2.2385752201080322,
        "sal_wref_c5": 1.7909519672393799
      }
    },
    {
      "step_idx": 5,
      "role": "Orchestrator (thought)",
      "is_mistake": false,
      "scores": {
        "gradnorm_l1_centered": 1394.11865234375,
        "gradnorm_l1_uncentered": 721.0231323242188,
        "gradnorm_l2_centered": 2.9433135986328125,
        "gradnorm_l2_uncentered": 2.1416561603546143,
        "sal_noref_c1": 0.9116479754447937,
        "sal_noref_c2": 0.6762126684188843,
        "sal_noref_c3": 0.6349270939826965,
        "sal_noref_c4": 0.48321983218193054,
        "sal_noref_c5": 0.45079469680786133,
        "sal_wref_c1": 6.1843390464782715,
        "sal_wref_c2": 3.048795461654663,
        "sal_wref_c3": 2.051467180252075,
        "sal_wref_c4": 1.579411506652832,
        "sal_wref_c5": 1.2652266025543213
      }
    },
    {
      "step_idx": 6,
      "role": "Orchestrator (-> WebSurfer)",
      "is_mistake": false,
      "scores": {
        "gradnorm_l1_centered": 2145.93359375,
        "gradnorm_l1_uncentered": 2468.181640625,
        "gradnorm_l2_centered": 3.995058298110962,
        "gradnorm_l2_uncentered": 4.78572940826416,
        "sal_noref_c1": 5.485515594482422,
        "sal_noref_c2": 2.807323455810547,
        "sal_noref_c3": 3.391818046569824,
        "sal_noref_c4": 2.7733752727508545,
        "sal_noref_c5": 2.451193332672119,
        "sal_wref_c1": 1.537449598312378,
        "sal_wref_c2": 0.8249479532241821,
        "sal_wref_c3": 0.5809783339500427,
        "sal_wref_c4": 1.3253216743469238,
        "sal_wref_c5": 1.061758279800415
      }
    },
    {
      "step_idx": 7,
      "role": "Orchestrator (thought)",
      "is_mistake": false,
      "scores": {
        "gradnorm_l1_centered": 4981.89404296875,
        "gradnorm_l1_uncentered": 5976.28271484375,
        "gradnorm_l2_centered": 11.939155578613281,
        "gradnorm_l2_uncentered": 14.699697494506836,
        "sal_noref_c1": 158.00453186035156,
        "sal_noref_c2": 79.985595703125,
        "sal_noref_c3": 53.66011428833008,
        "sal_noref_c4": 41.81863784790039,
        "sal_noref_c5": 33.79262161254883,
        "sal_wref_c1": 84.59593963623047,
        "sal_wref_c2": 44.61467742919922,
        "sal_wref_c3": 30.552330017089844,
        "sal_wref_c4": 23.915138244628906,
        "sal_wref_c5": 19.7418270111084
      }
    },
    {
      "step_idx": 8,
      "role": "WebSurfer",
      "is_mistake": false,
      "scores": {
        "gradnorm_l1_centered": 1396.634521484375,
        "gradnorm_l1_uncentered": 504.5044860839844,
        "gradnorm_l2_centered": 3.384167194366455,
        "gradnorm_l2_uncentered": 1.3831044435501099,
        "sal_noref_c1": 0.07665249705314636,
        "sal_noref_c2": 0.08024975657463074,
        "sal_noref_c3": 0.06313498318195343,
        "sal_noref_c4": 0.16846035420894623,
        "sal_noref_c5": 0.13804692029953003,
        "sal_wref_c1": 9.54442024230957,
        "sal_wref_c2": 4.688681125640869,
        "sal_wref_c3": 3.3443148136138916,
        "sal_wref_c4": 2.516728639602661,
        "sal_wref_c5": 2.015166997909546
      }
    },
    {
      "step_idx": 9,
      "role": "Orchestrator (thought)",
      "is_mistake": false,
      "scores": {
        "gradnorm_l1_centered": 1400.67138671875,
        "gradnorm_l1_uncentered": 729.3349609375,
        "gradnorm_l2_centered": 3.0045228004455566,
        "gradnorm_l2_uncentered": 2.1075527667999268,
        "sal_noref_c1": 0.7971527576446533,
        "sal_noref_c2": 0.5953270196914673,
        "sal_noref_c3": 0.5811100602149963,
        "sal_noref_c4": 0.4458245635032654,
        "sal_noref_c5": 0.38813623785972595,
        "sal_wref_c1": 6.459108829498291,
        "sal_wref_c2": 3.1779112815856934,
        "sal_wref_c3": 2.142771005630493,
        "sal_wref_c4": 1.6398813724517822,
        "sal_wref_c5": 1.3179478645324707
      }
    },
    {
      "step_idx": 10,
      "role": "Orchestrator (-> WebSurfer)",
      "is_mistake": false,
      "scores": {
        "gradnorm_l1_centered": 1718.6336669921875,
        "gradnorm_l1_uncentered": 1902.0634765625,
        "gradnorm_l2_centered": 3.4730191230773926,
        "gradnorm_l2_uncentered": 3.632167339324951,
        "sal_noref_c1": 2.6057260036468506,
        "sal_noref_c2": 1.2972604036331177,
        "sal_noref_c3": 1.8496249914169312,
        "sal_noref_c4": 1.5700639486312866,
        "sal_noref_c5": 1.46898353099823,