{
  "config": {
    "subset": "algorithm-generated",
    "weight_config": "/home/hoangpham/exchange/algorithm-generated/v/24"
  },
  "metadata": {
    "filename": "85.json",
    "question_id": "624cbf11-6a41-4692-af9c-36b3e5ca3130",
    "mistake_agent": "BenAndJerrysFlavors_Expert",
    "mistake_step": 6,
    "level": "2",
    "subset": "algorithm-generated",
    "question": "What's the last line of the rhyme under the flavor name on the headstone visible in the background of the photo of the oldest flavor's headstone in the Ben & Jerry's online flavor graveyard as of the end of 2022?"
  },
  "steps": [
    {
      "step_idx": 0,
      "role": "WebServing_Expert",
      "is_mistake": false,
      "scores": {
        "gradnorm_l1_centered": 872.3853759765625,
        "gradnorm_l1_uncentered": 546.6515502929688,
        "gradnorm_l2_centered": 1.595937728881836,
        "gradnorm_l2_uncentered": 1.1368327140808105,
        "sal_noref_c1": 0.14107030630111694,
        "sal_noref_c2": 0.18198853731155396,
        "sal_noref_c3": 0.12969814240932465,
        "sal_noref_c4": 0.11064688116312027,
        "sal_noref_c5": 0.08953215926885605,
        "sal_wref_c1": 1.572355031967163,
        "sal_wref_c2": 0.828499436378479,
        "sal_wref_c3": 0.5523335933685303,
        "sal_wref_c4": 0.43548405170440674,
        "sal_wref_c5": 0.35098209977149963
      }
    },
    {
      "step_idx": 1,
      "role": "WebServing_Expert",
      "is_mistake": false,
      "scores": {
        "gradnorm_l1_centered": 808.3990478515625,
        "gradnorm_l1_uncentered": 405.9845886230469,
        "gradnorm_l2_centered": 1.6429306268692017,
        "gradnorm_l2_uncentered": 0.8058798909187317,
        "sal_noref_c1": 0.05186772346496582,
        "sal_noref_c2": 0.06354881823062897,
        "sal_noref_c3": 0.04545414820313454,
        "sal_noref_c4": 0.034098755568265915,
        "sal_noref_c5": 0.02860916219651699,
        "sal_wref_c1": 1.7868537902832031,
        "sal_wref_c2": 1.0163254737854004,
        "sal_wref_c3": 0.681842029094696,
        "sal_wref_c4": 0.5134165287017822,
        "sal_wref_c5": 0.412182092666626
      }
    },
    {
      "step_idx": 2,
      "role": "WebServing_Expert",
      "is_mistake": false,
      "scores": {
        "gradnorm_l1_centered": 791.1422119140625,
        "gradnorm_l1_uncentered": 381.8392333984375,
        "gradnorm_l2_centered": 1.6737679243087769,
        "gradnorm_l2_uncentered": 0.8357657194137573,
        "sal_noref_c1": 0.046809710562229156,
        "sal_noref_c2": 0.052799858152866364,
        "sal_noref_c3": 0.04021768271923065,
        "sal_noref_c4": 0.03094099834561348,
        "sal_noref_c5": 0.02607811987400055,
        "sal_wref_c1": 1.8039040565490723,
        "sal_wref_c2": 1.0458861589431763,
        "sal_wref_c3": 0.7004433274269104,
        "sal_wref_c4": 0.5256792306900024,
        "sal_wref_c5": 0.4216199517250061
      }
    },
    {
      "step_idx": 3,
      "role": "WebServing_Expert",
      "is_mistake": false,
      "scores": {
        "gradnorm_l1_centered": 1403.1895751953125,
        "gradnorm_l1_uncentered": 1561.396728515625,
        "gradnorm_l2_centered": 2.1285500526428223,
        "gradnorm_l2_uncentered": 2.5783612728118896,
        "sal_noref_c1": 1.9761723279953003,
        "sal_noref_c2": 1.0508184432983398,
        "sal_noref_c3": 0.7031728625297546,
        "sal_noref_c4": 0.5314748883247375,
        "sal_noref_c5": 0.42521411180496216,
        "sal_wref_c1": 0.0552636943757534,
        "sal_wref_c2": 0.050282664597034454,
        "sal_wref_c3": 0.036483969539403915,
        "sal_wref_c4": 0.02768665738403797,
        "sal_wref_c5": 0.028447311371564865
      }
    },
    {
      "step_idx": 4,
      "role": "DataVerification_Expert",
      "is_mistake": false,
      "scores": {
        "gradnorm_l1_centered": 1109.7442626953125,
        "gradnorm_l1_uncentered": 1155.822998046875,
        "gradnorm_l2_centered": 1.875376582145691,
        "gradnorm_l2_uncentered": 2.1256279945373535,
        "sal_noref_c1": 0.8800050616264343,
        "sal_noref_c2": 0.6676571369171143,
        "sal_noref_c3": 0.48528096079826355,
        "sal_noref_c4": 0.36441153287887573,
        "sal_noref_c5": 0.29485395550727844,
        "sal_wref_c1": 0.6120650768280029,
        "sal_wref_c2": 0.30753445625305176,
        "sal_wref_c3": 0.2068353146314621,
        "sal_wref_c4": 0.1671217679977417,
        "sal_wref_c5": 0.1375804841518402
      }
    },
    {
      "step_idx": 5,
      "role": "Computer_terminal",
      "is_mistake": false,
      "scores": {
        "gradnorm_l1_centered": 880.900146484375,
        "gradnorm_l1_uncentered": 642.7479858398438,
        "gradnorm_l2_centered": 1.7342842817306519,
        "gradnorm_l2_uncentered": 1.2527939081192017,
        "sal_noref_c1": 0.13250881433486938,
        "sal_noref_c2": 0.12914791703224182,
        "sal_noref_c3": 0.1018734946846962,
        "sal_noref_c4": 0.08032423257827759,
        "sal_noref_c5": 0.07101897895336151,
        "sal_wref_c1": 1.525968074798584,
        "sal_wref_c2": 0.851082444190979,
        "sal_wref_c3": 0.5677618384361267,
        "sal_wref_c4": 0.4258277118206024,
        "sal_wref_c5": 0.3406652808189392
      }
    },
    {
      "step_idx": 6,
      "role": "BenAndJerrysFlavors_Expert",
      "is_mistake": true,
      "scores": {
        "gradnorm_l1_centered": 797.5169677734375,
        "gradnorm_l1_uncentered": 461.090576171875,
        "gradnorm_l2_centered": 1.6481950283050537,
        "gradnorm_l2_uncentered": 0.7743569016456604,
        "sal_noref_c1": 0.05583144724369049,
        "sal_noref_c2": 0.03592672944068909,
        "sal_noref_c3": 0.025001639500260353,
        "sal_noref_c4": 0.01909160241484642,
        "sal_noref_c5": 0.015298984944820404,
        "sal_wref_c1": 1.696329951286316,
        "sal_wref_c2": 1.0639512538909912,
        "sal_wref_c3": 0.7198273539543152,
        "sal_wref_c4": 0.5407434105873108,
        "sal_wref_c5": 0.43283209204673767
      }
    },
    {
      "step_idx": 7,
      "role": "DataVerification_Expert",
      "is_mistake": false,
      "scores": {
        "gradnorm_l1_centered": 1683.8802490234375,
        "gradnorm_l1_uncentered": 1929.080810546875,
        "gradnorm_l2_centered": 2.741899251937866,
        "gradnorm_l2_uncentered": 3.4666943550109863,
        "sal_noref_c1": 3.348675012588501,
        "sal_noref_c2": 2.17899489402771,
        "sal_noref_c3": 1.4844355583190918,
        "sal_noref_c4": 1.1133266687393188,
        "sal_noref_c5": 0.8910350799560547,
        "sal_wref_c1": 0.00040577564504928887,
        "sal_wref_c2": 0.07819559425115585,
        "sal_wref_c3": 0.052391234785318375,
        "sal_wref_c4": 0.050403520464897156,
        "sal_wref_c5": 0.052319496870040894
      }
    },
    {
      "step_idx": 8,
      "role": "BenAndJerrysFlavors_Expert",
      "is_mistake": false,
      "scores": {
        "gradnorm_l1_centered": 5185.7216796875,
        "gradnorm_l1_uncentered": 5598.30322265625,
        "gradnorm_l2_centered": 9.01045036315918,
        "gradnorm_l2_uncentered": 9.880817413330078,
        "sal_noref_c1": 48.92345428466797,
        "sal_noref_c2": 29.87338638305664,
        "sal_noref_c3": 20.55790138244629,
        "sal_noref_c4": 15.42135238647461,
        "sal_noref_c5": 12.541491508483887,
        "sal_wref_c1": 37.82701110839844,
        "sal_wref_c2": 21.47904396057129,
        "sal_wref_c3": 15.15985107421875,
        "sal_wref_c4": 11.384528160095215,
        "sal_wref_c5": 9.191880226135254
      }
    }
  ]
}