{
  "config": {
    "subset": "algorithm-generated",
    "weight_config": "/home/hoangpham/exchange/algorithm-generated/v/24"
  },
  "metadata": {
    "filename": "89.json",
    "question_id": "3f57289b-8c60-48be-bd80-01f8099ca449",
    "mistake_agent": "Validation_Expert",
    "mistake_step": 8,
    "level": "1",
    "subset": "algorithm-generated",
    "question": "How many at bats did the Yankee with the most walks in the 1977 regular season have that same season?"
  },
  "steps": [
    {
      "step_idx": 0,
      "role": "Baseball_Historian_Expert",
      "is_mistake": false,
      "scores": {
        "gradnorm_l1_centered": 884.437255859375,
        "gradnorm_l1_uncentered": 561.0647583007812,
        "gradnorm_l2_centered": 1.6395201683044434,
        "gradnorm_l2_uncentered": 1.2696070671081543,
        "sal_noref_c1": 0.172979474067688,
        "sal_noref_c2": 0.2125316560268402,
        "sal_noref_c3": 0.14611463248729706,
        "sal_noref_c4": 0.12851129472255707,
        "sal_noref_c5": 0.10750333964824677,
        "sal_wref_c1": 1.4965829849243164,
        "sal_wref_c2": 0.7798370718955994,
        "sal_wref_c3": 0.5201436877250671,
        "sal_wref_c4": 0.4150943160057068,
        "sal_wref_c5": 0.3337421715259552
      }
    },
    {
      "step_idx": 1,
      "role": "Validation_Expert",
      "is_mistake": false,
      "scores": {
        "gradnorm_l1_centered": 860.0980224609375,
        "gradnorm_l1_uncentered": 671.11376953125,
        "gradnorm_l2_centered": 1.5478875637054443,
        "gradnorm_l2_uncentered": 1.3521116971969604,
        "sal_noref_c1": 0.290065199136734,
        "sal_noref_c2": 0.25358983874320984,
        "sal_noref_c3": 0.18291093409061432,
        "sal_noref_c4": 0.14592987298965454,
        "sal_noref_c5": 0.1173713430762291,
        "sal_wref_c1": 1.247135877609253,
        "sal_wref_c2": 0.6747825741767883,
        "sal_wref_c3": 0.450169175863266,
        "sal_wref_c4": 0.3604133427143097,
        "sal_wref_c5": 0.2897702157497406
      }
    },
    {
      "step_idx": 2,
      "role": "Baseball_Historian_Expert",
      "is_mistake": false,
      "scores": {
        "gradnorm_l1_centered": 1338.281494140625,
        "gradnorm_l1_uncentered": 1395.278564453125,
        "gradnorm_l2_centered": 2.242595672607422,
        "gradnorm_l2_uncentered": 2.5703542232513428,
        "sal_noref_c1": 1.0127441883087158,
        "sal_noref_c2": 0.8490168452262878,
        "sal_noref_c3": 0.5833563208580017,
        "sal_noref_c4": 0.4474392533302307,
        "sal_noref_c5": 0.36298638582229614,
        "sal_wref_c1": 0.6062352061271667,
        "sal_wref_c2": 0.3034802973270416,
        "sal_wref_c3": 0.20260055363178253,
        "sal_wref_c4": 0.1794428825378418,
        "sal_wref_c5": 0.14597229659557343
      }
    },
    {
      "step_idx": 3,
      "role": "DataAnalysis_Expert",
      "is_mistake": false,
      "scores": {
        "gradnorm_l1_centered": 821.3140258789062,
        "gradnorm_l1_uncentered": 530.4089965820312,
        "gradnorm_l2_centered": 1.5794926881790161,
        "gradnorm_l2_uncentered": 0.8990095257759094,
        "sal_noref_c1": 0.09630990773439407,
        "sal_noref_c2": 0.08690906316041946,
        "sal_noref_c3": 0.05851152911782265,
        "sal_noref_c4": 0.04401812702417374,
        "sal_noref_c5": 0.037248484790325165,
        "sal_wref_c1": 1.612506628036499,
        "sal_wref_c2": 0.9295987486839294,
        "sal_wref_c3": 0.6286857724189758,
        "sal_wref_c4": 0.4736194908618927,
        "sal_wref_c5": 0.3813595473766327
      }
    },
    {
      "step_idx": 4,
      "role": "Computer_terminal",
      "is_mistake": false,
      "scores": {
        "gradnorm_l1_centered": 1127.5540771484375,
        "gradnorm_l1_uncentered": 1191.3782958984375,
        "gradnorm_l2_centered": 1.7811235189437866,
        "gradnorm_l2_uncentered": 2.1232566833496094,
        "sal_noref_c1": 1.117160439491272,
        "sal_noref_c2": 0.9848059415817261,
        "sal_noref_c3": 0.6840076446533203,
        "sal_noref_c4": 0.5159316062927246,
        "sal_noref_c5": 0.41396355628967285,
        "sal_wref_c1": 0.4600517153739929,
        "sal_wref_c2": 0.2740444540977478,
        "sal_wref_c3": 0.19659005105495453,
        "sal_wref_c4": 0.14940086007118225,
        "sal_wref_c5": 0.11971436440944672
      }
    },
    {
      "step_idx": 5,
      "role": "DataAnalysis_Expert",
      "is_mistake": false,
      "scores": {
        "gradnorm_l1_centered": 818.8128662109375,
        "gradnorm_l1_uncentered": 434.5014343261719,
        "gradnorm_l2_centered": 1.6657764911651611,
        "gradnorm_l2_uncentered": 0.7080764770507812,
        "sal_noref_c1": 0.034657541662454605,
        "sal_noref_c2": 0.024802614003419876,
        "sal_noref_c3": 0.0167632345110178,
        "sal_noref_c4": 0.013769825920462608,
        "sal_noref_c5": 0.011082051321864128,
        "sal_wref_c1": 1.827388882637024,
        "sal_wref_c2": 1.1410138607025146,
        "sal_wref_c3": 0.7763225436210632,
        "sal_wref_c4": 0.5824173092842102,
        "sal_wref_c5": 0.47126898169517517
      }
    },
    {
      "step_idx": 6,
      "role": "Computer_terminal",
      "is_mistake": false,
      "scores": {
        "gradnorm_l1_centered": 1880.947021484375,
        "gradnorm_l1_uncentered": 2054.380126953125,
        "gradnorm_l2_centered": 3.0230515003204346,
        "gradnorm_l2_uncentered": 3.5683696269989014,
        "sal_noref_c1": 2.7109265327453613,
        "sal_noref_c2": 1.930769920349121,
        "sal_noref_c3": 1.2952793836593628,
        "sal_noref_c4": 1.2673529386520386,
        "sal_noref_c5": 1.0330404043197632,
        "sal_wref_c1": 0.025023557245731354,
        "sal_wref_c2": 0.1690296232700348,
        "sal_wref_c3": 0.13332359492778778,
        "sal_wref_c4": 0.4520922005176544,
        "sal_wref_c5": 0.40720972418785095
      }
    },
    {
      "step_idx": 7,
      "role": "Baseball_Historian_Expert",
      "is_mistake": false,
      "scores": {
        "gradnorm_l1_centered": 1083.865234375,
        "gradnorm_l1_uncentered": 1019.9224853515625,
        "gradnorm_l2_centered": 1.8100814819335938,
        "gradnorm_l2_uncentered": 1.8533000946044922,
        "sal_noref_c1": 0.5030094981193542,
        "sal_noref_c2": 0.37741726636886597,
        "sal_noref_c3": 0.2647040784358978,
        "sal_noref_c4": 0.1985294222831726,
        "sal_noref_c5": 0.1589057892560959,
        "sal_wref_c1": 0.9544028639793396,
        "sal_wref_c2": 0.5197898149490356,
        "sal_wref_c3": 0.3486250340938568,
        "sal_wref_c4": 0.2663722038269043,
        "sal_wref_c5": 0.2131258249282837
      }
    },
    {
      "step_idx": 8,
      "role": "Validation_Expert",
      "is_mistake": true,
      "scores": {
        "gradnorm_l1_centered": 892.7962646484375,
        "gradnorm_l1_uncentered": 875.0452880859375,
        "gradnorm_l2_centered": 1.5191090106964111,
        "gradnorm_l2_uncentered": 1.5644230842590332,
        "sal_noref_c1": 0.5949721932411194,
        "sal_noref_c2": 0.384682834148407,
        "sal_noref_c3": 0.256465882062912,
        "sal_noref_c4": 0.19301359355449677,
        "sal_noref_c5": 0.15677779912948608,
        "sal_wref_c1": 0.76752769947052,
        "sal_wref_c2": 0.43221861124038696,
        "sal_wref_c3": 0.3054009974002838,
        "sal_wref_c4": 0.2297917753458023,
        "sal_wref_c5": 0.18493224680423737
      }
    },
    {
      "step_idx": 9,
      "role": "Validation_Expert",
      "is_mistake": false,
      "scores": {
        "gradnorm_l1_centered": 6840.97216796875,
        "gradnorm_l1_uncentered": 7317.2548828125,
        "gradnorm_l2_centered": 12.463737487792969,
        "gradnorm_l2_uncentered": 13.601923942565918,
        "sal_noref_c1": 112.0999526977539,
        "sal_noref_c2": 56.6880989074707,
        "sal_noref_c3": 43.070465087890625,
        "sal_noref_c4": 33.270240783691406,
        "sal_noref_c5": 26.913326263427734,