{
  "config": {
    "subset": "algorithm-generated",
    "weight_config": "/home/hoangpham/exchange/algorithm-generated/v/24"
  },
  "metadata": {
    "filename": "92.json",
    "question_id": "27d5d136-8563-469e-92bf-fd103c28b57c",
    "mistake_agent": "PythonDebugging_Expert",
    "mistake_step": 0,
    "level": "1",
    "subset": "algorithm-generated",
    "question": "\u00ac(A \u2227 B) \u2194 (\u00acA \u2228 \u00acB)\n\u00ac(A \u2228 B) \u2194 (\u00acA \u2227 \u00acB)\n(A \u2192 B) \u2194 (\u00acB \u2192 \u00acA)\n(A \u2192 B) \u2194 (\u00acA \u2228 B)\n(\u00acA \u2192 B) \u2194 (A \u2228 \u00acB)\n\u00ac(A \u2192 B) \u2194 (A \u2227 \u00acB)\n\nWhich of the above is not logically equivalent to the rest? Provide the full statement that doesn't fit."
  },
  "steps": [
    {
      "step_idx": 0,
      "role": "PythonDebugging_Expert",
      "is_mistake": true,
      "scores": {
        "gradnorm_l1_centered": 966.2503051757812,
        "gradnorm_l1_uncentered": 718.792236328125,
        "gradnorm_l2_centered": 1.7638450860977173,
        "gradnorm_l2_uncentered": 1.6238137483596802,
        "sal_noref_c1": 0.29691842198371887,
        "sal_noref_c2": 0.37519371509552,
        "sal_noref_c3": 0.26814183592796326,
        "sal_noref_c4": 0.23336178064346313,
        "sal_noref_c5": 0.1869843304157257,
        "sal_wref_c1": 1.295064091682434,
        "sal_wref_c2": 0.645636796951294,
        "sal_wref_c3": 0.43522879481315613,
        "sal_wref_c4": 0.36523929238319397,
        "sal_wref_c5": 0.2934628129005432
      }
    },
    {
      "step_idx": 1,
      "role": "Computer_terminal",
      "is_mistake": false,
      "scores": {
        "gradnorm_l1_centered": 1962.7733154296875,
        "gradnorm_l1_uncentered": 2205.45703125,
        "gradnorm_l2_centered": 3.754096508026123,
        "gradnorm_l2_uncentered": 4.485382080078125,
        "sal_noref_c1": 4.59055233001709,
        "sal_noref_c2": 3.9938783645629883,
        "sal_noref_c3": 2.673698663711548,
        "sal_noref_c4": 2.510458469390869,
        "sal_noref_c5": 2.4170713424682617,
        "sal_wref_c1": 0.02153480239212513,
        "sal_wref_c2": 1.0276869535446167,
        "sal_wref_c3": 0.6987819075584412,
        "sal_wref_c4": 0.8723868131637573,
        "sal_wref_c5": 0.9009968042373657
      }
    },
    {
      "step_idx": 2,
      "role": "Verification_Expert",
      "is_mistake": false,
      "scores": {
        "gradnorm_l1_centered": 1854.127197265625,
        "gradnorm_l1_uncentered": 1998.645263671875,
        "gradnorm_l2_centered": 2.9758718013763428,
        "gradnorm_l2_uncentered": 3.51298189163208,
        "sal_noref_c1": 2.5542824268341064,
        "sal_noref_c2": 1.464209794998169,
        "sal_noref_c3": 1.1307637691497803,
        "sal_noref_c4": 0.850174069404602,
        "sal_noref_c5": 0.6811831593513489,
        "sal_wref_c1": 0.031723879277706146,
        "sal_wref_c2": 0.02033514343202114,
        "sal_wref_c3": 0.05365686118602753,
        "sal_wref_c4": 0.04172416776418686,
        "sal_wref_c5": 0.04960688203573227
      }
    },
    {
      "step_idx": 3,
      "role": "PythonDebugging_Expert",
      "is_mistake": false,
      "scores": {
        "gradnorm_l1_centered": 4093.744873046875,
        "gradnorm_l1_uncentered": 4366.955078125,
        "gradnorm_l2_centered": 6.218472957611084,
        "gradnorm_l2_uncentered": 6.9138102531433105,
        "sal_noref_c1": 11.141230583190918,
        "sal_noref_c2": 5.617727279663086,
        "sal_noref_c3": 3.914940595626831,
        "sal_noref_c4": 3.027318000793457,
        "sal_noref_c5": 2.511476516723633,
        "sal_wref_c1": 2.4281318187713623,
        "sal_wref_c2": 1.2136855125427246,
        "sal_wref_c3": 0.9136555790901184,
        "sal_wref_c4": 0.8002728819847107,
        "sal_wref_c5": 0.8195027112960815
      }
    },
    {
      "step_idx": 4,
      "role": "Computer_terminal",
      "is_mistake": false,
      "scores": {
        "gradnorm_l1_centered": 1579.3760986328125,
        "gradnorm_l1_uncentered": 1758.4979248046875,
        "gradnorm_l2_centered": 2.6242542266845703,
        "gradnorm_l2_uncentered": 3.0461483001708984,
        "sal_noref_c1": 2.411452293395996,
        "sal_noref_c2": 1.2333816289901733,
        "sal_noref_c3": 0.8299193382263184,
        "sal_noref_c4": 0.6605634689331055,
        "sal_noref_c5": 0.5662967562675476,
        "sal_wref_c1": 0.0025993636809289455,
        "sal_wref_c2": 0.030026203021407127,
        "sal_wref_c3": 0.035108137875795364,
        "sal_wref_c4": 0.08195678889751434,
        "sal_wref_c5": 0.08593157678842545
      }
    },
    {
      "step_idx": 5,
      "role": "PythonDebugging_Expert",
      "is_mistake": false,
      "scores": {
        "gradnorm_l1_centered": 1020.8392333984375,
        "gradnorm_l1_uncentered": 956.7333984375,
        "gradnorm_l2_centered": 1.6908727884292603,
        "gradnorm_l2_uncentered": 1.7065232992172241,
        "sal_noref_c1": 0.4413861632347107,
        "sal_noref_c2": 0.4174531400203705,
        "sal_noref_c3": 0.3011028468608856,
        "sal_noref_c4": 0.22803352773189545,
        "sal_noref_c5": 0.18255993723869324,
        "sal_wref_c1": 1.078541874885559,
        "sal_wref_c2": 0.5510233640670776,
        "sal_wref_c3": 0.36734893918037415,
        "sal_wref_c4": 0.2884082794189453,
        "sal_wref_c5": 0.23074154555797577
      }
    },
    {
      "step_idx": 6,
      "role": "Computer_terminal",
      "is_mistake": false,
      "scores": {
        "gradnorm_l1_centered": 7848.06982421875,
        "gradnorm_l1_uncentered": 8154.9931640625,
        "gradnorm_l2_centered": 11.742584228515625,
        "gradnorm_l2_uncentered": 12.666372299194336,
        "sal_noref_c1": 42.03213119506836,
        "sal_noref_c2": 28.539113998413086,
        "sal_noref_c3": 19.37038230895996,
        "sal_noref_c4": 16.22624397277832,
        "sal_noref_c5": 12.990117073059082,
        "sal_wref_c1": 15.118334770202637,
        "sal_wref_c2": 16.742643356323242,
        "sal_wref_c3": 11.670047760009766,
        "sal_wref_c4": 10.988813400268555,
        "sal_wref_c5": 8.869412422180176
      }
    },
    {
      "step_idx": 7,
      "role": "PythonDebugging_Expert",
      "is_mistake": false,
      "scores": {
        "gradnorm_l1_centered": 790.8717651367188,
        "gradnorm_l1_uncentered": 556.6661987304688,
        "gradnorm_l2_centered": 1.4991977214813232,
        "gradnorm_l2_uncentered": 0.9381577372550964,
        "sal_noref_c1": 0.19369935989379883,
        "sal_noref_c2": 0.11557503044605255,
        "sal_noref_c3": 0.07742848247289658,
        "sal_noref_c4": 0.05822619050741196,
        "sal_noref_c5": 0.04902413859963417,
        "sal_wref_c1": 1.2549488544464111,
        "sal_wref_c2": 0.7773748636245728,
        "sal_wref_c3": 0.5267504453659058,
        "sal_wref_c4": 0.39688560366630554,
        "sal_wref_c5": 0.318899929523468
      }
    },
    {
      "step_idx": 8,
      "role": "Computer_terminal",
      "is_mistake": false,
      "scores": {
        "gradnorm_l1_centered": 9046.7919921875,
        "gradnorm_l1_uncentered": 9237.12109375,
        "gradnorm_l2_centered": 12.62261962890625,
        "gradnorm_l2_uncentered": 13.143519401550293,
        "sal_noref_c1": 15.145535469055176,
        "sal_noref_c2": 14.331993103027344,
        "sal_noref_c3": 9.56224250793457,
        "sal_noref_c4": 9.239229202270508,
        "sal_noref_c5": 7.527098178863525,
        "sal_wref_c1": 2.1410388946533203,
        "sal_wref_c2": 7.719815254211426,
        "sal_wref_c3": 5.148166656494141,
        "sal_wref_c4": 6.80467414855957,
        "sal_wref_c5": 6.038304328918457
      }
    },
    {
      "step_idx": 9,
      "role": "Verification_Expert",
      "is_mistake": false,
      "scores": {
        "gradnorm_l1_centered": 1077.510986328125,
        "gradnorm_l1_uncentered": 1070.87353515625,
        "gradnorm_l2_centered": 1.7797043323516846,
        "gradnorm_l2_uncentered": 1.9413331747055054,