{
  "config": {
    "subset": "algorithm-generated",
    "weight_config": "/home/hoangpham/exchange/algorithm-generated/v/24"
  },
  "metadata": {
    "filename": "111.json",
    "question_id": "2aa5dd83fbcd0dce9a3dd4592106e5b5edf738008d932e357d477bba80e59ccf",
    "mistake_agent": "Verification_Expert",
    "mistake_step": 8,
    "level": "Medium",
    "subset": "algorithm-generated",
    "question": "Based on recent years (2020-2023), how likely am I to hit a rainy day (at least 0.5mm of precipitation) if I travel to Seattle during the first week of September? (provide the answer in percentage)"
  },
  "steps": [
    {
      "step_idx": 0,
      "role": "DataAnalysis_Expert",
      "is_mistake": false,
      "scores": {
        "gradnorm_l1_centered": 805.496826171875,
        "gradnorm_l1_uncentered": 370.85760498046875,
        "gradnorm_l2_centered": 1.6125304698944092,
        "gradnorm_l2_uncentered": 0.7622767686843872,
        "sal_noref_c1": 0.05352189391851425,
        "sal_noref_c2": 0.06171835958957672,
        "sal_noref_c3": 0.04201948642730713,
        "sal_noref_c4": 0.03678393363952637,
        "sal_noref_c5": 0.03106556460261345,
        "sal_wref_c1": 1.781174898147583,
        "sal_wref_c2": 1.019081473350525,
        "sal_wref_c3": 0.6844773292541504,
        "sal_wref_c4": 0.5235493779182434,
        "sal_wref_c5": 0.42211228609085083
      }
    },
    {
      "step_idx": 1,
      "role": "Verification_Expert",
      "is_mistake": false,
      "scores": {
        "gradnorm_l1_centered": 785.549072265625,
        "gradnorm_l1_uncentered": 347.4656982421875,
        "gradnorm_l2_centered": 1.6124815940856934,
        "gradnorm_l2_uncentered": 0.5970721244812012,
        "sal_noref_c1": 0.040194567292928696,
        "sal_noref_c2": 0.03208807110786438,
        "sal_noref_c3": 0.021499181166291237,
        "sal_noref_c4": 0.01754673756659031,
        "sal_noref_c5": 0.014628199860453606,
        "sal_wref_c1": 1.789682149887085,
        "sal_wref_c2": 1.0874053239822388,
        "sal_wref_c3": 0.7356781363487244,
        "sal_wref_c4": 0.5567891597747803,
        "sal_wref_c5": 0.4490017294883728
      }
    },
    {
      "step_idx": 2,
      "role": "Computer_terminal",
      "is_mistake": false,
      "scores": {
        "gradnorm_l1_centered": 1207.5545654296875,
        "gradnorm_l1_uncentered": 1003.5021362304688,
        "gradnorm_l2_centered": 1.9548873901367188,
        "gradnorm_l2_uncentered": 1.5410642623901367,
        "sal_noref_c1": 0.14838261902332306,
        "sal_noref_c2": 0.15380752086639404,
        "sal_noref_c3": 0.10481996089220047,
        "sal_noref_c4": 0.07947777211666107,
        "sal_noref_c5": 0.06383862346410751,
        "sal_wref_c1": 1.4554505348205566,
        "sal_wref_c2": 0.7812119126319885,
        "sal_wref_c3": 0.5217558741569519,
        "sal_wref_c4": 0.3936854600906372,
        "sal_wref_c5": 0.31685784459114075
      }
    },
    {
      "step_idx": 3,
      "role": "Verification_Expert",
      "is_mistake": false,
      "scores": {
        "gradnorm_l1_centered": 997.9699096679688,
        "gradnorm_l1_uncentered": 890.0751953125,
        "gradnorm_l2_centered": 1.69161856174469,
        "gradnorm_l2_uncentered": 1.6337344646453857,
        "sal_noref_c1": 0.41929328441619873,
        "sal_noref_c2": 0.3391237258911133,
        "sal_noref_c3": 0.22637510299682617,
        "sal_noref_c4": 0.17249691486358643,
        "sal_noref_c5": 0.13799844682216644,
        "sal_wref_c1": 1.0313889980316162,
        "sal_wref_c2": 0.5448848605155945,
        "sal_wref_c3": 0.3754274547100067,
        "sal_wref_c4": 0.2936379313468933,
        "sal_wref_c5": 0.2358679324388504
      }
    },
    {
      "step_idx": 4,
      "role": "Computer_terminal",
      "is_mistake": false,
      "scores": {
        "gradnorm_l1_centered": 2035.37744140625,
        "gradnorm_l1_uncentered": 2323.01708984375,
        "gradnorm_l2_centered": 3.6543445587158203,
        "gradnorm_l2_uncentered": 4.433606147766113,
        "sal_noref_c1": 5.167010307312012,
        "sal_noref_c2": 3.766727924346924,
        "sal_noref_c3": 2.5111520290374756,
        "sal_noref_c4": 1.9221043586730957,
        "sal_noref_c5": 1.8579553365707397,
        "sal_wref_c1": 0.10199668258428574,
        "sal_wref_c2": 0.650987982749939,
        "sal_wref_c3": 0.4382505416870117,
        "sal_wref_c4": 0.3555188477039337,
        "sal_wref_c5": 0.6805422902107239
      }
    },
    {
      "step_idx": 5,
      "role": "DataAnalysis_Expert",
      "is_mistake": false,
      "scores": {
        "gradnorm_l1_centered": 914.5744018554688,
        "gradnorm_l1_uncentered": 709.7855224609375,
        "gradnorm_l2_centered": 1.553473949432373,
        "gradnorm_l2_uncentered": 1.1946744918823242,
        "sal_noref_c1": 0.24414214491844177,
        "sal_noref_c2": 0.16568639874458313,
        "sal_noref_c3": 0.12600326538085938,
        "sal_noref_c4": 0.09451868385076523,
        "sal_noref_c5": 0.0756647139787674,
        "sal_wref_c1": 1.2248955965042114,
        "sal_wref_c2": 0.7261820435523987,
        "sal_wref_c3": 0.484279990196228,
        "sal_wref_c4": 0.36612391471862793,
        "sal_wref_c5": 0.2929864525794983
      }
    },
    {
      "step_idx": 6,
      "role": "Computer_terminal",
      "is_mistake": false,
      "scores": {
        "gradnorm_l1_centered": 1447.9522705078125,
        "gradnorm_l1_uncentered": 1486.1064453125,
        "gradnorm_l2_centered": 2.401808261871338,
        "gradnorm_l2_uncentered": 2.58638334274292,
        "sal_noref_c1": 1.0177934169769287,
        "sal_noref_c2": 0.6460327506065369,
        "sal_noref_c3": 0.5103104710578918,
        "sal_noref_c4": 0.41175127029418945,
        "sal_noref_c5": 0.3337015211582184,
        "sal_wref_c1": 0.4294331967830658,
        "sal_wref_c2": 0.22616419196128845,
        "sal_wref_c3": 0.175222709774971,
        "sal_wref_c4": 0.14983715116977692,
        "sal_wref_c5": 0.12008687108755112
      }
    },
    {
      "step_idx": 7,
      "role": "ProbabilityTheory_Expert",
      "is_mistake": false,
      "scores": {
        "gradnorm_l1_centered": 848.0084228515625,
        "gradnorm_l1_uncentered": 727.563720703125,
        "gradnorm_l2_centered": 1.5457247495651245,
        "gradnorm_l2_uncentered": 1.2572743892669678,
        "sal_noref_c1": 0.3227125108242035,
        "sal_noref_c2": 0.19629620015621185,
        "sal_noref_c3": 0.13852867484092712,
        "sal_noref_c4": 0.11033782362937927,
        "sal_noref_c5": 0.08885536342859268,
        "sal_wref_c1": 1.0449947118759155,
        "sal_wref_c2": 0.6375991106033325,
        "sal_wref_c3": 0.42813822627067566,
        "sal_wref_c4": 0.3217211365699768,
        "sal_wref_c5": 0.25744208693504333
      }
    },
    {
      "step_idx": 8,
      "role": "Verification_Expert",
      "is_mistake": true,
      "scores": {
        "gradnorm_l1_centered": 1089.2481689453125,
        "gradnorm_l1_uncentered": 1167.945556640625,
        "gradnorm_l2_centered": 1.7653435468673706,
        "gradnorm_l2_uncentered": 2.036456823348999,
        "sal_noref_c1": 1.2169673442840576,
        "sal_noref_c2": 0.624135434627533,
        "sal_noref_c3": 0.4230310618877411,
        "sal_noref_c4": 0.3172781467437744,
        "sal_noref_c5": 0.25390833616256714,
        "sal_wref_c1": 0.25358307361602783,
        "sal_wref_c2": 0.24020978808403015,
        "sal_wref_c3": 0.1627345085144043,
        "sal_wref_c4": 0.124819315969944,
        "sal_wref_c5": 0.10020042955875397
      }
    },
    {
      "step_idx": 9,
      "role": "Verification_Expert",
      "is_mistake": false,
      "scores": {
        "gradnorm_l1_centered": 7625.375,
        "gradnorm_l1_uncentered": 8029.51806640625,
        "gradnorm_l2_centered": 12.665060997009277,
        "gradnorm_l2_uncentered": 13.60550594329834,
        "sal_noref_c1": 86.48473358154297,
        "sal_noref_c2": 49.489105224609375,
        "sal_noref_c3": 33.66801452636719,