{
  "config": {
    "subset": "algorithm-generated",
    "weight_config": "/home/hoangpham/exchange/algorithm-generated/v/24"
  },
  "metadata": {
    "filename": "17.json",
    "question_id": "3ff6b7a9-a5bd-4412-ad92-0cd0d45c0fee",
    "mistake_agent": "Statistics_Expert",
    "mistake_step": 4,
    "level": "2",
    "subset": "algorithm-generated",
    "question": "The longest-lived vertebrate is named after an island.  According to Wikipedia as of January 1, 2021, what is the 2020 estimated population of that island, to the nearest thousand?"
  },
  "steps": [
    {
      "step_idx": 0,
      "role": "MarineBiology_Expert",
      "is_mistake": false,
      "scores": {
        "gradnorm_l1_centered": 886.3834228515625,
        "gradnorm_l1_uncentered": 589.2371215820312,
        "gradnorm_l2_centered": 1.639125943183899,
        "gradnorm_l2_uncentered": 1.3289852142333984,
        "sal_noref_c1": 0.20720860362052917,
        "sal_noref_c2": 0.2514224648475647,
        "sal_noref_c3": 0.1723254770040512,
        "sal_noref_c4": 0.1468687206506729,
        "sal_noref_c5": 0.1213422417640686,
        "sal_wref_c1": 1.4216960668563843,
        "sal_wref_c2": 0.7292720675468445,
        "sal_wref_c3": 0.48628365993499756,
        "sal_wref_c4": 0.38759028911590576,
        "sal_wref_c5": 0.3143017590045929
      }
    },
    {
      "step_idx": 1,
      "role": "Verification_Expert",
      "is_mistake": false,
      "scores": {
        "gradnorm_l1_centered": 898.7366943359375,
        "gradnorm_l1_uncentered": 710.5714111328125,
        "gradnorm_l2_centered": 1.583127498626709,
        "gradnorm_l2_uncentered": 1.3494749069213867,
        "sal_noref_c1": 0.2521357536315918,
        "sal_noref_c2": 0.23181888461112976,
        "sal_noref_c3": 0.16387401521205902,
        "sal_noref_c4": 0.13161896169185638,
        "sal_noref_c5": 0.10757002979516983,
        "sal_wref_c1": 1.3271093368530273,
        "sal_wref_c2": 0.7197824716567993,
        "sal_wref_c3": 0.48118436336517334,
        "sal_wref_c4": 0.3817666172981262,
        "sal_wref_c5": 0.3061443269252777
      }
    },
    {
      "step_idx": 2,
      "role": "Computer_terminal",
      "is_mistake": false,
      "scores": {
        "gradnorm_l1_centered": 2216.135009765625,
        "gradnorm_l1_uncentered": 2552.802978515625,
        "gradnorm_l2_centered": 4.040167808532715,
        "gradnorm_l2_uncentered": 5.0191168785095215,
        "sal_noref_c1": 8.069967269897461,
        "sal_noref_c2": 6.635772228240967,
        "sal_noref_c3": 4.42805814743042,
        "sal_noref_c4": 3.4305055141448975,
        "sal_noref_c5": 3.1232831478118896,
        "sal_wref_c1": 0.5047780871391296,
        "sal_wref_c2": 2.1611695289611816,
        "sal_wref_c3": 1.4884891510009766,
        "sal_wref_c4": 1.1887036561965942,
        "sal_wref_c5": 1.4653245210647583
      }
    },
    {
      "step_idx": 3,
      "role": "Verification_Expert",
      "is_mistake": false,
      "scores": {
        "gradnorm_l1_centered": 1179.6697998046875,
        "gradnorm_l1_uncentered": 1209.975341796875,
        "gradnorm_l2_centered": 1.9070887565612793,
        "gradnorm_l2_uncentered": 2.25128173828125,
        "sal_noref_c1": 1.0823664665222168,
        "sal_noref_c2": 0.7276256084442139,
        "sal_noref_c3": 0.6335446834564209,
        "sal_noref_c4": 0.47826191782951355,
        "sal_noref_c5": 0.3888144791126251,
        "sal_wref_c1": 0.4784834086894989,
        "sal_wref_c2": 0.2518865764141083,
        "sal_wref_c3": 0.2129942923784256,
        "sal_wref_c4": 0.1790202558040619,
        "sal_wref_c5": 0.14698125422000885
      }
    },
    {
      "step_idx": 4,
      "role": "Statistics_Expert",
      "is_mistake": true,
      "scores": {
        "gradnorm_l1_centered": 1035.1495361328125,
        "gradnorm_l1_uncentered": 1060.7655029296875,
        "gradnorm_l2_centered": 1.709688425064087,
        "gradnorm_l2_uncentered": 1.8579607009887695,
        "sal_noref_c1": 0.7728347778320312,
        "sal_noref_c2": 0.49423232674598694,
        "sal_noref_c3": 0.355067640542984,
        "sal_noref_c4": 0.2663085162639618,
        "sal_noref_c5": 0.21609799563884735,
        "sal_wref_c1": 0.6103416085243225,
        "sal_wref_c2": 0.3377018868923187,
        "sal_wref_c3": 0.22541075944900513,
        "sal_wref_c4": 0.17388440668582916,
        "sal_wref_c5": 0.1391076147556305
      }
    },
    {
      "step_idx": 5,
      "role": "Computer_terminal",
      "is_mistake": false,
      "scores": {
        "gradnorm_l1_centered": 7631.44091796875,
        "gradnorm_l1_uncentered": 7943.15625,
        "gradnorm_l2_centered": 13.467414855957031,
        "gradnorm_l2_uncentered": 14.343257904052734,
        "sal_noref_c1": 41.35464096069336,
        "sal_noref_c2": 40.068599700927734,
        "sal_noref_c3": 30.251752853393555,
        "sal_noref_c4": 24.15744972229004,
        "sal_noref_c5": 22.118982315063477,
        "sal_wref_c1": 11.135544776916504,
        "sal_wref_c2": 26.776378631591797,
        "sal_wref_c3": 21.51643180847168,
        "sal_wref_c4": 17.53846549987793,
        "sal_wref_c5": 14.030977249145508
      }
    },
    {
      "step_idx": 6,
      "role": "Statistics_Expert",
      "is_mistake": false,
      "scores": {
        "gradnorm_l1_centered": 957.8177490234375,
        "gradnorm_l1_uncentered": 926.559326171875,
        "gradnorm_l2_centered": 1.6196553707122803,
        "gradnorm_l2_uncentered": 1.612860918045044,
        "sal_noref_c1": 0.5001583099365234,
        "sal_noref_c2": 0.3636147975921631,
        "sal_noref_c3": 0.26936811208724976,
        "sal_noref_c4": 0.2027135193347931,
        "sal_noref_c5": 0.16665926575660706,
        "sal_wref_c1": 0.906872034072876,
        "sal_wref_c2": 0.49268436431884766,
        "sal_wref_c3": 0.3286159932613373,
        "sal_wref_c4": 0.24806664884090424,
        "sal_wref_c5": 0.19958201050758362
      }
    },
    {
      "step_idx": 7,
      "role": "Computer_terminal",
      "is_mistake": false,
      "scores": {
        "gradnorm_l1_centered": 3704.158447265625,
        "gradnorm_l1_uncentered": 3880.41162109375,
        "gradnorm_l2_centered": 5.830030918121338,
        "gradnorm_l2_uncentered": 6.294566631317139,
        "sal_noref_c1": 4.636044025421143,
        "sal_noref_c2": 3.2750625610351562,
        "sal_noref_c3": 2.1835062503814697,
        "sal_noref_c4": 2.0884106159210205,
        "sal_noref_c5": 1.7612311840057373,
        "sal_wref_c1": 0.06613263487815857,
        "sal_wref_c2": 0.4939069151878357,
        "sal_wref_c3": 0.32928505539894104,
        "sal_wref_c4": 0.9149657487869263,
        "sal_wref_c5": 0.8025707006454468
      }
    },
    {
      "step_idx": 8,
      "role": "Statistics_Expert",
      "is_mistake": false,
      "scores": {
        "gradnorm_l1_centered": 823.9442749023438,
        "gradnorm_l1_uncentered": 624.5985717773438,
        "gradnorm_l2_centered": 1.5265449285507202,
        "gradnorm_l2_uncentered": 0.9855912923812866,
        "sal_noref_c1": 0.16869008541107178,
        "sal_noref_c2": 0.11516046524047852,
        "sal_noref_c3": 0.08107509464025497,
        "sal_noref_c4": 0.062318120151758194,
        "sal_noref_c5": 0.04986550658941269,
        "sal_wref_c1": 1.3673365116119385,
        "sal_wref_c2": 0.8187606334686279,
        "sal_wref_c3": 0.5506213903427124,
        "sal_wref_c4": 0.41301822662353516,
        "sal_wref_c5": 0.33297181129455566
      }
    },
    {
      "step_idx": 9,
      "role": "Computer_terminal",
      "is_mistake": false,
      "scores": {
        "gradnorm_l1_centered": 2895.88525390625,
        "gradnorm_l1_uncentered": 3126.022705078125,
        "gradnorm_l2_centered": 4.887607574462891,
        "gradnorm_l2_uncentered": 5.526453495025635,
        "sal_noref_c1": 6.001832008361816,
        "sal_noref_c2": 3.9881412982940674,
        "sal_noref_c3": 2.6597139835357666,
        "sal_noref_c4": 2.7216241359710693,