{
  "config": {
    "subset": "algorithm-generated",
    "weight_config": "/home/hoangpham/exchange/algorithm-generated/v/24"
  },
  "metadata": {
    "filename": "25.json",
    "question_id": "c61d22de-5f6c-4958-a7f6-5e9707bd3466",
    "mistake_agent": "ModelEvaluation_Interpretation_Expert",
    "mistake_step": 4,
    "level": "2",
    "subset": "algorithm-generated",
    "question": "A paper about AI regulation that was originally submitted to arXiv.org in June 2022 shows a figure with three axes, where each axis has a label word at both ends. Which of these words is used to describe a type of society in a Physics and Society article submitted to arXiv.org on August 11, 2016?"
  },
  "steps": [
    {
      "step_idx": 0,
      "role": "ModelEvaluation_Interpretation_Expert",
      "is_mistake": false,
      "scores": {
        "gradnorm_l1_centered": 823.47900390625,
        "gradnorm_l1_uncentered": 406.71453857421875,
        "gradnorm_l2_centered": 1.6208221912384033,
        "gradnorm_l2_uncentered": 0.8242010474205017,
        "sal_noref_c1": 0.05839033052325249,
        "sal_noref_c2": 0.07335229218006134,
        "sal_noref_c3": 0.05084645748138428,
        "sal_noref_c4": 0.04356582462787628,
        "sal_noref_c5": 0.03643083572387695,
        "sal_wref_c1": 1.776698112487793,
        "sal_wref_c2": 1.0006816387176514,
        "sal_wref_c3": 0.6697329878807068,
        "sal_wref_c4": 0.5116382837295532,
        "sal_wref_c5": 0.4121900498867035
      }
    },
    {
      "step_idx": 1,
      "role": "Physics_Expert",
      "is_mistake": false,
      "scores": {
        "gradnorm_l1_centered": 791.3069458007812,
        "gradnorm_l1_uncentered": 353.29119873046875,
        "gradnorm_l2_centered": 1.6301674842834473,
        "gradnorm_l2_uncentered": 0.5928193926811218,
        "sal_noref_c1": 0.034035567194223404,
        "sal_noref_c2": 0.026270274072885513,
        "sal_noref_c3": 0.01855875924229622,
        "sal_noref_c4": 0.014476384036242962,
        "sal_noref_c5": 0.01174226962029934,
        "sal_wref_c1": 1.8239445686340332,
        "sal_wref_c2": 1.1221516132354736,
        "sal_wref_c3": 0.7563405632972717,
        "sal_wref_c4": 0.5713742971420288,
        "sal_wref_c5": 0.4596192240715027
      }
    },
    {
      "step_idx": 2,
      "role": "Computer_terminal",
      "is_mistake": false,
      "scores": {
        "gradnorm_l1_centered": 841.6217041015625,
        "gradnorm_l1_uncentered": 468.0873107910156,
        "gradnorm_l2_centered": 1.665437936782837,
        "gradnorm_l2_uncentered": 1.0058844089508057,
        "sal_noref_c1": 0.08143597841262817,
        "sal_noref_c2": 0.11980817466974258,
        "sal_noref_c3": 0.08621466904878616,
        "sal_noref_c4": 0.06516724824905396,
        "sal_noref_c5": 0.05321027711033821,
        "sal_wref_c1": 1.7040654420852661,
        "sal_wref_c2": 0.9127544164657593,
        "sal_wref_c3": 0.6088963150978088,
        "sal_wref_c4": 0.4598020911216736,
        "sal_wref_c5": 0.3695085644721985
      }
    },
    {
      "step_idx": 3,
      "role": "Verification_Expert",
      "is_mistake": false,
      "scores": {
        "gradnorm_l1_centered": 794.0274658203125,
        "gradnorm_l1_uncentered": 396.3742370605469,
        "gradnorm_l2_centered": 1.5947942733764648,
        "gradnorm_l2_uncentered": 0.6880829930305481,
        "sal_noref_c1": 0.04837648943066597,
        "sal_noref_c2": 0.04949276149272919,
        "sal_noref_c3": 0.03537796437740326,
        "sal_noref_c4": 0.027367588132619858,
        "sal_noref_c5": 0.022283008322119713,
        "sal_wref_c1": 1.79811429977417,
        "sal_wref_c2": 1.056847095489502,
        "sal_wref_c3": 0.7099061012268066,
        "sal_wref_c4": 0.5370137095451355,
        "sal_wref_c5": 0.43426042795181274
      }
    },
    {
      "step_idx": 4,
      "role": "ModelEvaluation_Interpretation_Expert",
      "is_mistake": true,
      "scores": {
        "gradnorm_l1_centered": 785.1364135742188,
        "gradnorm_l1_uncentered": 433.122802734375,
        "gradnorm_l2_centered": 1.5910453796386719,
        "gradnorm_l2_uncentered": 0.7021371126174927,
        "sal_noref_c1": 0.06801163405179977,
        "sal_noref_c2": 0.04009046405553818,
        "sal_noref_c3": 0.027597704902291298,
        "sal_noref_c4": 0.020728064700961113,
        "sal_noref_c5": 0.017406320199370384,
        "sal_wref_c1": 1.629592776298523,
        "sal_wref_c2": 1.0385196208953857,
        "sal_wref_c3": 0.7022278904914856,
        "sal_wref_c4": 0.5278593897819519,
        "sal_wref_c5": 0.42357340455055237
      }
    },
    {
      "step_idx": 5,
      "role": "Computer_terminal",
      "is_mistake": false,
      "scores": {
        "gradnorm_l1_centered": 809.6581420898438,
        "gradnorm_l1_uncentered": 414.6573791503906,
        "gradnorm_l2_centered": 1.6384555101394653,
        "gradnorm_l2_uncentered": 0.682839035987854,
        "sal_noref_c1": 0.04685775190591812,
        "sal_noref_c2": 0.038190849125385284,
        "sal_noref_c3": 0.028003042563796043,
        "sal_noref_c4": 0.022491132840514183,
        "sal_noref_c5": 0.01861191727221012,
        "sal_wref_c1": 1.7432231903076172,
        "sal_wref_c2": 1.0477912425994873,
        "sal_wref_c3": 0.7036452293395996,
        "sal_wref_c4": 0.5277373194694519,
        "sal_wref_c5": 0.42428058385849
      }
    },
    {
      "step_idx": 6,
      "role": "ModelEvaluation_Interpretation_Expert",
      "is_mistake": false,
      "scores": {
        "gradnorm_l1_centered": 766.8444213867188,
        "gradnorm_l1_uncentered": 350.3448486328125,
        "gradnorm_l2_centered": 1.593729853630066,
        "gradnorm_l2_uncentered": 0.6265109777450562,
        "sal_noref_c1": 0.060506369918584824,
        "sal_noref_c2": 0.03622138872742653,
        "sal_noref_c3": 0.02417839877307415,
        "sal_noref_c4": 0.018887614831328392,
        "sal_noref_c5": 0.01629585027694702,
        "sal_wref_c1": 1.642770767211914,
        "sal_wref_c2": 1.0336129665374756,
        "sal_wref_c3": 0.7027761340141296,
        "sal_wref_c4": 0.5304038524627686,
        "sal_wref_c5": 0.4276699423789978
      }
    },
    {
      "step_idx": 7,
      "role": "Physics_Expert",
      "is_mistake": false,
      "scores": {
        "gradnorm_l1_centered": 827.6146850585938,
        "gradnorm_l1_uncentered": 652.5112915039062,
        "gradnorm_l2_centered": 1.6206073760986328,
        "gradnorm_l2_uncentered": 1.133271336555481,
        "sal_noref_c1": 0.21080993115901947,
        "sal_noref_c2": 0.11839674413204193,
        "sal_noref_c3": 0.08416517823934555,
        "sal_noref_c4": 0.07182422280311584,
        "sal_noref_c5": 0.06264720857143402,
        "sal_wref_c1": 1.1947124004364014,
        "sal_wref_c2": 0.7581788897514343,
        "sal_wref_c3": 0.5397142767906189,
        "sal_wref_c4": 0.40994858741760254,
        "sal_wref_c5": 0.3307066261768341
      }
    },
    {
      "step_idx": 8,
      "role": "Physics_Expert",
      "is_mistake": false,
      "scores": {
        "gradnorm_l1_centered": 836.5383911132812,
        "gradnorm_l1_uncentered": 703.2218017578125,
        "gradnorm_l2_centered": 1.5405466556549072,
        "gradnorm_l2_uncentered": 1.1793909072875977,
        "sal_noref_c1": 0.2671844959259033,
        "sal_noref_c2": 0.16448546946048737,
        "sal_noref_c3": 0.11057239770889282,
        "sal_noref_c4": 0.086790531873703,
        "sal_noref_c5": 0.07610394060611725,
        "sal_wref_c1": 1.1424310207366943,
        "sal_wref_c2": 0.693927526473999,
        "sal_wref_c3": 0.48502489924430847,
        "sal_wref_c4": 0.3648974299430847,
        "sal_wref_c5": 0.29310327768325806
      }
    },
    {
      "step_idx": 9,
      "role": "Computer_terminal",
      "is_mistake": false,
      "scores": {
        "gradnorm_l1_centered": 2038.739013671875,
        "gradnorm_l1_uncentered": 2290.927734375,
        "gradnorm_l2_centered": 3.450942039489746,