{
  "config": {
    "subset": "algorithm-generated",
    "weight_config": "/home/hoangpham/exchange/algorithm-generated/v/24"
  },
  "metadata": {
    "filename": "35.json",
    "question_id": "71345b0a-9c7d-4b50-b2bf-937ec5879845",
    "mistake_agent": "WebServing_Expert",
    "mistake_step": 8,
    "level": "2",
    "subset": "algorithm-generated",
    "question": "On a leap day before the year 2008, a joke was removed from the Wikipedia page for \u201cDragon\u201d. What was the phrase that was removed? Give the phrase as it appeared on the page, but without punctuation."
  },
  "steps": [
    {
      "step_idx": 0,
      "role": "WebServing_Expert",
      "is_mistake": false,
      "scores": {
        "gradnorm_l1_centered": 839.970703125,
        "gradnorm_l1_uncentered": 472.8726806640625,
        "gradnorm_l2_centered": 1.5847985744476318,
        "gradnorm_l2_uncentered": 1.0574486255645752,
        "sal_noref_c1": 0.11715192347764969,
        "sal_noref_c2": 0.16947077214717865,
        "sal_noref_c3": 0.11944669485092163,
        "sal_noref_c4": 0.10260036587715149,
        "sal_noref_c5": 0.08314396440982819,
        "sal_wref_c1": 1.6435132026672363,
        "sal_wref_c2": 0.8630926012992859,
        "sal_wref_c3": 0.5754609704017639,
        "sal_wref_c4": 0.45110267400741577,
        "sal_wref_c5": 0.3622802197933197
      }
    },
    {
      "step_idx": 1,
      "role": "WebServing_Expert",
      "is_mistake": false,
      "scores": {
        "gradnorm_l1_centered": 844.3184814453125,
        "gradnorm_l1_uncentered": 525.2516479492188,
        "gradnorm_l2_centered": 1.619266152381897,
        "gradnorm_l2_uncentered": 1.0663963556289673,
        "sal_noref_c1": 0.11138041317462921,
        "sal_noref_c2": 0.15186625719070435,
        "sal_noref_c3": 0.1123732328414917,
        "sal_noref_c4": 0.08527737110853195,
        "sal_noref_c5": 0.06966279447078705,
        "sal_wref_c1": 1.636544108390808,
        "sal_wref_c2": 0.8705454468727112,
        "sal_wref_c3": 0.5804961919784546,
        "sal_wref_c4": 0.4420107305049896,
        "sal_wref_c5": 0.3554849922657013
      }
    },
    {
      "step_idx": 2,
      "role": "WebServing_Expert",
      "is_mistake": false,
      "scores": {
        "gradnorm_l1_centered": 815.9208374023438,
        "gradnorm_l1_uncentered": 422.01336669921875,
        "gradnorm_l2_centered": 1.6506608724594116,
        "gradnorm_l2_uncentered": 0.7642688751220703,
        "sal_noref_c1": 0.046554192900657654,
        "sal_noref_c2": 0.04553820565342903,
        "sal_noref_c3": 0.034098606556653976,
        "sal_noref_c4": 0.02636461891233921,
        "sal_noref_c5": 0.021147098392248154,
        "sal_wref_c1": 1.784765362739563,
        "sal_wref_c2": 1.0529552698135376,
        "sal_wref_c3": 0.7059985995292664,
        "sal_wref_c4": 0.5296764969825745,
        "sal_wref_c5": 0.42551904916763306
      }
    },
    {
      "step_idx": 3,
      "role": "WebServing_Expert",
      "is_mistake": false,
      "scores": {
        "gradnorm_l1_centered": 1209.952392578125,
        "gradnorm_l1_uncentered": 1127.4375,
        "gradnorm_l2_centered": 2.0501956939697266,
        "gradnorm_l2_uncentered": 1.9038118124008179,
        "sal_noref_c1": 0.37148281931877136,
        "sal_noref_c2": 0.23884616792201996,
        "sal_noref_c3": 0.16454996168613434,
        "sal_noref_c4": 0.1304536908864975,
        "sal_noref_c5": 0.10726317018270493,
        "sal_wref_c1": 1.0007559061050415,
        "sal_wref_c2": 0.5894911289215088,
        "sal_wref_c3": 0.3981334865093231,
        "sal_wref_c4": 0.29908671975135803,
        "sal_wref_c5": 0.23934487998485565
      }
    },
    {
      "step_idx": 4,
      "role": "WebServing_Expert",
      "is_mistake": false,
      "scores": {
        "gradnorm_l1_centered": 836.2401733398438,
        "gradnorm_l1_uncentered": 490.001708984375,
        "gradnorm_l2_centered": 1.6882293224334717,
        "gradnorm_l2_uncentered": 0.9200705289840698,
        "sal_noref_c1": 0.06525822728872299,
        "sal_noref_c2": 0.04926624149084091,
        "sal_noref_c3": 0.03886488080024719,
        "sal_noref_c4": 0.032098811119794846,
        "sal_noref_c5": 0.02672577276825905,
        "sal_wref_c1": 1.6798795461654663,
        "sal_wref_c2": 1.0201808214187622,
        "sal_wref_c3": 0.6844260096549988,
        "sal_wref_c4": 0.5133251547813416,
        "sal_wref_c5": 0.4109720289707184
      }
    },
    {
      "step_idx": 5,
      "role": "WebServing_Expert",
      "is_mistake": false,
      "scores": {
        "gradnorm_l1_centered": 766.99072265625,
        "gradnorm_l1_uncentered": 92.14222717285156,
        "gradnorm_l2_centered": 1.7437357902526855,
        "gradnorm_l2_uncentered": 0.13705198466777802,
        "sal_noref_c1": 0.001552495639771223,
        "sal_noref_c2": 0.0009251203737221658,
        "sal_noref_c3": 0.0006189380073919892,
        "sal_noref_c4": 0.000488824094645679,
        "sal_noref_c5": 0.00039827675209380686,
        "sal_wref_c1": 2.094203472137451,
        "sal_wref_c2": 1.3366891145706177,
        "sal_wref_c3": 0.9053009152412415,
        "sal_wref_c4": 0.679807186126709,
        "sal_wref_c5": 0.5505464673042297
      }
    },
    {
      "step_idx": 6,
      "role": "WebServing_Expert",
      "is_mistake": false,
      "scores": {
        "gradnorm_l1_centered": 763.017822265625,
        "gradnorm_l1_uncentered": 40.23865509033203,
        "gradnorm_l2_centered": 1.7481480836868286,
        "gradnorm_l2_uncentered": 0.07144275307655334,
        "sal_noref_c1": 0.0011052882764488459,
        "sal_noref_c2": 0.0006091094110161066,
        "sal_noref_c3": 0.00041300884913653135,
        "sal_noref_c4": 0.00031081188353709877,
        "sal_noref_c5": 0.00025621172972023487,
        "sal_wref_c1": 2.106048822402954,
        "sal_wref_c2": 1.347885012626648,
        "sal_wref_c3": 0.9128926396369934,
        "sal_wref_c4": 0.685734748840332,
        "sal_wref_c5": 0.5524699687957764
      }
    },
    {
      "step_idx": 7,
      "role": "WebServing_Expert",
      "is_mistake": false,
      "scores": {
        "gradnorm_l1_centered": 776.0760498046875,
        "gradnorm_l1_uncentered": 195.07489013671875,
        "gradnorm_l2_centered": 1.7061940431594849,
        "gradnorm_l2_uncentered": 0.3541714549064636,
        "sal_noref_c1": 0.007132569793611765,
        "sal_noref_c2": 0.00537617364898324,
        "sal_noref_c3": 0.003989341203123331,
        "sal_noref_c4": 0.0030150876846164465,
        "sal_noref_c5": 0.0024256142787635326,
        "sal_wref_c1": 2.0153863430023193,
        "sal_wref_c2": 1.269188642501831,
        "sal_wref_c3": 0.8565585613250732,
        "sal_wref_c4": 0.6435774564743042,
        "sal_wref_c5": 0.517663300037384
      }
    },
    {
      "step_idx": 8,
      "role": "WebServing_Expert",
      "is_mistake": true,
      "scores": {
        "gradnorm_l1_centered": 812.7142333984375,
        "gradnorm_l1_uncentered": 409.281005859375,
        "gradnorm_l2_centered": 1.6577109098434448,
        "gradnorm_l2_uncentered": 0.8708850741386414,
        "sal_noref_c1": 0.05999556556344032,
        "sal_noref_c2": 0.05932733044028282,
        "sal_noref_c3": 0.04554217681288719,
        "sal_noref_c4": 0.035177189856767654,
        "sal_noref_c5": 0.029537057504057884,
        "sal_wref_c1": 1.7374846935272217,
        "sal_wref_c2": 1.0131640434265137,
        "sal_wref_c3": 0.6786298751831055,
        "sal_wref_c4": 0.5094413161277771,
        "sal_wref_c5": 0.40827861428260803
      }
    },
    {
      "step_idx": 9,
      "role": "WebServing_Expert",
      "is_mistake": false,
      "scores": {
        "gradnorm_l1_centered": 788.990478515625,
        "gradnorm_l1_uncentered": 361.65362548828125,
        "gradnorm_l2_centered": 1.6525802612304688,
        "gradnorm_l2_uncentered": 0.6680487394332886,
        "sal_noref_c1": 0.0402664951980114,
        "sal_noref_c2": 0.030910391360521317,