{
  "config": {
    "subset": "algorithm-generated",
    "weight_config": "/home/hoangpham/exchange/algorithm-generated/v/24"
  },
  "metadata": {
    "filename": "42.json",
    "question_id": "e0c10771-d627-4fd7-9694-05348e54ee36",
    "mistake_agent": "Verification_Expert",
    "mistake_step": 1,
    "level": "2",
    "subset": "algorithm-generated",
    "question": "Take the gender split from the 2011 Bulgarian census about those who have completed tertiary education. Subtract the smaller number from the larger number, then return the difference in thousands of women. So if there were 30.1 thousand more men, you'd give \"30.1\""
  },
  "steps": [
    {
      "step_idx": 0,
      "role": "DemographicData_Expert",
      "is_mistake": false,
      "scores": {
        "gradnorm_l1_centered": 851.8409423828125,
        "gradnorm_l1_uncentered": 483.8147277832031,
        "gradnorm_l2_centered": 1.6286100149154663,
        "gradnorm_l2_uncentered": 1.0441101789474487,
        "sal_noref_c1": 0.09977874159812927,
        "sal_noref_c2": 0.12551310658454895,
        "sal_noref_c3": 0.08614806085824966,
        "sal_noref_c4": 0.07446645200252533,
        "sal_noref_c5": 0.062731072306633,
        "sal_wref_c1": 1.6605501174926758,
        "sal_wref_c2": 0.9013065099716187,
        "sal_wref_c3": 0.6024281978607178,
        "sal_wref_c4": 0.46605032682418823,
        "sal_wref_c5": 0.37674370408058167
      }
    },
    {
      "step_idx": 1,
      "role": "Verification_Expert",
      "is_mistake": true,
      "scores": {
        "gradnorm_l1_centered": 743.911376953125,
        "gradnorm_l1_uncentered": 425.6397399902344,
        "gradnorm_l2_centered": 1.4685441255569458,
        "gradnorm_l2_uncentered": 0.9019159078598022,
        "sal_noref_c1": 0.1505105197429657,
        "sal_noref_c2": 0.14602497220039368,
        "sal_noref_c3": 0.09808347374200821,
        "sal_noref_c4": 0.08130238950252533,
        "sal_noref_c5": 0.06702740490436554,
        "sal_wref_c1": 1.475605845451355,
        "sal_wref_c2": 0.8081406354904175,
        "sal_wref_c3": 0.5448810458183289,
        "sal_wref_c4": 0.4233663082122803,
        "sal_wref_c5": 0.3451021909713745
      }
    },
    {
      "step_idx": 2,
      "role": "Computer_terminal",
      "is_mistake": false,
      "scores": {
        "gradnorm_l1_centered": 2444.02294921875,
        "gradnorm_l1_uncentered": 2789.29931640625,
        "gradnorm_l2_centered": 4.586569309234619,
        "gradnorm_l2_uncentered": 5.569940090179443,
        "sal_noref_c1": 10.190690040588379,
        "sal_noref_c2": 7.451022624969482,
        "sal_noref_c3": 5.042454242706299,
        "sal_noref_c4": 4.051168918609619,
        "sal_noref_c5": 3.4573416709899902,
        "sal_wref_c1": 1.137236475944519,
        "sal_wref_c2": 2.3464443683624268,
        "sal_wref_c3": 1.689453125,
        "sal_wref_c4": 1.56536066532135,
        "sal_wref_c5": 1.7995212078094482
      }
    },
    {
      "step_idx": 3,
      "role": "ProblemSolving_Expert",
      "is_mistake": false,
      "scores": {
        "gradnorm_l1_centered": 3447.005859375,
        "gradnorm_l1_uncentered": 3767.98974609375,
        "gradnorm_l2_centered": 5.817741870880127,
        "gradnorm_l2_uncentered": 6.7451581954956055,
        "sal_noref_c1": 14.006763458251953,
        "sal_noref_c2": 7.636396408081055,
        "sal_noref_c3": 6.060117244720459,
        "sal_noref_c4": 4.565374374389648,
        "sal_noref_c5": 3.666048049926758,
        "sal_wref_c1": 2.917896270751953,
        "sal_wref_c2": 1.6970980167388916,
        "sal_wref_c3": 1.6468254327774048,
        "sal_wref_c4": 1.2364310026168823,
        "sal_wref_c5": 1.0167229175567627
      }
    },
    {
      "step_idx": 4,
      "role": "Computer_terminal",
      "is_mistake": false,
      "scores": {
        "gradnorm_l1_centered": 2136.03369140625,
        "gradnorm_l1_uncentered": 2384.104248046875,
        "gradnorm_l2_centered": 3.4958577156066895,
        "gradnorm_l2_uncentered": 3.9905991554260254,
        "sal_noref_c1": 4.703775405883789,
        "sal_noref_c2": 2.6102242469787598,
        "sal_noref_c3": 1.868353247642517,
        "sal_noref_c4": 1.4043751955032349,
        "sal_noref_c5": 1.1868679523468018,
        "sal_wref_c1": 0.5429219603538513,
        "sal_wref_c2": 0.9529311060905457,
        "sal_wref_c3": 0.6868093013763428,
        "sal_wref_c4": 0.517414391040802,
        "sal_wref_c5": 0.44792309403419495
      }
    },
    {
      "step_idx": 5,
      "role": "DemographicData_Expert",
      "is_mistake": false,
      "scores": {
        "gradnorm_l1_centered": 7789.45263671875,
        "gradnorm_l1_uncentered": 8160.640625,
        "gradnorm_l2_centered": 13.588983535766602,
        "gradnorm_l2_uncentered": 14.431912422180176,
        "sal_noref_c1": 88.52171325683594,
        "sal_noref_c2": 60.61396789550781,
        "sal_noref_c3": 46.3909912109375,
        "sal_noref_c4": 34.79930877685547,
        "sal_noref_c5": 29.36077308654785,
        "sal_wref_c1": 77.50949096679688,
        "sal_wref_c2": 50.05986022949219,
        "sal_wref_c3": 38.994815826416016,
        "sal_wref_c4": 29.35651969909668,
        "sal_wref_c5": 23.567121505737305
      }
    }
  ]
}