{
  "config": {
    "subset": "algorithm-generated",
    "weight_config": "/home/hoangpham/exchange/algorithm-generated/v/24"
  },
  "metadata": {
    "filename": "44.json",
    "question_id": "ad2b4d70-9314-4fe6-bfbe-894a45f6055f",
    "mistake_agent": "WebDevelopment_Expert",
    "mistake_step": 1,
    "level": "3",
    "subset": "algorithm-generated",
    "question": "Eva Draconis has a personal website which can be accessed on her YouTube page. What is the meaning of the only symbol seen in the top banner that has a curved line that isn't a circle or a portion of a circle? Answer without punctuation."
  },
  "steps": [
    {
      "step_idx": 0,
      "role": "Web_Design_Expert",
      "is_mistake": false,
      "scores": {
        "gradnorm_l1_centered": 867.2940673828125,
        "gradnorm_l1_uncentered": 525.1780395507812,
        "gradnorm_l2_centered": 1.6570161581039429,
        "gradnorm_l2_uncentered": 1.214764952659607,
        "sal_noref_c1": 0.13550139963626862,
        "sal_noref_c2": 0.18804463744163513,
        "sal_noref_c3": 0.1315474957227707,
        "sal_noref_c4": 0.11558319628238678,
        "sal_noref_c5": 0.09496356546878815,
        "sal_wref_c1": 1.597359538078308,
        "sal_wref_c2": 0.8340147733688354,
        "sal_wref_c3": 0.5560157895088196,
        "sal_wref_c4": 0.4386805295944214,
        "sal_wref_c5": 0.35370251536369324
      }
    },
    {
      "step_idx": 1,
      "role": "WebDevelopment_Expert",
      "is_mistake": true,
      "scores": {
        "gradnorm_l1_centered": 1383.592041015625,
        "gradnorm_l1_uncentered": 1390.578857421875,
        "gradnorm_l2_centered": 2.1641247272491455,
        "gradnorm_l2_uncentered": 2.3572630882263184,
        "sal_noref_c1": 0.8343861103057861,
        "sal_noref_c2": 0.5893543362617493,
        "sal_noref_c3": 0.4507928788661957,
        "sal_noref_c4": 0.34058231115341187,
        "sal_noref_c5": 0.27266550064086914,
        "sal_wref_c1": 0.6273342370986938,
        "sal_wref_c2": 0.3274770677089691,
        "sal_wref_c3": 0.2277505248785019,
        "sal_wref_c4": 0.18312221765518188,
        "sal_wref_c5": 0.146625354886055
      }
    },
    {
      "step_idx": 2,
      "role": "Computer_terminal",
      "is_mistake": false,
      "scores": {
        "gradnorm_l1_centered": 1004.7322998046875,
        "gradnorm_l1_uncentered": 833.4967651367188,
        "gradnorm_l2_centered": 1.8517643213272095,
        "gradnorm_l2_uncentered": 1.533823847770691,
        "sal_noref_c1": 0.1887594610452652,
        "sal_noref_c2": 0.19846317172050476,
        "sal_noref_c3": 0.17468123137950897,
        "sal_noref_c4": 0.1340717077255249,
        "sal_noref_c5": 0.11748919636011124,
        "sal_wref_c1": 1.427382469177246,
        "sal_wref_c2": 0.7644204497337341,
        "sal_wref_c3": 0.5135810971260071,
        "sal_wref_c4": 0.38527533411979675,
        "sal_wref_c5": 0.30957651138305664
      }
    },
    {
      "step_idx": 3,
      "role": "Web_Design_Expert",
      "is_mistake": false,
      "scores": {
        "gradnorm_l1_centered": 2320.39697265625,
        "gradnorm_l1_uncentered": 2455.19873046875,
        "gradnorm_l2_centered": 3.920699119567871,
        "gradnorm_l2_uncentered": 4.358590126037598,
        "sal_noref_c1": 2.3239755630493164,
        "sal_noref_c2": 1.6184402704238892,
        "sal_noref_c3": 1.4459730386734009,
        "sal_noref_c4": 1.092530369758606,
        "sal_noref_c5": 0.9069235920906067,
        "sal_wref_c1": 0.11343936622142792,
        "sal_wref_c2": 0.07412029802799225,
        "sal_wref_c3": 0.1910587102174759,
        "sal_wref_c4": 0.14413832128047943,
        "sal_wref_c5": 0.11944502592086792
      }
    },
    {
      "step_idx": 4,
      "role": "Web_Design_Expert",
      "is_mistake": false,
      "scores": {
        "gradnorm_l1_centered": 2462.29638671875,
        "gradnorm_l1_uncentered": 2663.56005859375,
        "gradnorm_l2_centered": 3.869253158569336,
        "gradnorm_l2_uncentered": 4.336116790771484,
        "sal_noref_c1": 2.647113084793091,
        "sal_noref_c2": 1.8566850423812866,
        "sal_noref_c3": 1.2757471799850464,
        "sal_noref_c4": 1.1106725931167603,
        "sal_noref_c5": 0.8886073231697083,
        "sal_wref_c1": 0.04899865761399269,
        "sal_wref_c2": 0.09565004706382751,
        "sal_wref_c3": 0.06405650824308395,
        "sal_wref_c4": 0.16046476364135742,
        "sal_wref_c5": 0.12923038005828857
      }
    },
    {
      "step_idx": 5,
      "role": "Web_Design_Expert",
      "is_mistake": false,
      "scores": {
        "gradnorm_l1_centered": 1832.30224609375,
        "gradnorm_l1_uncentered": 1971.0733642578125,
        "gradnorm_l2_centered": 2.991246223449707,
        "gradnorm_l2_uncentered": 3.2832207679748535,
        "sal_noref_c1": 1.402610182762146,
        "sal_noref_c2": 0.8807589411735535,
        "sal_noref_c3": 0.6505955457687378,
        "sal_noref_c4": 0.5520714521408081,
        "sal_noref_c5": 0.46728381514549255,
        "sal_wref_c1": 0.29070380330085754,
        "sal_wref_c2": 0.15238872170448303,
        "sal_wref_c3": 0.103141188621521,
        "sal_wref_c4": 0.10118097066879272,
        "sal_wref_c5": 0.08135805279016495
      }
    },
    {
      "step_idx": 6,
      "role": "Web_Design_Expert",
      "is_mistake": false,
      "scores": {
        "gradnorm_l1_centered": 2429.50244140625,
        "gradnorm_l1_uncentered": 2631.483154296875,
        "gradnorm_l2_centered": 3.914659023284912,
        "gradnorm_l2_uncentered": 4.45076847076416,
        "sal_noref_c1": 3.4007883071899414,
        "sal_noref_c2": 2.0993971824645996,
        "sal_noref_c3": 1.5176677703857422,
        "sal_noref_c4": 1.3316723108291626,
        "sal_noref_c5": 1.1054531335830688,
        "sal_wref_c1": 0.0001038498230627738,
        "sal_wref_c2": 0.03292601555585861,
        "sal_wref_c3": 0.03350800648331642,
        "sal_wref_c4": 0.1291106641292572,
        "sal_wref_c5": 0.1047743409872055
      }
    },
    {
      "step_idx": 7,
      "role": "GraphicDesign_Expert",
      "is_mistake": false,
      "scores": {
        "gradnorm_l1_centered": 1630.0712890625,
        "gradnorm_l1_uncentered": 1775.6083984375,
        "gradnorm_l2_centered": 2.496713399887085,
        "gradnorm_l2_uncentered": 2.8858413696289062,
        "sal_noref_c1": 1.5602420568466187,
        "sal_noref_c2": 1.05525541305542,
        "sal_noref_c3": 0.7312976717948914,
        "sal_noref_c4": 0.5873422622680664,
        "sal_noref_c5": 0.4853901267051697,
        "sal_wref_c1": 0.2444412261247635,
        "sal_wref_c2": 0.12461644411087036,
        "sal_wref_c3": 0.08308243006467819,
        "sal_wref_c4": 0.07701017707586288,
        "sal_wref_c5": 0.06219028681516647
      }
    },
    {
      "step_idx": 8,
      "role": "Web_Design_Expert",
      "is_mistake": false,
      "scores": {
        "gradnorm_l1_centered": 1739.384521484375,
        "gradnorm_l1_uncentered": 1924.0504150390625,
        "gradnorm_l2_centered": 2.824770212173462,
        "gradnorm_l2_uncentered": 3.205014705657959,
        "sal_noref_c1": 2.00524640083313,
        "sal_noref_c2": 1.0291411876678467,
        "sal_noref_c3": 0.7337560653686523,
        "sal_noref_c4": 0.6581580638885498,
        "sal_noref_c5": 0.5337514877319336,
        "sal_wref_c1": 0.05639106035232544,
        "sal_wref_c2": 0.11855576187372208,
        "sal_wref_c3": 0.07903814315795898,
        "sal_wref_c4": 0.11211737990379333,
        "sal_wref_c5": 0.09518829733133316
      }
    },
    {
      "step_idx": 9,
      "role": "GraphicDesign_Expert",
      "is_mistake": false,
      "scores": {
        "gradnorm_l1_centered": 1281.1221923828125,
        "gradnorm_l1_uncentered": 1286.709228515625,
        "gradnorm_l2_centered": 2.1293206214904785,
        "gradnorm_l2_uncentered": 2.202864646911621,
        "sal_noref_c1": 0.6478239893913269,
        "sal_noref_c2": 0.4092845320701599,
        "sal_noref_c3": 0.31009018421173096,