{
  "config": {
    "subset": "algorithm-generated",
    "weight_config": "/home/hoangpham/exchange/algorithm-generated/v/24"
  },
  "metadata": {
    "filename": "61.json",
    "question_id": "b7f857e4-d8aa-4387-af2a-0e844df5b9d8",
    "mistake_agent": "PythonProgramming_Expert",
    "mistake_step": 5,
    "level": "2",
    "subset": "algorithm-generated",
    "question": "The attached image contains a Python script. Run the Python code against an array of strings, listed below. The output of the Python script will be a URL containing C++ source code. Compile and run this C++ code against the array [35, 12, 8, 99, 21, 5] and return the sum of the third and fifth integers in the sorted list.\n\narr = ['_alg', 'ghi', 'C++', 'jkl', 'tps', '/Q', 'pqr', 'stu', ':', '//', 'rose', 'vwx', 'yz1', '234', 'tta', '567', '890', 'cod', 'e.', 'or', 'g/', 'wiki', '/', 'ing', 'sort', 'abc' , 'or', 'it', 'hms', 'mno' , 'uic', 'ksort', '#', 'ht' ]"
  },
  "steps": [
    {
      "step_idx": 0,
      "role": "PythonProgramming_Expert",
      "is_mistake": false,
      "scores": {
        "gradnorm_l1_centered": 837.5185546875,
        "gradnorm_l1_uncentered": 448.4306335449219,
        "gradnorm_l2_centered": 1.632629632949829,
        "gradnorm_l2_uncentered": 0.9786165356636047,
        "sal_noref_c1": 0.0818166732788086,
        "sal_noref_c2": 0.11248858273029327,
        "sal_noref_c3": 0.07713194191455841,
        "sal_noref_c4": 0.06679803133010864,
        "sal_noref_c5": 0.055698614567518234,
        "sal_wref_c1": 1.7159864902496338,
        "sal_wref_c2": 0.9313079118728638,
        "sal_wref_c3": 0.6223112940788269,
        "sal_wref_c4": 0.47946467995643616,
        "sal_wref_c5": 0.3866030275821686
      }
    },
    {
      "step_idx": 1,
      "role": "Computer_terminal",
      "is_mistake": false,
      "scores": {
        "gradnorm_l1_centered": 1965.5626220703125,
        "gradnorm_l1_uncentered": 2222.21533203125,
        "gradnorm_l2_centered": 3.86982798576355,
        "gradnorm_l2_uncentered": 4.70747709274292,
        "sal_noref_c1": 5.689192771911621,
        "sal_noref_c2": 5.108384609222412,
        "sal_noref_c3": 3.437183141708374,
        "sal_noref_c4": 2.846961259841919,
        "sal_noref_c5": 2.572859287261963,
        "sal_wref_c1": 0.09310580790042877,
        "sal_wref_c2": 1.512176752090454,
        "sal_wref_c3": 1.144095778465271,
        "sal_wref_c4": 1.0309679508209229,
        "sal_wref_c5": 1.030552625656128
      }
    },
    {
      "step_idx": 2,
      "role": "PythonProgramming_Expert",
      "is_mistake": false,
      "scores": {
        "gradnorm_l1_centered": 841.7047119140625,
        "gradnorm_l1_uncentered": 738.6458129882812,
        "gradnorm_l2_centered": 1.4895079135894775,
        "gradnorm_l2_uncentered": 1.2826298475265503,
        "sal_noref_c1": 0.4111771285533905,
        "sal_noref_c2": 0.23256024718284607,
        "sal_noref_c3": 0.17687992751598358,
        "sal_noref_c4": 0.13288073241710663,
        "sal_noref_c5": 0.10666313022375107,
        "sal_wref_c1": 0.8977358937263489,
        "sal_wref_c2": 0.5764248371124268,
        "sal_wref_c3": 0.38474035263061523,
        "sal_wref_c4": 0.2890455722808838,
        "sal_wref_c5": 0.23131652176380157
      }
    },
    {
      "step_idx": 3,
      "role": "Computer_terminal",
      "is_mistake": false,
      "scores": {
        "gradnorm_l1_centered": 5521.4033203125,
        "gradnorm_l1_uncentered": 5708.68505859375,
        "gradnorm_l2_centered": 8.440223693847656,
        "gradnorm_l2_uncentered": 9.009257316589355,
        "sal_noref_c1": 10.232213973999023,
        "sal_noref_c2": 7.904803276062012,
        "sal_noref_c3": 5.591827392578125,
        "sal_noref_c4": 4.396991729736328,
        "sal_noref_c5": 3.6779532432556152,
        "sal_wref_c1": 1.1405645608901978,
        "sal_wref_c2": 2.830995559692383,
        "sal_wref_c3": 2.2161009311676025,
        "sal_wref_c4": 1.8697723150253296,
        "sal_wref_c5": 1.5018203258514404
      }
    },
    {
      "step_idx": 4,
      "role": "Verification_Expert",
      "is_mistake": false,
      "scores": {
        "gradnorm_l1_centered": 1617.5703125,
        "gradnorm_l1_uncentered": 1687.76220703125,
        "gradnorm_l2_centered": 2.520634412765503,
        "gradnorm_l2_uncentered": 2.674290418624878,
        "sal_noref_c1": 0.9688989520072937,
        "sal_noref_c2": 0.5545113682746887,
        "sal_noref_c3": 0.411541610956192,
        "sal_noref_c4": 0.3398638069629669,
        "sal_noref_c5": 0.28790003061294556,
        "sal_wref_c1": 0.43587127327919006,
        "sal_wref_c2": 0.27282601594924927,
        "sal_wref_c3": 0.18291699886322021,
        "sal_wref_c4": 0.1478889435529709,
        "sal_wref_c5": 0.11875627934932709
      }
    },
    {
      "step_idx": 5,
      "role": "PythonProgramming_Expert",
      "is_mistake": true,
      "scores": {
        "gradnorm_l1_centered": 924.9976196289062,
        "gradnorm_l1_uncentered": 842.075439453125,
        "gradnorm_l2_centered": 1.6429027318954468,
        "gradnorm_l2_uncentered": 1.4919503927230835,
        "sal_noref_c1": 0.355513334274292,
        "sal_noref_c2": 0.27173009514808655,
        "sal_noref_c3": 0.20298045873641968,
        "sal_noref_c4": 0.1674637794494629,
        "sal_noref_c5": 0.13567788898944855,
        "sal_wref_c1": 1.091489315032959,
        "sal_wref_c2": 0.6012988090515137,
        "sal_wref_c3": 0.40091800689697266,
        "sal_wref_c4": 0.3045259118080139,
        "sal_wref_c5": 0.24451318383216858
      }
    },
    {
      "step_idx": 6,
      "role": "Computer_terminal",
      "is_mistake": false,
      "scores": {
        "gradnorm_l1_centered": 2213.920166015625,
        "gradnorm_l1_uncentered": 2393.368896484375,
        "gradnorm_l2_centered": 3.6274335384368896,
        "gradnorm_l2_uncentered": 4.275278091430664,
        "sal_noref_c1": 3.4986586570739746,
        "sal_noref_c2": 3.1544320583343506,
        "sal_noref_c3": 2.251966714859009,
        "sal_noref_c4": 1.807012677192688,
        "sal_noref_c5": 1.4706804752349854,
        "sal_wref_c1": 0.011876215226948261,
        "sal_wref_c2": 0.601899266242981,
        "sal_wref_c3": 0.47590744495391846,
        "sal_wref_c4": 0.4396435022354126,
        "sal_wref_c5": 0.3535485565662384
      }
    },
    {
      "step_idx": 7,
      "role": "PythonProgramming_Expert",
      "is_mistake": false,
      "scores": {
        "gradnorm_l1_centered": 951.11767578125,
        "gradnorm_l1_uncentered": 836.927734375,
        "gradnorm_l2_centered": 1.6459589004516602,
        "gradnorm_l2_uncentered": 1.3979994058609009,
        "sal_noref_c1": 0.34226974844932556,
        "sal_noref_c2": 0.1875978261232376,
        "sal_noref_c3": 0.1366187036037445,
        "sal_noref_c4": 0.11690317094326019,
        "sal_noref_c5": 0.09374044090509415,
        "sal_wref_c1": 0.9966363906860352,
        "sal_wref_c2": 0.6673842668533325,
        "sal_wref_c3": 0.4471335709095001,
        "sal_wref_c4": 0.33975908160209656,
        "sal_wref_c5": 0.27186232805252075
      }
    },
    {
      "step_idx": 8,
      "role": "Computer_terminal",
      "is_mistake": false,
      "scores": {
        "gradnorm_l1_centered": 4045.80322265625,
        "gradnorm_l1_uncentered": 4331.49462890625,
        "gradnorm_l2_centered": 6.730522155761719,
        "gradnorm_l2_uncentered": 7.485929012298584,
        "sal_noref_c1": 13.178308486938477,
        "sal_noref_c2": 7.946080684661865,
        "sal_noref_c3": 5.563180446624756,
        "sal_noref_c4": 6.431118011474609,
        "sal_noref_c5": 5.388978004455566,
        "sal_wref_c1": 2.709059000015259,
        "sal_wref_c2": 2.6466782093048096,
        "sal_wref_c3": 2.010732650756836,
        "sal_wref_c4": 4.258426666259766,
        "sal_wref_c5": 3.470926284790039
      }
    },
    {
      "step_idx": 9,
      "role": "PythonProgramming_Expert",
      "is_mistake": false,