{
  "config": {
    "subset": "algorithm-generated",
    "weight_config": "/home/hoangpham/exchange/algorithm-generated/v/24"
  },
  "metadata": {
    "filename": "74.json",
    "question_id": "5188369a-3bbe-43d8-8b94-11558f909a08",
    "mistake_agent": "MerriamWebsterWordOfTheDay_Historian_Expert",
    "mistake_step": 4,
    "level": "1",
    "subset": "algorithm-generated",
    "question": "What writer is quoted by Merriam-Webster for the Word of the Day from June 27, 2022?"
  },
  "steps": [
    {
      "step_idx": 0,
      "role": "MerriamWebsterWordOfTheDay_Historian_Expert",
      "is_mistake": false,
      "scores": {
        "gradnorm_l1_centered": 914.1756591796875,
        "gradnorm_l1_uncentered": 608.5010986328125,
        "gradnorm_l2_centered": 1.6882052421569824,
        "gradnorm_l2_uncentered": 1.3232903480529785,
        "sal_noref_c1": 0.15999962389469147,
        "sal_noref_c2": 0.2168857455253601,
        "sal_noref_c3": 0.15096579492092133,
        "sal_noref_c4": 0.1275058090686798,
        "sal_noref_c5": 0.10529559850692749,
        "sal_wref_c1": 1.550457239151001,
        "sal_wref_c2": 0.803185224533081,
        "sal_wref_c3": 0.5354894995689392,
        "sal_wref_c4": 0.42151835560798645,
        "sal_wref_c5": 0.3387073576450348
      }
    },
    {
      "step_idx": 1,
      "role": "MerriamWebsterWordOfTheDay_Historian_Expert",
      "is_mistake": false,
      "scores": {
        "gradnorm_l1_centered": 1556.257568359375,
        "gradnorm_l1_uncentered": 1659.814208984375,
        "gradnorm_l2_centered": 2.7500228881835938,
        "gradnorm_l2_uncentered": 3.2355353832244873,
        "sal_noref_c1": 1.6697077751159668,
        "sal_noref_c2": 1.5706510543823242,
        "sal_noref_c3": 1.1054633855819702,
        "sal_noref_c4": 0.8524090051651001,
        "sal_noref_c5": 0.6923837065696716,
        "sal_wref_c1": 0.346194863319397,
        "sal_wref_c2": 0.2904931306838989,
        "sal_wref_c3": 0.2163599282503128,
        "sal_wref_c4": 0.19513487815856934,
        "sal_wref_c5": 0.15614278614521027
      }
    },
    {
      "step_idx": 2,
      "role": "Computer_terminal",
      "is_mistake": false,
      "scores": {
        "gradnorm_l1_centered": 2617.90966796875,
        "gradnorm_l1_uncentered": 2922.235595703125,
        "gradnorm_l2_centered": 4.923434734344482,
        "gradnorm_l2_uncentered": 5.81268310546875,
        "sal_noref_c1": 8.18570613861084,
        "sal_noref_c2": 7.537980556488037,
        "sal_noref_c3": 5.161664962768555,
        "sal_noref_c4": 3.953733444213867,
        "sal_noref_c5": 3.4029414653778076,
        "sal_wref_c1": 0.3704721927642822,
        "sal_wref_c2": 2.560793399810791,
        "sal_wref_c3": 1.9043389558792114,
        "sal_wref_c4": 1.5047024488449097,
        "sal_wref_c5": 1.8204081058502197
      }
    },
    {
      "step_idx": 3,
      "role": "Quotation_Specialist",
      "is_mistake": false,
      "scores": {
        "gradnorm_l1_centered": 3442.75732421875,
        "gradnorm_l1_uncentered": 3664.370361328125,
        "gradnorm_l2_centered": 5.396761417388916,
        "gradnorm_l2_uncentered": 6.0034098625183105,
        "sal_noref_c1": 6.585771560668945,
        "sal_noref_c2": 3.5357871055603027,
        "sal_noref_c3": 2.8522720336914062,
        "sal_noref_c4": 2.191171884536743,
        "sal_noref_c5": 1.9201148748397827,
        "sal_wref_c1": 0.5212889313697815,
        "sal_wref_c2": 0.2699279189109802,
        "sal_wref_c3": 0.34988918900489807,
        "sal_wref_c4": 0.2659635841846466,
        "sal_wref_c5": 0.22863566875457764
      }
    },
    {
      "step_idx": 4,
      "role": "MerriamWebsterWordOfTheDay_Historian_Expert",
      "is_mistake": true,
      "scores": {
        "gradnorm_l1_centered": 2221.69189453125,
        "gradnorm_l1_uncentered": 2373.71240234375,
        "gradnorm_l2_centered": 3.6388745307922363,
        "gradnorm_l2_uncentered": 4.160728454589844,
        "sal_noref_c1": 2.585785388946533,
        "sal_noref_c2": 2.0393688678741455,
        "sal_noref_c3": 1.706304669380188,
        "sal_noref_c4": 1.2943073511123657,
        "sal_noref_c5": 1.047031044960022,
        "sal_wref_c1": 0.091591015458107,
        "sal_wref_c2": 0.1662338525056839,
        "sal_wref_c3": 0.27664506435394287,
        "sal_wref_c4": 0.25370097160339355,
        "sal_wref_c5": 0.20459850132465363
      }
    },
    {
      "step_idx": 5,
      "role": "Computer_terminal",
      "is_mistake": false,
      "scores": {
        "gradnorm_l1_centered": 2086.229248046875,
        "gradnorm_l1_uncentered": 2214.523681640625,
        "gradnorm_l2_centered": 3.65248966217041,
        "gradnorm_l2_uncentered": 4.147264003753662,
        "sal_noref_c1": 2.3350226879119873,
        "sal_noref_c2": 2.642547369003296,
        "sal_noref_c3": 2.1472442150115967,
        "sal_noref_c4": 1.6306072473526,
        "sal_noref_c5": 1.5166563987731934,
        "sal_wref_c1": 0.18499135971069336,
        "sal_wref_c2": 0.6767286658287048,
        "sal_wref_c3": 0.7110521793365479,
        "sal_wref_c4": 0.5391297340393066,
        "sal_wref_c5": 0.4313742518424988
      }
    },
    {
      "step_idx": 6,
      "role": "Quotation_Specialist",
      "is_mistake": false,
      "scores": {
        "gradnorm_l1_centered": 1896.8453369140625,
        "gradnorm_l1_uncentered": 2000.0421142578125,
        "gradnorm_l2_centered": 2.9019227027893066,
        "gradnorm_l2_uncentered": 3.2851808071136475,
        "sal_noref_c1": 1.400588035583496,
        "sal_noref_c2": 1.2685867547988892,
        "sal_noref_c3": 0.9548935890197754,
        "sal_noref_c4": 0.716201663017273,
        "sal_noref_c5": 0.6018628478050232,
        "sal_wref_c1": 0.4333325922489166,
        "sal_wref_c2": 0.2633521556854248,
        "sal_wref_c3": 0.19670350849628448,
        "sal_wref_c4": 0.15655718743801117,
        "sal_wref_c5": 0.12787753343582153
      }
    },
    {
      "step_idx": 7,
      "role": "Verification_Expert",
      "is_mistake": false,
      "scores": {
        "gradnorm_l1_centered": 3787.4736328125,
        "gradnorm_l1_uncentered": 4046.010009765625,
        "gradnorm_l2_centered": 5.924097061157227,
        "gradnorm_l2_uncentered": 6.645106792449951,
        "sal_noref_c1": 7.635623455047607,
        "sal_noref_c2": 5.970057487487793,
        "sal_noref_c3": 4.4559502601623535,
        "sal_noref_c4": 3.3918964862823486,
        "sal_noref_c5": 2.8503565788269043,
        "sal_wref_c1": 0.33688074350357056,
        "sal_wref_c2": 1.2514851093292236,
        "sal_wref_c3": 1.029390811920166,
        "sal_wref_c4": 0.7775264382362366,
        "sal_wref_c5": 0.6226270794868469
      }
    },
    {
      "step_idx": 8,
      "role": "Verification_Expert",
      "is_mistake": false,
      "scores": {
        "gradnorm_l1_centered": 2027.0615234375,
        "gradnorm_l1_uncentered": 2220.276123046875,
        "gradnorm_l2_centered": 3.212587594985962,
        "gradnorm_l2_uncentered": 3.780402898788452,
        "sal_noref_c1": 2.532895803451538,
        "sal_noref_c2": 1.6728997230529785,
        "sal_noref_c3": 1.331983208656311,
        "sal_noref_c4": 1.0225262641906738,
        "sal_noref_c5": 0.8299673199653625,
        "sal_wref_c1": 0.0806438997387886,
        "sal_wref_c2": 0.046311721205711365,
        "sal_wref_c3": 0.06979190558195114,
        "sal_wref_c4": 0.05284728854894638,
        "sal_wref_c5": 0.04671293497085571
      }
    },
    {
      "step_idx": 9,
      "role": "MerriamWebsterWordOfTheDay_Historian_Expert",
      "is_mistake": false,
      "scores": {
        "gradnorm_l1_centered": 2204.419921875,
        "gradnorm_l1_uncentered": 2396.27197265625,
        "gradnorm_l2_centered": 3.4213576316833496,
        "gradnorm_l2_uncentered": 3.9550371170043945,
        "sal_noref_c1": 3.208181858062744,
        "sal_noref_c2": 1.6975047588348389,
        "sal_noref_c3": 1.4256081581115723,
        "sal_noref_c4": 1.0708699226379395,