{
  "config": {
    "subset": "hand-crafted",
    "weight_config": "/home/hoangpham/exchange/hand-crafted/k/34"
  },
  "metadata": {
    "filename": "21.json",
    "question_id": "840bfca7-4f7b-481a-8794-c560c340185d",
    "mistake_agent": "WebSurfer",
    "mistake_step": 4,
    "level": 1,
    "subset": "hand-crafted",
    "question": "On June 6, 2023, an article by Carolyn Collins Petersen was published in Universe Today. This article mentions a team that produced a paper about their observations, linked at the bottom of the article. Find this paper. Under what NASA award number was the work performed by R. G. Arendt supported by?"
  },
  "steps": [
    {
      "step_idx": 1,
      "role": "Orchestrator (thought)",
      "is_mistake": false,
      "scores": {
        "gradnorm_l1_centered": 1693.3189697265625,
        "gradnorm_l1_uncentered": 355.4981994628906,
        "gradnorm_l2_centered": 4.212926387786865,
        "gradnorm_l2_uncentered": 0.7781691551208496,
        "sal_noref_c1": 0.08353947103023529,
        "sal_noref_c2": 0.05526789277791977,
        "sal_noref_c3": 0.03740599378943443,
        "sal_noref_c4": 0.02875419706106186,
        "sal_noref_c5": 0.02311800979077816,
        "sal_wref_c1": 16.236555099487305,
        "sal_wref_c2": 8.386052131652832,
        "sal_wref_c3": 5.591583728790283,
        "sal_wref_c4": 4.193847179412842,
        "sal_wref_c5": 3.381990432739258
      }
    },
    {
      "step_idx": 2,
      "role": "Orchestrator (thought)",
      "is_mistake": false,
      "scores": {
        "gradnorm_l1_centered": 1536.6787109375,
        "gradnorm_l1_uncentered": 767.6734619140625,
        "gradnorm_l2_centered": 3.951620101928711,
        "gradnorm_l2_uncentered": 2.301548957824707,
        "sal_noref_c1": 0.8144717812538147,
        "sal_noref_c2": 1.040954351425171,
        "sal_noref_c3": 0.7084202170372009,
        "sal_noref_c4": 0.5467971563339233,
        "sal_noref_c5": 0.4517899453639984,
        "sal_wref_c1": 12.47838306427002,
        "sal_wref_c2": 6.209270000457764,
        "sal_wref_c3": 4.153102397918701,
        "sal_wref_c4": 3.1269941329956055,
        "sal_wref_c5": 2.551093101501465
      }
    },
    {
      "step_idx": 3,
      "role": "Orchestrator (-> WebSurfer)",
      "is_mistake": false,
      "scores": {
        "gradnorm_l1_centered": 1135.95751953125,
        "gradnorm_l1_uncentered": 1466.6385498046875,
        "gradnorm_l2_centered": 2.411957263946533,
        "gradnorm_l2_uncentered": 3.764073133468628,
        "sal_noref_c1": 9.755322456359863,
        "sal_noref_c2": 4.876138687133789,
        "sal_noref_c3": 3.727222204208374,
        "sal_noref_c4": 2.820277690887451,
        "sal_noref_c5": 2.2566494941711426,
        "sal_wref_c1": 1.5696403980255127,
        "sal_wref_c2": 1.0533192157745361,
        "sal_wref_c3": 1.110377311706543,
        "sal_wref_c4": 0.8724849820137024,
        "sal_wref_c5": 0.7620949745178223
      }
    },
    {
      "step_idx": 4,
      "role": "WebSurfer",
      "is_mistake": true,
      "scores": {
        "gradnorm_l1_centered": 1642.50732421875,
        "gradnorm_l1_uncentered": 724.607177734375,
        "gradnorm_l2_centered": 3.998965263366699,
        "gradnorm_l2_uncentered": 1.7716237306594849,
        "sal_noref_c1": 0.48058176040649414,
        "sal_noref_c2": 0.5240803360939026,
        "sal_noref_c3": 0.35642990469932556,
        "sal_noref_c4": 0.2682511806488037,
        "sal_noref_c5": 0.21606862545013428,
        "sal_wref_c1": 13.590706825256348,
        "sal_wref_c2": 6.766932010650635,
        "sal_wref_c3": 4.516136646270752,
        "sal_wref_c4": 3.388784646987915,
        "sal_wref_c5": 2.7377960681915283
      }
    },
    {
      "step_idx": 5,
      "role": "Orchestrator (thought)",
      "is_mistake": false,
      "scores": {
        "gradnorm_l1_centered": 1529.23876953125,
        "gradnorm_l1_uncentered": 855.2008056640625,
        "gradnorm_l2_centered": 3.9852914810180664,
        "gradnorm_l2_uncentered": 2.4636354446411133,
        "sal_noref_c1": 0.782798707485199,
        "sal_noref_c2": 1.8282803297042847,
        "sal_noref_c3": 1.3474656343460083,
        "sal_noref_c4": 1.0237433910369873,
        "sal_noref_c5": 0.8190935254096985,
        "sal_wref_c1": 12.99211597442627,
        "sal_wref_c2": 6.71848201751709,
        "sal_wref_c3": 4.609848499298096,
        "sal_wref_c4": 3.4680752754211426,
        "sal_wref_c5": 2.781797409057617
      }
    },
    {
      "step_idx": 6,
      "role": "Orchestrator (-> WebSurfer)",
      "is_mistake": false,
      "scores": {
        "gradnorm_l1_centered": 1156.302978515625,
        "gradnorm_l1_uncentered": 1783.2379150390625,
        "gradnorm_l2_centered": 2.385706901550293,
        "gradnorm_l2_uncentered": 4.6738786697387695,
        "sal_noref_c1": 15.869644165039062,
        "sal_noref_c2": 7.959725856781006,
        "sal_noref_c3": 6.0072150230407715,
        "sal_noref_c4": 4.506126880645752,
        "sal_noref_c5": 3.6587135791778564,
        "sal_wref_c1": 0.17156445980072021,
        "sal_wref_c2": 0.2221117466688156,
        "sal_wref_c3": 0.7471508979797363,
        "sal_wref_c4": 0.5615925788879395,
        "sal_wref_c5": 0.48487749695777893
      }
    },
    {
      "step_idx": 7,
      "role": "Orchestrator (thought)",
      "is_mistake": false,
      "scores": {
        "gradnorm_l1_centered": 5162.44091796875,
        "gradnorm_l1_uncentered": 6669.919921875,
        "gradnorm_l2_centered": 12.452485084533691,
        "gradnorm_l2_uncentered": 16.36334228515625,
        "sal_noref_c1": 232.22674560546875,
        "sal_noref_c2": 116.31727600097656,
        "sal_noref_c3": 77.61078643798828,
        "sal_noref_c4": 58.21462631225586,
        "sal_noref_c5": 47.13665008544922,
        "sal_wref_c1": 120.84368133544922,
        "sal_wref_c2": 60.38589859008789,
        "sal_wref_c3": 40.32915496826172,
        "sal_wref_c4": 30.251615524291992,
        "sal_wref_c5": 24.244434356689453
      }
    },
    {
      "step_idx": 8,
      "role": "WebSurfer",
      "is_mistake": false,
      "scores": {
        "gradnorm_l1_centered": 1638.041015625,
        "gradnorm_l1_uncentered": 347.56854248046875,
        "gradnorm_l2_centered": 4.090560436248779,
        "gradnorm_l2_uncentered": 0.9437022805213928,
        "sal_noref_c1": 0.14207953214645386,
        "sal_noref_c2": 0.23190993070602417,
        "sal_noref_c3": 0.1640888899564743,
        "sal_noref_c4": 0.12319399416446686,
        "sal_noref_c5": 0.10143180936574936,
        "sal_wref_c1": 15.873756408691406,
        "sal_wref_c2": 7.966937065124512,
        "sal_wref_c3": 5.321704864501953,
        "sal_wref_c4": 3.991307497024536,
        "sal_wref_c5": 3.2070870399475098
      }
    },
    {
      "step_idx": 9,
      "role": "Orchestrator (thought)",
      "is_mistake": false,
      "scores": {
        "gradnorm_l1_centered": 1533.562255859375,
        "gradnorm_l1_uncentered": 753.1740112304688,
        "gradnorm_l2_centered": 3.9422619342803955,
        "gradnorm_l2_uncentered": 2.535710334777832,
        "sal_noref_c1": 0.8912965059280396,
        "sal_noref_c2": 1.9843636751174927,
        "sal_noref_c3": 1.4656943082809448,
        "sal_noref_c4": 1.1264207363128662,
        "sal_noref_c5": 0.9290445446968079,
        "sal_wref_c1": 12.663874626159668,
        "sal_wref_c2": 6.56754732131958,
        "sal_wref_c3": 4.526072025299072,
        "sal_wref_c4": 3.428121566772461,
        "sal_wref_c5": 2.7614529132843018
      }
    },
    {
      "step_idx": 10,
      "role": "Orchestrator (-> WebSurfer)",
      "is_mistake": false,
      "scores": {
        "gradnorm_l1_centered": 1139.0531005859375,
        "gradnorm_l1_uncentered": 1731.2022705078125,
        "gradnorm_l2_centered": 2.4587013721466064,
        "gradnorm_l2_uncentered": 4.469724655151367,
        "sal_noref_c1": 14.01086711883545,
        "sal_noref_c2": 7.009191989898682,
        "sal_noref_c3": 5.19524621963501,