{
  "config": {
    "subset": "hand-crafted",
    "weight_config": "/home/hoangpham/exchange/hand-crafted/k/34"
  },
  "metadata": {
    "filename": "25.json",
    "question_id": "42d4198c-5895-4f0a-b0c0-424a66465d83",
    "mistake_agent": "Orchestrator",
    "mistake_step": 18,
    "level": 2,
    "subset": "hand-crafted",
    "question": "I'm curious about how much information is available for popular video games before their release. Find the Wikipedia page for the 2019 game that won the British Academy Games Awards. How many revisions did that page have before the month listed as the game's release date on that Wikipedia page (as of the most recent entry from 2022)?"
  },
  "steps": [
    {
      "step_idx": 1,
      "role": "Orchestrator (thought)",
      "is_mistake": false,
      "scores": {
        "gradnorm_l1_centered": 1668.1087646484375,
        "gradnorm_l1_uncentered": 368.80023193359375,
        "gradnorm_l2_centered": 4.121280193328857,
        "gradnorm_l2_uncentered": 0.807549238204956,
        "sal_noref_c1": 0.1387862116098404,
        "sal_noref_c2": 0.09453745931386948,
        "sal_noref_c3": 0.06308043748140335,
        "sal_noref_c4": 0.047310587018728256,
        "sal_noref_c5": 0.03793702274560928,
        "sal_wref_c1": 15.621493339538574,
        "sal_wref_c2": 8.028864860534668,
        "sal_wref_c3": 5.352580547332764,
        "sal_wref_c4": 4.014601230621338,
        "sal_wref_c5": 3.236250638961792
      }
    },
    {
      "step_idx": 2,
      "role": "Orchestrator (thought)",
      "is_mistake": false,
      "scores": {
        "gradnorm_l1_centered": 1489.758056640625,
        "gradnorm_l1_uncentered": 1079.1722412109375,
        "gradnorm_l2_centered": 3.777479410171509,
        "gradnorm_l2_uncentered": 3.1001405715942383,
        "sal_noref_c1": 2.1971166133880615,
        "sal_noref_c2": 2.1859288215637207,
        "sal_noref_c3": 1.47850501537323,
        "sal_noref_c4": 1.1143782138824463,
        "sal_noref_c5": 0.8922582864761353,
        "sal_wref_c1": 9.004544258117676,
        "sal_wref_c2": 4.604155540466309,
        "sal_wref_c3": 3.094601631164551,
        "sal_wref_c4": 2.3315391540527344,
        "sal_wref_c5": 1.8654893636703491
      }
    },
    {
      "step_idx": 3,
      "role": "Orchestrator (-> WebSurfer)",
      "is_mistake": false,
      "scores": {
        "gradnorm_l1_centered": 1685.4892578125,
        "gradnorm_l1_uncentered": 2745.103271484375,
        "gradnorm_l2_centered": 4.32590389251709,
        "gradnorm_l2_uncentered": 7.582494258880615,
        "sal_noref_c1": 42.20643997192383,
        "sal_noref_c2": 21.118637084960938,
        "sal_noref_c3": 15.861602783203125,
        "sal_noref_c4": 12.028443336486816,
        "sal_noref_c5": 9.642976760864258,
        "sal_wref_c1": 4.19621467590332,
        "sal_wref_c2": 2.153822660446167,
        "sal_wref_c3": 2.9000256061553955,
        "sal_wref_c4": 2.302748441696167,
        "sal_wref_c5": 2.3516204357147217
      }
    },
    {
      "step_idx": 4,
      "role": "WebSurfer",
      "is_mistake": false,
      "scores": {
        "gradnorm_l1_centered": 1601.895263671875,
        "gradnorm_l1_uncentered": 938.0031127929688,
        "gradnorm_l2_centered": 3.937366008758545,
        "gradnorm_l2_uncentered": 2.3718409538269043,
        "sal_noref_c1": 0.9287798404693604,
        "sal_noref_c2": 1.136702060699463,
        "sal_noref_c3": 0.7725694179534912,
        "sal_noref_c4": 0.5821455121040344,
        "sal_noref_c5": 0.46835851669311523,
        "sal_wref_c1": 12.008489608764648,
        "sal_wref_c2": 5.999301910400391,
        "sal_wref_c3": 4.010801792144775,
        "sal_wref_c4": 3.011080741882324,
        "sal_wref_c5": 2.4498393535614014
      }
    },
    {
      "step_idx": 5,
      "role": "Orchestrator (thought)",
      "is_mistake": false,
      "scores": {
        "gradnorm_l1_centered": 1556.0284423828125,
        "gradnorm_l1_uncentered": 663.5560302734375,
        "gradnorm_l2_centered": 4.179239749908447,
        "gradnorm_l2_uncentered": 2.0404093265533447,
        "sal_noref_c1": 0.28596314787864685,
        "sal_noref_c2": 1.1088838577270508,
        "sal_noref_c3": 0.8480821251869202,
        "sal_noref_c4": 0.646274745464325,
        "sal_noref_c5": 0.5200887322425842,
        "sal_wref_c1": 15.356820106506348,
        "sal_wref_c2": 7.711886882781982,
        "sal_wref_c3": 5.254440784454346,
        "sal_wref_c4": 3.9479358196258545,
        "sal_wref_c5": 3.168968439102173
      }
    },
    {
      "step_idx": 6,
      "role": "Orchestrator (-> WebSurfer)",
      "is_mistake": false,
      "scores": {
        "gradnorm_l1_centered": 2270.753662109375,
        "gradnorm_l1_uncentered": 3465.25146484375,
        "gradnorm_l2_centered": 5.623514175415039,
        "gradnorm_l2_uncentered": 9.1311616897583,
        "sal_noref_c1": 62.84292221069336,
        "sal_noref_c2": 31.594770431518555,
        "sal_noref_c3": 23.28672981262207,
        "sal_noref_c4": 17.695201873779297,
        "sal_noref_c5": 14.384732246398926,
        "sal_wref_c1": 11.847622871398926,
        "sal_wref_c2": 5.922668933868408,
        "sal_wref_c3": 5.918623447418213,
        "sal_wref_c4": 4.639410972595215,
        "sal_wref_c5": 3.8069846630096436
      }
    },
    {
      "step_idx": 7,
      "role": "Orchestrator (thought)",
      "is_mistake": false,
      "scores": {
        "gradnorm_l1_centered": 6824.98583984375,
        "gradnorm_l1_uncentered": 8315.4140625,
        "gradnorm_l2_centered": 15.993605613708496,
        "gradnorm_l2_uncentered": 19.841642379760742,
        "sal_noref_c1": 325.61651611328125,
        "sal_noref_c2": 162.13238525390625,
        "sal_noref_c3": 108.17364501953125,
        "sal_noref_c4": 81.76378631591797,
        "sal_noref_c5": 66.7946548461914,
        "sal_wref_c1": 188.84628295898438,
        "sal_wref_c2": 93.94395446777344,
        "sal_wref_c3": 62.68862533569336,
        "sal_wref_c4": 47.50222396850586,
        "sal_wref_c5": 38.04417419433594
      }
    },
    {
      "step_idx": 8,
      "role": "WebSurfer",
      "is_mistake": false,
      "scores": {
        "gradnorm_l1_centered": 1578.8055419921875,
        "gradnorm_l1_uncentered": 881.0087280273438,
        "gradnorm_l2_centered": 4.227532863616943,
        "gradnorm_l2_uncentered": 2.5732741355895996,
        "sal_noref_c1": 0.5336816310882568,
        "sal_noref_c2": 1.7431640625,
        "sal_noref_c3": 1.311097264289856,
        "sal_noref_c4": 0.9894099831581116,
        "sal_noref_c5": 0.7968764305114746,
        "sal_wref_c1": 14.077305793762207,
        "sal_wref_c2": 7.305610179901123,
        "sal_wref_c3": 5.0092668533325195,
        "sal_wref_c4": 3.761605739593506,
        "sal_wref_c5": 3.0108141899108887
      }
    },
    {
      "step_idx": 9,
      "role": "Orchestrator (thought)",
      "is_mistake": false,
      "scores": {
        "gradnorm_l1_centered": 1503.3780517578125,
        "gradnorm_l1_uncentered": 807.083251953125,
        "gradnorm_l2_centered": 3.85032320022583,
        "gradnorm_l2_uncentered": 2.6416189670562744,
        "sal_noref_c1": 1.1838995218276978,
        "sal_noref_c2": 2.173069477081299,
        "sal_noref_c3": 1.5542455911636353,
        "sal_noref_c4": 1.1672357320785522,
        "sal_noref_c5": 0.9344002604484558,
        "sal_wref_c1": 11.666045188903809,
        "sal_wref_c2": 6.109549522399902,
        "sal_wref_c3": 4.188384532928467,
        "sal_wref_c4": 3.141556978225708,
        "sal_wref_c5": 2.5200819969177246
      }
    },
    {
      "step_idx": 10,
      "role": "Orchestrator (-> WebSurfer)",
      "is_mistake": false,
      "scores": {
        "gradnorm_l1_centered": 1559.400390625,
        "gradnorm_l1_uncentered": 2623.624267578125,
        "gradnorm_l2_centered": 3.847252368927002,
        "gradnorm_l2_uncentered": 7.054408550262451,
        "sal_noref_c1": 36.791542053222656,
        "sal_noref_c2": 18.498218536376953,