{
  "config": {
    "subset": "hand-crafted",
    "weight_config": "/home/hoangpham/exchange/hand-crafted/k/34"
  },
  "metadata": {
    "filename": "33.json",
    "question_id": "72e110e7-464c-453c-a309-90a95aed6538",
    "mistake_agent": "WebSurfer",
    "mistake_step": 8,
    "level": 1,
    "subset": "hand-crafted",
    "question": "Under DDC 633 on Bielefeld University Library's BASE, as of 2020, from what country was the unknown language article with a flag unique from the others?"
  },
  "steps": [
    {
      "step_idx": 1,
      "role": "Orchestrator (thought)",
      "is_mistake": false,
      "scores": {
        "gradnorm_l1_centered": 1680.480712890625,
        "gradnorm_l1_uncentered": 431.3826599121094,
        "gradnorm_l2_centered": 4.231322765350342,
        "gradnorm_l2_uncentered": 0.945183515548706,
        "sal_noref_c1": 0.08900267630815506,
        "sal_noref_c2": 0.06759586185216904,
        "sal_noref_c3": 0.04611038789153099,
        "sal_noref_c4": 0.0364120677113533,
        "sal_noref_c5": 0.029145117849111557,
        "sal_wref_c1": 16.196046829223633,
        "sal_wref_c2": 8.321455001831055,
        "sal_wref_c3": 5.548951625823975,
        "sal_wref_c4": 4.162081718444824,
        "sal_wref_c5": 3.3622469902038574
      }
    },
    {
      "step_idx": 2,
      "role": "Orchestrator (thought)",
      "is_mistake": false,
      "scores": {
        "gradnorm_l1_centered": 1532.76416015625,
        "gradnorm_l1_uncentered": 706.04931640625,
        "gradnorm_l2_centered": 3.8631415367126465,
        "gradnorm_l2_uncentered": 1.8415639400482178,
        "sal_noref_c1": 0.6515689492225647,
        "sal_noref_c2": 0.6926471590995789,
        "sal_noref_c3": 0.47382545471191406,
        "sal_noref_c4": 0.37119755148887634,
        "sal_noref_c5": 0.3022063970565796,
        "sal_wref_c1": 12.940282821655273,
        "sal_wref_c2": 6.43643856048584,
        "sal_wref_c3": 4.305091381072998,
        "sal_wref_c4": 3.248310089111328,
        "sal_wref_c5": 2.6126999855041504
      }
    },
    {
      "step_idx": 3,
      "role": "Orchestrator (-> WebSurfer)",
      "is_mistake": false,
      "scores": {
        "gradnorm_l1_centered": 1065.23046875,
        "gradnorm_l1_uncentered": 1628.9033203125,
        "gradnorm_l2_centered": 2.14192271232605,
        "gradnorm_l2_uncentered": 4.101460933685303,
        "sal_noref_c1": 12.580221176147461,
        "sal_noref_c2": 6.313579559326172,
        "sal_noref_c3": 4.531412124633789,
        "sal_noref_c4": 3.474696159362793,
        "sal_noref_c5": 2.789489269256592,
        "sal_wref_c1": 0.7106664776802063,
        "sal_wref_c2": 0.5149763822555542,
        "sal_wref_c3": 0.596407413482666,
        "sal_wref_c4": 0.5452912449836731,
        "sal_wref_c5": 0.43842363357543945
      }
    },
    {
      "step_idx": 4,
      "role": "WebSurfer",
      "is_mistake": false,
      "scores": {
        "gradnorm_l1_centered": 1617.345458984375,
        "gradnorm_l1_uncentered": 784.5534057617188,
        "gradnorm_l2_centered": 4.057484149932861,
        "gradnorm_l2_uncentered": 1.9904565811157227,
        "sal_noref_c1": 0.5024112462997437,
        "sal_noref_c2": 0.665155291557312,
        "sal_noref_c3": 0.46090319752693176,
        "sal_noref_c4": 0.3539026081562042,
        "sal_noref_c5": 0.28343650698661804,
        "sal_wref_c1": 13.602871894836426,
        "sal_wref_c2": 6.761183738708496,
        "sal_wref_c3": 4.522359371185303,
        "sal_wref_c4": 3.4055216312408447,
        "sal_wref_c5": 2.746577739715576
      }
    },
    {
      "step_idx": 5,
      "role": "Orchestrator (thought)",
      "is_mistake": false,
      "scores": {
        "gradnorm_l1_centered": 1509.5963134765625,
        "gradnorm_l1_uncentered": 835.0357666015625,
        "gradnorm_l2_centered": 4.09160041809082,
        "gradnorm_l2_uncentered": 2.5235586166381836,
        "sal_noref_c1": 0.658758282661438,
        "sal_noref_c2": 1.8252320289611816,
        "sal_noref_c3": 1.3763493299484253,
        "sal_noref_c4": 1.047958493232727,
        "sal_noref_c5": 0.8574870228767395,
        "sal_wref_c1": 13.566307067871094,
        "sal_wref_c2": 7.01369571685791,
        "sal_wref_c3": 4.832520008087158,
        "sal_wref_c4": 3.641735076904297,
        "sal_wref_c5": 2.9336674213409424
      }
    },
    {
      "step_idx": 6,
      "role": "Orchestrator (-> WebSurfer)",
      "is_mistake": false,
      "scores": {
        "gradnorm_l1_centered": 1162.505859375,
        "gradnorm_l1_uncentered": 1340.01171875,
        "gradnorm_l2_centered": 2.3739328384399414,
        "gradnorm_l2_uncentered": 3.3918581008911133,
        "sal_noref_c1": 8.072280883789062,
        "sal_noref_c2": 4.023123741149902,
        "sal_noref_c3": 2.9140446186065674,
        "sal_noref_c4": 2.1997430324554443,
        "sal_noref_c5": 1.8005406856536865,
        "sal_wref_c1": 2.3488428592681885,
        "sal_wref_c2": 1.5917832851409912,
        "sal_wref_c3": 1.2247600555419922,
        "sal_wref_c4": 0.9299200773239136,
        "sal_wref_c5": 0.7710217237472534
      }
    },
    {
      "step_idx": 7,
      "role": "Orchestrator (thought)",
      "is_mistake": false,
      "scores": {
        "gradnorm_l1_centered": 5102.41162109375,
        "gradnorm_l1_uncentered": 6608.18359375,
        "gradnorm_l2_centered": 12.20584774017334,
        "gradnorm_l2_uncentered": 15.872425079345703,
        "sal_noref_c1": 202.5479278564453,
        "sal_noref_c2": 103.90560913085938,
        "sal_noref_c3": 73.43648529052734,
        "sal_noref_c4": 55.23212814331055,
        "sal_noref_c5": 45.253292083740234,
        "sal_wref_c1": 101.33145904541016,
        "sal_wref_c2": 53.263362884521484,
        "sal_wref_c3": 40.08533477783203,
        "sal_wref_c4": 30.179655075073242,
        "sal_wref_c5": 24.208097457885742
      }
    },
    {
      "step_idx": 8,
      "role": "WebSurfer",
      "is_mistake": true,
      "scores": {
        "gradnorm_l1_centered": 1601.124755859375,
        "gradnorm_l1_uncentered": 623.874755859375,
        "gradnorm_l2_centered": 4.1392951011657715,
        "gradnorm_l2_uncentered": 1.6401492357254028,
        "sal_noref_c1": 0.21726207435131073,
        "sal_noref_c2": 0.6828891038894653,
        "sal_noref_c3": 0.4921736717224121,
        "sal_noref_c4": 0.3698148727416992,
        "sal_noref_c5": 0.2958519160747528,
        "sal_wref_c1": 15.560524940490723,
        "sal_wref_c2": 7.741606712341309,
        "sal_wref_c3": 5.19396448135376,
        "sal_wref_c4": 3.8961079120635986,
        "sal_wref_c5": 3.127018451690674
      }
    }
  ]
}