{
  "config": {
    "subset": "hand-crafted",
    "weight_config": "/home/hoangpham/exchange/hand-crafted/k/34"
  },
  "metadata": {
    "filename": "6.json",
    "question_id": "e6bc98089608217e45b6956a46518fe3cce64a799b3ac43c6974c449ae14c408",
    "mistake_agent": "Orchestrator",
    "mistake_step": 5,
    "level": -1,
    "subset": "hand-crafted",
    "question": "What's the highest price a high-rise apartment was sold for in Mission Bay, San Francisco, in 2021?"
  },
  "steps": [
    {
      "step_idx": 1,
      "role": "Orchestrator (thought)",
      "is_mistake": false,
      "scores": {
        "gradnorm_l1_centered": 1659.1920166015625,
        "gradnorm_l1_uncentered": 546.1163940429688,
        "gradnorm_l2_centered": 4.014059543609619,
        "gradnorm_l2_uncentered": 1.2487777471542358,
        "sal_noref_c1": 0.3183884024620056,
        "sal_noref_c2": 0.19591230154037476,
        "sal_noref_c3": 0.13072335720062256,
        "sal_noref_c4": 0.10138843953609467,
        "sal_noref_c5": 0.08142165839672089,
        "sal_wref_c1": 14.206788063049316,
        "sal_wref_c2": 7.2881879806518555,
        "sal_wref_c3": 4.858819484710693,
        "sal_wref_c4": 3.645699977874756,
        "sal_wref_c5": 2.9335110187530518
      }
    },
    {
      "step_idx": 2,
      "role": "Orchestrator (thought)",
      "is_mistake": false,
      "scores": {
        "gradnorm_l1_centered": 1524.8206787109375,
        "gradnorm_l1_uncentered": 787.2359008789062,
        "gradnorm_l2_centered": 3.671107292175293,
        "gradnorm_l2_uncentered": 2.136967182159424,
        "sal_noref_c1": 1.2197426557540894,
        "sal_noref_c2": 0.9888874292373657,
        "sal_noref_c3": 0.6599361300468445,
        "sal_noref_c4": 0.508892297744751,
        "sal_noref_c5": 0.42474880814552307,
        "sal_wref_c1": 10.906929969787598,
        "sal_wref_c2": 5.418124198913574,
        "sal_wref_c3": 3.6126368045806885,
        "sal_wref_c4": 2.722119092941284,
        "sal_wref_c5": 2.200623035430908
      }
    },
    {
      "step_idx": 3,
      "role": "Orchestrator (-> WebSurfer)",
      "is_mistake": false,
      "scores": {
        "gradnorm_l1_centered": 1059.5845947265625,
        "gradnorm_l1_uncentered": 1654.165283203125,
        "gradnorm_l2_centered": 2.2055649757385254,
        "gradnorm_l2_uncentered": 4.4258575439453125,
        "sal_noref_c1": 14.594321250915527,
        "sal_noref_c2": 7.348087310791016,
        "sal_noref_c3": 5.229476451873779,
        "sal_noref_c4": 3.9878218173980713,
        "sal_noref_c5": 3.2709262371063232,
        "sal_wref_c1": 0.3340579569339752,
        "sal_wref_c2": 0.2681159973144531,
        "sal_wref_c3": 0.44735345244407654,
        "sal_wref_c4": 0.4216124415397644,
        "sal_wref_c5": 0.34244439005851746
      }
    },
    {
      "step_idx": 4,
      "role": "WebSurfer",
      "is_mistake": false,
      "scores": {
        "gradnorm_l1_centered": 1602.4478759765625,
        "gradnorm_l1_uncentered": 882.688232421875,
        "gradnorm_l2_centered": 3.9228591918945312,
        "gradnorm_l2_uncentered": 2.3900814056396484,
        "sal_noref_c1": 1.0240273475646973,
        "sal_noref_c2": 1.0031676292419434,
        "sal_noref_c3": 0.6742151379585266,
        "sal_noref_c4": 0.5191964507102966,
        "sal_noref_c5": 0.4188215732574463,
        "sal_wref_c1": 11.554391860961914,
        "sal_wref_c2": 5.746702194213867,
        "sal_wref_c3": 3.8351480960845947,
        "sal_wref_c4": 2.8941407203674316,
        "sal_wref_c5": 2.344837188720703
      }
    },
    {
      "step_idx": 5,
      "role": "Orchestrator (thought)",
      "is_mistake": true,
      "scores": {
        "gradnorm_l1_centered": 1508.7957763671875,
        "gradnorm_l1_uncentered": 991.6943969726562,
        "gradnorm_l2_centered": 4.431545257568359,
        "gradnorm_l2_uncentered": 3.2039635181427,
        "sal_noref_c1": 0.7178301215171814,
        "sal_noref_c2": 2.8787307739257812,
        "sal_noref_c3": 2.243932008743286,
        "sal_noref_c4": 1.6948997974395752,
        "sal_noref_c5": 1.357298731803894,
        "sal_wref_c1": 13.70981502532959,
        "sal_wref_c2": 7.594160079956055,
        "sal_wref_c3": 5.390493869781494,
        "sal_wref_c4": 4.049407958984375,
        "sal_wref_c5": 3.2395389080047607
      }
    },
    {
      "step_idx": 6,
      "role": "Orchestrator (thought)",
      "is_mistake": false,
      "scores": {
        "gradnorm_l1_centered": 3484.18798828125,
        "gradnorm_l1_uncentered": 4241.697265625,
        "gradnorm_l2_centered": 9.866209030151367,
        "gradnorm_l2_uncentered": 10.923664093017578,
        "sal_noref_c1": 14.447630882263184,
        "sal_noref_c2": 24.549476623535156,
        "sal_noref_c3": 20.137069702148438,
        "sal_noref_c4": 15.236929893493652,
        "sal_noref_c5": 12.21994686126709,
        "sal_wref_c1": 1.42308509349823,
        "sal_wref_c2": 12.626517295837402,
        "sal_wref_c3": 12.31356430053711,
        "sal_wref_c4": 9.300518035888672,
        "sal_wref_c5": 7.481400966644287
      }
    },
    {
      "step_idx": 7,
      "role": "Orchestrator (termination condition)",
      "is_mistake": false,
      "scores": {
        "gradnorm_l1_centered": 2355.406005859375,
        "gradnorm_l1_uncentered": 2579.6494140625,
        "gradnorm_l2_centered": 6.965205669403076,
        "gradnorm_l2_uncentered": 7.323488712310791,
        "sal_noref_c1": 4.22475004196167,
        "sal_noref_c2": 16.560218811035156,
        "sal_noref_c3": 12.109257698059082,
        "sal_noref_c4": 9.100417137145996,
        "sal_noref_c5": 7.294654846191406,
        "sal_wref_c1": 7.916361331939697,
        "sal_wref_c2": 14.02000904083252,
        "sal_wref_c3": 10.377894401550293,
        "sal_wref_c4": 7.789039134979248,
        "sal_wref_c5": 6.250879287719727
      }
    }
  ]
}