{
  "config": {
    "subset": "algorithm-generated",
    "weight_config": "/home/hoangpham/exchange/algorithm-generated/v/35"
  },
  "metadata": {
    "filename": "78.json",
    "question_id": "65638e28-7f37-4fa7-b7b9-8c19bb609879",
    "mistake_agent": "Neurology_Expert",
    "mistake_step": 9,
    "level": "2",
    "subset": "algorithm-generated",
    "question": "The book with the doi 10.1353/book.24372 concerns a certain neurologist. According to chapter 2 of the book, what author influenced this neurologist\u2019s belief in \u201cendopsychic myths\u201d? Give the last name only."
  },
  "steps": [
    {
      "step_idx": 0,
      "role": "Literature_Expert",
      "is_mistake": false,
      "scores": {
        "gradnorm_l1_centered": 621.1253051757812,
        "gradnorm_l1_uncentered": 509.4399719238281,
        "gradnorm_l2_centered": 1.2086644172668457,
        "gradnorm_l2_uncentered": 1.5459363460540771,
        "sal_noref_c1": 1.6181261539459229,
        "sal_noref_c2": 0.8737897872924805,
        "sal_noref_c3": 0.6266306638717651,
        "sal_noref_c4": 0.47064805030822754,
        "sal_noref_c5": 0.3765185475349426,
        "sal_wref_c1": 0.8981856107711792,
        "sal_wref_c2": 0.4622195065021515,
        "sal_wref_c3": 0.3276936113834381,
        "sal_wref_c4": 0.24596841633319855,
        "sal_wref_c5": 0.20330795645713806
      }
    },
    {
      "step_idx": 1,
      "role": "Literature_Expert",
      "is_mistake": false,
      "scores": {
        "gradnorm_l1_centered": 757.9454345703125,
        "gradnorm_l1_uncentered": 938.335205078125,
        "gradnorm_l2_centered": 1.2556414604187012,
        "gradnorm_l2_uncentered": 2.6754751205444336,
        "sal_noref_c1": 5.301250457763672,
        "sal_noref_c2": 2.864224672317505,
        "sal_noref_c3": 1.9607467651367188,
        "sal_noref_c4": 1.5069142580032349,
        "sal_noref_c5": 1.219211459159851,
        "sal_wref_c1": 0.0011560547864064574,
        "sal_wref_c2": 0.14316152036190033,
        "sal_wref_c3": 0.1134105697274208,
        "sal_wref_c4": 0.11269933730363846,
        "sal_wref_c5": 0.10851572453975677
      }
    },
    {
      "step_idx": 2,
      "role": "Computer_terminal",
      "is_mistake": false,
      "scores": {
        "gradnorm_l1_centered": 4303.072265625,
        "gradnorm_l1_uncentered": 4758.46484375,
        "gradnorm_l2_centered": 9.004987716674805,
        "gradnorm_l2_uncentered": 10.79223918914795,
        "sal_noref_c1": 84.33718872070312,
        "sal_noref_c2": 47.022247314453125,
        "sal_noref_c3": 32.38861083984375,
        "sal_noref_c4": 24.93828582763672,
        "sal_noref_c5": 20.237722396850586,
        "sal_wref_c1": 48.24247741699219,
        "sal_wref_c2": 30.8660888671875,
        "sal_wref_c3": 20.902734756469727,
        "sal_wref_c4": 16.142976760864258,
        "sal_wref_c5": 12.96058464050293
      }
    },
    {
      "step_idx": 3,
      "role": "Neurology_Expert",
      "is_mistake": false,
      "scores": {
        "gradnorm_l1_centered": 616.1532592773438,
        "gradnorm_l1_uncentered": 661.8297729492188,
        "gradnorm_l2_centered": 1.224960446357727,
        "gradnorm_l2_uncentered": 1.4823955297470093,
        "sal_noref_c1": 1.5496376752853394,
        "sal_noref_c2": 0.7719707489013672,
        "sal_noref_c3": 0.5158078074455261,
        "sal_noref_c4": 0.38797175884246826,
        "sal_noref_c5": 0.32385319471359253,
        "sal_wref_c1": 0.880841076374054,
        "sal_wref_c2": 0.4642375707626343,
        "sal_wref_c3": 0.3126923143863678,
        "sal_wref_c4": 0.23551946878433228,
        "sal_wref_c5": 0.18844279646873474
      }
    },
    {
      "step_idx": 4,
      "role": "Computer_terminal",
      "is_mistake": false,
      "scores": {
        "gradnorm_l1_centered": 1554.4505615234375,
        "gradnorm_l1_uncentered": 1876.20849609375,
        "gradnorm_l2_centered": 2.6753485202789307,
        "gradnorm_l2_uncentered": 3.6653060913085938,
        "sal_noref_c1": 6.616136074066162,
        "sal_noref_c2": 3.6916747093200684,
        "sal_noref_c3": 2.496962070465088,
        "sal_noref_c4": 2.2296252250671387,
        "sal_noref_c5": 2.012674331665039,
        "sal_wref_c1": 0.20854012668132782,
        "sal_wref_c2": 0.5745787620544434,
        "sal_wref_c3": 0.41814088821411133,
        "sal_wref_c4": 0.8619961738586426,
        "sal_wref_c5": 0.6901012659072876
      }
    },
    {
      "step_idx": 5,
      "role": "Neurology_Expert",
      "is_mistake": false,
      "scores": {
        "gradnorm_l1_centered": 640.0149536132812,
        "gradnorm_l1_uncentered": 477.5078125,
        "gradnorm_l2_centered": 1.530707836151123,
        "gradnorm_l2_uncentered": 1.1042242050170898,
        "sal_noref_c1": 0.6946569085121155,
        "sal_noref_c2": 0.35356077551841736,
        "sal_noref_c3": 0.24985872209072113,
        "sal_noref_c4": 0.18810072541236877,
        "sal_noref_c5": 0.1601743847131729,
        "sal_wref_c1": 1.799504041671753,
        "sal_wref_c2": 0.9482617378234863,
        "sal_wref_c3": 0.6332064270973206,
        "sal_wref_c4": 0.48143476247787476,
        "sal_wref_c5": 0.38624754548072815
      }
    },
    {
      "step_idx": 6,
      "role": "Computer_terminal",
      "is_mistake": false,
      "scores": {
        "gradnorm_l1_centered": 627.7179565429688,
        "gradnorm_l1_uncentered": 651.3934936523438,
        "gradnorm_l2_centered": 1.2469720840454102,
        "gradnorm_l2_uncentered": 1.8678042888641357,
        "sal_noref_c1": 2.2214651107788086,
        "sal_noref_c2": 1.3908028602600098,
        "sal_noref_c3": 0.9303662180900574,
        "sal_noref_c4": 0.7197511196136475,
        "sal_noref_c5": 0.578177273273468,
        "sal_wref_c1": 0.5594332218170166,
        "sal_wref_c2": 0.45123398303985596,
        "sal_wref_c3": 0.3203650712966919,
        "sal_wref_c4": 0.24880371987819672,
        "sal_wref_c5": 0.20022031664848328
      }
    },
    {
      "step_idx": 7,
      "role": "Literature_Expert",
      "is_mistake": false,
      "scores": {
        "gradnorm_l1_centered": 634.30078125,
        "gradnorm_l1_uncentered": 784.32763671875,
        "gradnorm_l2_centered": 1.0066323280334473,
        "gradnorm_l2_uncentered": 2.1016597747802734,
        "sal_noref_c1": 3.3397819995880127,
        "sal_noref_c2": 1.7331210374832153,
        "sal_noref_c3": 1.1601823568344116,
        "sal_noref_c4": 0.8928391933441162,
        "sal_noref_c5": 0.7396442890167236,
        "sal_wref_c1": 0.1657826006412506,
        "sal_wref_c2": 0.10653921961784363,
        "sal_wref_c3": 0.07219965755939484,
        "sal_wref_c4": 0.06146465986967087,
        "sal_wref_c5": 0.06095914915204048
      }
    },
    {
      "step_idx": 8,
      "role": "Computer_terminal",
      "is_mistake": false,
      "scores": {
        "gradnorm_l1_centered": 800.2569580078125,
        "gradnorm_l1_uncentered": 786.2435913085938,
        "gradnorm_l2_centered": 1.5118149518966675,
        "gradnorm_l2_uncentered": 1.3939334154129028,
        "sal_noref_c1": 1.034200668334961,
        "sal_noref_c2": 0.5214678049087524,
        "sal_noref_c3": 0.36043405532836914,
        "sal_noref_c4": 0.2763591706752777,
        "sal_noref_c5": 0.24939695000648499,
        "sal_wref_c1": 1.337601661682129,
        "sal_wref_c2": 0.6676915884017944,
        "sal_wref_c3": 0.4782745838165283,
        "sal_wref_c4": 0.386400043964386,
        "sal_wref_c5": 0.30912142992019653
      }
    },
    {
      "step_idx": 9,
      "role": "Neurology_Expert",
      "is_mistake": true,
      "scores": {
        "gradnorm_l1_centered": 675.4978637695312,
        "gradnorm_l1_uncentered": 781.161865234375,
        "gradnorm_l2_centered": 1.1463044881820679,
        "gradnorm_l2_uncentered": 1.8940510749816895,
        "sal_noref_c1": 2.478022336959839,
        "sal_noref_c2": 1.2397441864013672,
        "sal_noref_c3": 0.8375138640403748,
        "sal_noref_c4": 0.6484233736991882,