{
  "config": {
    "subset": "algorithm-generated",
    "weight_config": "/home/hoangpham/exchange/algorithm-generated/v/35"
  },
  "metadata": {
    "filename": "86.json",
    "question_id": "72e110e7-464c-453c-a309-90a95aed6538",
    "mistake_agent": "Library_Database_Expert",
    "mistake_step": 0,
    "level": "1",
    "subset": "algorithm-generated",
    "question": "Under DDC 633 on Bielefeld University Library's BASE, as of 2020, from what country was the unknown language article with a flag unique from the others?"
  },
  "steps": [
    {
      "step_idx": 0,
      "role": "Library_Database_Expert",
      "is_mistake": true,
      "scores": {
        "gradnorm_l1_centered": 617.676513671875,
        "gradnorm_l1_uncentered": 318.87005615234375,
        "gradnorm_l2_centered": 1.4816029071807861,
        "gradnorm_l2_uncentered": 0.979944109916687,
        "sal_noref_c1": 0.6263287663459778,
        "sal_noref_c2": 0.3355034291744232,
        "sal_noref_c3": 0.25275495648384094,
        "sal_noref_c4": 0.19099678099155426,
        "sal_noref_c5": 0.15322773158550262,
        "sal_wref_c1": 1.9776054620742798,
        "sal_wref_c2": 0.9795529842376709,
        "sal_wref_c3": 0.6605766415596008,
        "sal_wref_c4": 0.4955589175224304,
        "sal_wref_c5": 0.3986912667751312
      }
    },
    {
      "step_idx": 1,
      "role": "Computer_terminal",
      "is_mistake": false,
      "scores": {
        "gradnorm_l1_centered": 663.764892578125,
        "gradnorm_l1_uncentered": 238.48455810546875,
        "gradnorm_l2_centered": 1.8873579502105713,
        "gradnorm_l2_uncentered": 0.4447453022003174,
        "sal_noref_c1": 0.11123747378587723,
        "sal_noref_c2": 0.05742078274488449,
        "sal_noref_c3": 0.03922724351286888,
        "sal_noref_c4": 0.029521651566028595,
        "sal_noref_c5": 0.02378539927303791,
        "sal_wref_c1": 3.3317973613739014,
        "sal_wref_c2": 1.6640636920928955,
        "sal_wref_c3": 1.1113353967666626,
        "sal_wref_c4": 0.8364633917808533,
        "sal_wref_c5": 0.6752594709396362
      }
    },
    {
      "step_idx": 2,
      "role": "NaturalLanguageProcessing_Expert",
      "is_mistake": false,
      "scores": {
        "gradnorm_l1_centered": 641.343994140625,
        "gradnorm_l1_uncentered": 441.0593566894531,
        "gradnorm_l2_centered": 1.446250319480896,
        "gradnorm_l2_uncentered": 1.1416196823120117,
        "sal_noref_c1": 0.8125942349433899,
        "sal_noref_c2": 0.4050004482269287,
        "sal_noref_c3": 0.30264243483543396,
        "sal_noref_c4": 0.22823283076286316,
        "sal_noref_c5": 0.19044753909111023,
        "sal_wref_c1": 1.6526455879211426,
        "sal_wref_c2": 0.8490552306175232,
        "sal_wref_c3": 0.5733981728553772,
        "sal_wref_c4": 0.43010085821151733,
        "sal_wref_c5": 0.34504619240760803
      }
    },
    {
      "step_idx": 3,
      "role": "Computer_terminal",
      "is_mistake": false,
      "scores": {
        "gradnorm_l1_centered": 622.1068725585938,
        "gradnorm_l1_uncentered": 467.7554626464844,
        "gradnorm_l2_centered": 1.3605645895004272,
        "gradnorm_l2_uncentered": 1.3524209260940552,
        "sal_noref_c1": 1.110019326210022,
        "sal_noref_c2": 0.6508476734161377,
        "sal_noref_c3": 0.440799355506897,
        "sal_noref_c4": 0.34268468618392944,
        "sal_noref_c5": 0.2762919068336487,
        "sal_wref_c1": 1.3615093231201172,
        "sal_wref_c2": 0.7053672671318054,
        "sal_wref_c3": 0.47034624218940735,
        "sal_wref_c4": 0.35719001293182373,
        "sal_wref_c5": 0.2873249053955078
      }
    },
    {
      "step_idx": 4,
      "role": "Verification_Expert",
      "is_mistake": false,
      "scores": {
        "gradnorm_l1_centered": 630.0758056640625,
        "gradnorm_l1_uncentered": 434.9416809082031,
        "gradnorm_l2_centered": 1.5768868923187256,
        "gradnorm_l2_uncentered": 0.9615135192871094,
        "sal_noref_c1": 0.5365622043609619,
        "sal_noref_c2": 0.2672251760959625,
        "sal_noref_c3": 0.18371711671352386,
        "sal_noref_c4": 0.13917623460292816,
        "sal_noref_c5": 0.11728086322546005,
        "sal_wref_c1": 2.083615303039551,
        "sal_wref_c2": 1.0606111288070679,
        "sal_wref_c3": 0.7074377536773682,
        "sal_wref_c4": 0.5309216380119324,
        "sal_wref_c5": 0.42504048347473145
      }
    },
    {
      "step_idx": 5,
      "role": "Library_Database_Expert",
      "is_mistake": false,
      "scores": {
        "gradnorm_l1_centered": 671.853271484375,
        "gradnorm_l1_uncentered": 334.23773193359375,
        "gradnorm_l2_centered": 1.8227370977401733,
        "gradnorm_l2_uncentered": 0.6828874349594116,
        "sal_noref_c1": 0.19494304060935974,
        "sal_noref_c2": 0.10166402161121368,
        "sal_noref_c3": 0.07687927782535553,
        "sal_noref_c4": 0.058049608021974564,
        "sal_noref_c5": 0.0510181188583374,
        "sal_wref_c1": 2.9796903133392334,
        "sal_wref_c2": 1.529747724533081,
        "sal_wref_c3": 1.0198326110839844,
        "sal_wref_c4": 0.7660887241363525,
        "sal_wref_c5": 0.614782452583313
      }
    },
    {
      "step_idx": 6,
      "role": "Library_Database_Expert",
      "is_mistake": false,
      "scores": {
        "gradnorm_l1_centered": 2034.3773193359375,
        "gradnorm_l1_uncentered": 2507.093017578125,
        "gradnorm_l2_centered": 3.918311595916748,
        "gradnorm_l2_uncentered": 5.530977249145508,
        "sal_noref_c1": 21.416061401367188,
        "sal_noref_c2": 10.94685173034668,
        "sal_noref_c3": 7.387662410736084,
        "sal_noref_c4": 5.592337131500244,
        "sal_noref_c5": 4.595160484313965,
        "sal_wref_c1": 6.332685947418213,
        "sal_wref_c2": 3.4101874828338623,
        "sal_wref_c3": 2.4257662296295166,
        "sal_wref_c4": 1.8333358764648438,
        "sal_wref_c5": 1.9459600448608398
      }
    }
  ]
}