{
  "config": {
    "subset": "algorithm-generated",
    "weight_config": "/home/hoangpham/exchange/algorithm-generated/v/35"
  },
  "metadata": {
    "filename": "91.json",
    "question_id": "32102e3e-d12a-4209-9163-7b3a104efe5d",
    "mistake_agent": "Blu-Ray_Expert",
    "mistake_step": 8,
    "level": "2",
    "subset": "algorithm-generated",
    "question": "The attached spreadsheet shows the inventory for a movie and video game rental store in Seattle, Washington. What is the title of the oldest Blu-Ray recorded in this spreadsheet? Return it as appearing in the spreadsheet."
  },
  "steps": [
    {
      "step_idx": 0,
      "role": "Data_Analysis_Expert",
      "is_mistake": false,
      "scores": {
        "gradnorm_l1_centered": 612.60595703125,
        "gradnorm_l1_uncentered": 355.3830261230469,
        "gradnorm_l2_centered": 1.3959461450576782,
        "gradnorm_l2_uncentered": 1.0697861909866333,
        "sal_noref_c1": 0.7895873785018921,
        "sal_noref_c2": 0.42698222398757935,
        "sal_noref_c3": 0.3025496006011963,
        "sal_noref_c4": 0.22844524681568146,
        "sal_noref_c5": 0.1837911158800125,
        "sal_wref_c1": 1.720974326133728,
        "sal_wref_c2": 0.8535997271537781,
        "sal_wref_c3": 0.5717329382896423,
        "sal_wref_c4": 0.4288530647754669,
        "sal_wref_c5": 0.3461915850639343
      }
    },
    {
      "step_idx": 1,
      "role": "Computer_terminal",
      "is_mistake": false,
      "scores": {
        "gradnorm_l1_centered": 1437.4239501953125,
        "gradnorm_l1_uncentered": 1841.468505859375,
        "gradnorm_l2_centered": 2.6372480392456055,
        "gradnorm_l2_uncentered": 4.470712661743164,
        "sal_noref_c1": 16.29969596862793,
        "sal_noref_c2": 8.529950141906738,
        "sal_noref_c3": 5.705904483795166,
        "sal_noref_c4": 4.34163761138916,
        "sal_noref_c5": 3.4743499755859375,
        "sal_wref_c1": 3.2455761432647705,
        "sal_wref_c2": 2.069016933441162,
        "sal_wref_c3": 1.4237252473831177,
        "sal_wref_c4": 1.1069164276123047,
        "sal_wref_c5": 0.8878914713859558
      }
    },
    {
      "step_idx": 2,
      "role": "Data_Analysis_Expert",
      "is_mistake": false,
      "scores": {
        "gradnorm_l1_centered": 567.4983520507812,
        "gradnorm_l1_uncentered": 283.67938232421875,
        "gradnorm_l2_centered": 1.6345176696777344,
        "gradnorm_l2_uncentered": 0.7170231938362122,
        "sal_noref_c1": 0.3686460554599762,
        "sal_noref_c2": 0.18616850674152374,
        "sal_noref_c3": 0.12844645977020264,
        "sal_noref_c4": 0.0964922234416008,
        "sal_noref_c5": 0.0805574357509613,
        "sal_wref_c1": 2.4145288467407227,
        "sal_wref_c2": 1.238957405090332,
        "sal_wref_c3": 0.8262092471122742,
        "sal_wref_c4": 0.6234844326972961,
        "sal_wref_c5": 0.5000674724578857
      }
    },
    {
      "step_idx": 3,
      "role": "Computer_terminal",
      "is_mistake": false,
      "scores": {
        "gradnorm_l1_centered": 700.23388671875,
        "gradnorm_l1_uncentered": 664.187744140625,
        "gradnorm_l2_centered": 1.3530259132385254,
        "gradnorm_l2_uncentered": 1.4033091068267822,
        "sal_noref_c1": 1.2321516275405884,
        "sal_noref_c2": 0.7021287679672241,
        "sal_noref_c3": 0.47592392563819885,
        "sal_noref_c4": 0.3574466407299042,
        "sal_noref_c5": 0.2927302122116089,
        "sal_wref_c1": 1.1824697256088257,
        "sal_wref_c2": 0.6179894208908081,
        "sal_wref_c3": 0.43738409876823425,
        "sal_wref_c4": 0.3299029767513275,
        "sal_wref_c5": 0.265136182308197
      }
    },
    {
      "step_idx": 4,
      "role": "Blu-Ray_Expert",
      "is_mistake": false,
      "scores": {
        "gradnorm_l1_centered": 583.5631103515625,
        "gradnorm_l1_uncentered": 422.28729248046875,
        "gradnorm_l2_centered": 1.5843617916107178,
        "gradnorm_l2_uncentered": 0.8875395059585571,
        "sal_noref_c1": 0.5100790858268738,
        "sal_noref_c2": 0.25543680787086487,
        "sal_noref_c3": 0.17034895718097687,
        "sal_noref_c4": 0.12964780628681183,
        "sal_noref_c5": 0.10605879127979279,
        "sal_wref_c1": 2.070748805999756,
        "sal_wref_c2": 1.0609771013259888,
        "sal_wref_c3": 0.7108421325683594,
        "sal_wref_c4": 0.5418255925178528,
        "sal_wref_c5": 0.44004741311073303
      }
    },
    {
      "step_idx": 5,
      "role": "Computer_terminal",
      "is_mistake": false,
      "scores": {
        "gradnorm_l1_centered": 1843.624755859375,
        "gradnorm_l1_uncentered": 2120.291015625,
        "gradnorm_l2_centered": 3.0742783546447754,
        "gradnorm_l2_uncentered": 4.24091100692749,
        "sal_noref_c1": 9.155898094177246,
        "sal_noref_c2": 5.535057544708252,
        "sal_noref_c3": 4.316929340362549,
        "sal_noref_c4": 3.251460075378418,
        "sal_noref_c5": 2.6226139068603516,
        "sal_wref_c1": 0.6491377949714661,
        "sal_wref_c2": 1.298910140991211,
        "sal_wref_c3": 1.4550474882125854,
        "sal_wref_c4": 1.1535630226135254,
        "sal_wref_c5": 0.9352771639823914
      }
    },
    {
      "step_idx": 6,
      "role": "Data_Analysis_Expert",
      "is_mistake": false,
      "scores": {
        "gradnorm_l1_centered": 583.4947509765625,
        "gradnorm_l1_uncentered": 262.14263916015625,
        "gradnorm_l2_centered": 1.7511582374572754,
        "gradnorm_l2_uncentered": 0.5739176869392395,
        "sal_noref_c1": 0.22331108152866364,
        "sal_noref_c2": 0.11112874746322632,
        "sal_noref_c3": 0.0741235688328743,
        "sal_noref_c4": 0.05570631101727486,
        "sal_noref_c5": 0.04893588274717331,
        "sal_wref_c1": 2.8588924407958984,
        "sal_wref_c2": 1.4388041496276855,
        "sal_wref_c3": 0.9657687544822693,
        "sal_wref_c4": 0.7269021272659302,
        "sal_wref_c5": 0.5844804644584656
      }
    },
    {
      "step_idx": 7,
      "role": "Computer_terminal",
      "is_mistake": false,
      "scores": {
        "gradnorm_l1_centered": 719.1854248046875,
        "gradnorm_l1_uncentered": 719.6380615234375,
        "gradnorm_l2_centered": 1.4841639995574951,
        "gradnorm_l2_uncentered": 1.5065864324569702,
        "sal_noref_c1": 1.2102972269058228,
        "sal_noref_c2": 0.7264794111251831,
        "sal_noref_c3": 0.5218924880027771,
        "sal_noref_c4": 0.39173945784568787,
        "sal_noref_c5": 0.3184395432472229,
        "sal_wref_c1": 1.1879355907440186,
        "sal_wref_c2": 0.6458505988121033,
        "sal_wref_c3": 0.49618804454803467,
        "sal_wref_c4": 0.37553727626800537,
        "sal_wref_c5": 0.30599188804626465
      }
    },
    {
      "step_idx": 8,
      "role": "Blu-Ray_Expert",
      "is_mistake": true,
      "scores": {
        "gradnorm_l1_centered": 579.0518188476562,
        "gradnorm_l1_uncentered": 303.3186340332031,
        "gradnorm_l2_centered": 1.6620073318481445,
        "gradnorm_l2_uncentered": 0.6914718151092529,
        "sal_noref_c1": 0.3259942829608917,
        "sal_noref_c2": 0.16773037612438202,
        "sal_noref_c3": 0.11183297634124756,
        "sal_noref_c4": 0.0847562924027443,
        "sal_noref_c5": 0.07072895020246506,
        "sal_wref_c1": 2.5625977516174316,
        "sal_wref_c2": 1.2754409313201904,
        "sal_wref_c3": 0.8570335507392883,
        "sal_wref_c4": 0.6435920000076294,
        "sal_wref_c5": 0.5189055800437927
      }
    },
    {
      "step_idx": 9,
      "role": "Computer_terminal",
      "is_mistake": false,
      "scores": {
        "gradnorm_l1_centered": 1119.2867431640625,
        "gradnorm_l1_uncentered": 1545.7435302734375,
        "gradnorm_l2_centered": 2.0143582820892334,
        "gradnorm_l2_uncentered": 3.590102195739746,
        "sal_noref_c1": 9.656675338745117,
        "sal_noref_c2": 4.799975872039795,
        "sal_noref_c3": 3.2537519931793213,
        "sal_noref_c4": 2.544557809829712,