{
  "config": {
    "subset": "algorithm-generated",
    "weight_config": "/home/hoangpham/exchange/algorithm-generated/v/35"
  },
  "metadata": {
    "filename": "112.json",
    "question_id": "e2dc3a6b10b762e8aba7fa4d4e70f757f6d04dcbc8b56c48fc53fd9928d31d07",
    "mistake_agent": "HistoricalWeatherData_Expert",
    "mistake_step": 4,
    "level": "Medium",
    "subset": "algorithm-generated",
    "question": "Based on the last decade (2014-2023), what is the likelihood that it will snow on New Year\u2019s Eve in Chicago? (Provide the answer in percentage.)"
  },
  "steps": [
    {
      "step_idx": 0,
      "role": "HistoricalWeatherData_Expert",
      "is_mistake": false,
      "scores": {
        "gradnorm_l1_centered": 602.70703125,
        "gradnorm_l1_uncentered": 259.6740417480469,
        "gradnorm_l2_centered": 1.526602029800415,
        "gradnorm_l2_uncentered": 0.8585684895515442,
        "sal_noref_c1": 0.5061875581741333,
        "sal_noref_c2": 0.27766603231430054,
        "sal_noref_c3": 0.20321422815322876,
        "sal_noref_c4": 0.15460817515850067,
        "sal_noref_c5": 0.12431032955646515,
        "sal_wref_c1": 2.2003002166748047,
        "sal_wref_c2": 1.0901342630386353,
        "sal_wref_c3": 0.7291038632392883,
        "sal_wref_c4": 0.5470066070556641,
        "sal_wref_c5": 0.44158363342285156
      }
    },
    {
      "step_idx": 1,
      "role": "Computer_terminal",
      "is_mistake": false,
      "scores": {
        "gradnorm_l1_centered": 1294.636962890625,
        "gradnorm_l1_uncentered": 1670.5601806640625,
        "gradnorm_l2_centered": 2.2685799598693848,
        "gradnorm_l2_uncentered": 4.023627758026123,
        "sal_noref_c1": 12.827589988708496,
        "sal_noref_c2": 6.549802303314209,
        "sal_noref_c3": 4.520802021026611,
        "sal_noref_c4": 3.444181203842163,
        "sal_noref_c5": 2.7588658332824707,
        "sal_wref_c1": 1.8181828260421753,
        "sal_wref_c2": 1.0674247741699219,
        "sal_wref_c3": 0.9044809937477112,
        "sal_wref_c4": 0.7030640840530396,
        "sal_wref_c5": 0.5653395652770996
      }
    },
    {
      "step_idx": 2,
      "role": "Validation_Expert",
      "is_mistake": false,
      "scores": {
        "gradnorm_l1_centered": 636.5713500976562,
        "gradnorm_l1_uncentered": 659.714599609375,
        "gradnorm_l2_centered": 1.0962165594100952,
        "gradnorm_l2_uncentered": 1.6893128156661987,
        "sal_noref_c1": 2.075126886367798,
        "sal_noref_c2": 1.068974494934082,
        "sal_noref_c3": 0.728879451751709,
        "sal_noref_c4": 0.5555563569068909,
        "sal_noref_c5": 0.4549734592437744,
        "sal_wref_c1": 0.6007012128829956,
        "sal_wref_c2": 0.302351713180542,
        "sal_wref_c3": 0.202837273478508,
        "sal_wref_c4": 0.15463893115520477,
        "sal_wref_c5": 0.12646590173244476
      }
    },
    {
      "step_idx": 3,
      "role": "Computer_terminal",
      "is_mistake": false,
      "scores": {
        "gradnorm_l1_centered": 1336.28857421875,
        "gradnorm_l1_uncentered": 1547.220703125,
        "gradnorm_l2_centered": 2.445589780807495,
        "gradnorm_l2_uncentered": 3.1822500228881836,
        "sal_noref_c1": 4.217513084411621,
        "sal_noref_c2": 2.2753443717956543,
        "sal_noref_c3": 1.5226041078567505,
        "sal_noref_c4": 1.5350682735443115,
        "sal_noref_c5": 1.4085079431533813,
        "sal_wref_c1": 0.010396594181656837,
        "sal_wref_c2": 0.2635936737060547,
        "sal_wref_c3": 0.18097858130931854,
        "sal_wref_c4": 0.6770241260528564,
        "sal_wref_c5": 0.5502997636795044
      }
    },
    {
      "step_idx": 4,
      "role": "HistoricalWeatherData_Expert",
      "is_mistake": true,
      "scores": {
        "gradnorm_l1_centered": 607.3705444335938,
        "gradnorm_l1_uncentered": 242.513916015625,
        "gradnorm_l2_centered": 1.6876815557479858,
        "gradnorm_l2_uncentered": 0.6694616675376892,
        "sal_noref_c1": 0.2884864807128906,
        "sal_noref_c2": 0.14740200340747833,
        "sal_noref_c3": 0.10635177046060562,
        "sal_noref_c4": 0.08280111104249954,
        "sal_noref_c5": 0.0690038725733757,
        "sal_wref_c1": 2.699897289276123,
        "sal_wref_c2": 1.3461990356445312,
        "sal_wref_c3": 0.8974921703338623,
        "sal_wref_c4": 0.6731576919555664,
        "sal_wref_c5": 0.5415166020393372
      }
    },
    {
      "step_idx": 5,
      "role": "Computer_terminal",
      "is_mistake": false,
      "scores": {
        "gradnorm_l1_centered": 568.2391357421875,
        "gradnorm_l1_uncentered": 365.8082275390625,
        "gradnorm_l2_centered": 1.5738857984542847,
        "gradnorm_l2_uncentered": 0.8046503663063049,
        "sal_noref_c1": 0.46130087971687317,
        "sal_noref_c2": 0.2534778118133545,
        "sal_noref_c3": 0.16956281661987305,
        "sal_noref_c4": 0.1278909146785736,
        "sal_noref_c5": 0.10246582329273224,
        "sal_wref_c1": 2.217844009399414,
        "sal_wref_c2": 1.0996646881103516,
        "sal_wref_c3": 0.7402467727661133,
        "sal_wref_c4": 0.5605154633522034,
        "sal_wref_c5": 0.45904508233070374
      }
    },
    {
      "step_idx": 6,
      "role": "Statistics_Expert",
      "is_mistake": false,
      "scores": {
        "gradnorm_l1_centered": 592.0626220703125,
        "gradnorm_l1_uncentered": 337.8653259277344,
        "gradnorm_l2_centered": 1.536023736000061,
        "gradnorm_l2_uncentered": 0.8878656625747681,
        "sal_noref_c1": 0.5219159722328186,
        "sal_noref_c2": 0.26093122363090515,
        "sal_noref_c3": 0.1838914006948471,
        "sal_noref_c4": 0.1420290619134903,
        "sal_noref_c5": 0.12126122415065765,
        "sal_wref_c1": 2.1419312953948975,
        "sal_wref_c2": 1.0757439136505127,
        "sal_wref_c3": 0.7171638607978821,
        "sal_wref_c4": 0.5379492044448853,
        "sal_wref_c5": 0.4304080605506897
      }
    },
    {
      "step_idx": 7,
      "role": "Computer_terminal",
      "is_mistake": false,
      "scores": {
        "gradnorm_l1_centered": 755.4867553710938,
        "gradnorm_l1_uncentered": 973.8018188476562,
        "gradnorm_l2_centered": 1.5127547979354858,
        "gradnorm_l2_uncentered": 2.1221680641174316,
        "sal_noref_c1": 2.6059141159057617,
        "sal_noref_c2": 1.3734691143035889,
        "sal_noref_c3": 0.9164775013923645,
        "sal_noref_c4": 0.7747842669487,
        "sal_noref_c5": 0.690418541431427,
        "sal_wref_c1": 0.2904912233352661,
        "sal_wref_c2": 0.29304325580596924,
        "sal_wref_c3": 0.20060116052627563,
        "sal_wref_c4": 0.30232375860214233,
        "sal_wref_c5": 0.2426415979862213
      }
    },
    {
      "step_idx": 8,
      "role": "Validation_Expert",
      "is_mistake": false,
      "scores": {
        "gradnorm_l1_centered": 703.0867919921875,
        "gradnorm_l1_uncentered": 760.6907958984375,
        "gradnorm_l2_centered": 1.230358600616455,
        "gradnorm_l2_uncentered": 1.9070874452590942,
        "sal_noref_c1": 2.3558201789855957,
        "sal_noref_c2": 1.18428373336792,
        "sal_noref_c3": 0.8468472957611084,
        "sal_noref_c4": 0.659902036190033,
        "sal_noref_c5": 0.5430067777633667,
        "sal_wref_c1": 0.48500391840934753,
        "sal_wref_c2": 0.24136105179786682,
        "sal_wref_c3": 0.17598338425159454,
        "sal_wref_c4": 0.14449989795684814,
        "sal_wref_c5": 0.12724687159061432
      }
    },
    {
      "step_idx": 9,
      "role": "HistoricalWeatherData_Expert",
      "is_mistake": false,
      "scores": {
        "gradnorm_l1_centered": 2205.364013671875,
        "gradnorm_l1_uncentered": 2659.829345703125,
        "gradnorm_l2_centered": 4.048032283782959,
        "gradnorm_l2_uncentered": 5.703700542449951,
        "sal_noref_c1": 23.339862823486328,
        "sal_noref_c2": 12.124570846557617,
        "sal_noref_c3": 8.376492500305176,
        "sal_noref_c4": 6.284663677215576,