{
  "config": {
    "subset": "algorithm-generated",
    "weight_config": "/home/hoangpham/exchange/algorithm-generated/v/35"
  },
  "metadata": {
    "filename": "114.json",
    "question_id": "6b06d186921b8b390c65aebd0d16f09f60a47d2f1288ebe36953f734e84c0a3c",
    "mistake_agent": "Verification_Expert",
    "mistake_step": 1,
    "level": "Hard",
    "subset": "algorithm-generated",
    "question": "What's the smallest house (based on square footage) that has at least 2 beds and 2 baths and was sold in Prince Edward Island between June 1, 2022 and May 15 2024 according to Zillow?"
  },
  "steps": [
    {
      "step_idx": 0,
      "role": "DataAnalysis_Expert",
      "is_mistake": false,
      "scores": {
        "gradnorm_l1_centered": 645.0126953125,
        "gradnorm_l1_uncentered": 516.0634155273438,
        "gradnorm_l2_centered": 1.2779004573822021,
        "gradnorm_l2_uncentered": 1.4004652500152588,
        "sal_noref_c1": 1.307246208190918,
        "sal_noref_c2": 0.6906012296676636,
        "sal_noref_c3": 0.48097947239875793,
        "sal_noref_c4": 0.36075183749198914,
        "sal_noref_c5": 0.2892708480358124,
        "sal_wref_c1": 1.132900595664978,
        "sal_wref_c2": 0.5663697123527527,
        "sal_wref_c3": 0.3826722800731659,
        "sal_wref_c4": 0.2875521779060364,
        "sal_wref_c5": 0.235360786318779
      }
    },
    {
      "step_idx": 1,
      "role": "Verification_Expert",
      "is_mistake": true,
      "scores": {
        "gradnorm_l1_centered": 622.3092041015625,
        "gradnorm_l1_uncentered": 179.4571533203125,
        "gradnorm_l2_centered": 1.8001776933670044,
        "gradnorm_l2_uncentered": 0.5192021727561951,
        "sal_noref_c1": 0.17064368724822998,
        "sal_noref_c2": 0.08710309863090515,
        "sal_noref_c3": 0.06821397691965103,
        "sal_noref_c4": 0.05233440920710564,
        "sal_noref_c5": 0.04217081889510155,
        "sal_wref_c1": 3.090914487838745,
        "sal_wref_c2": 1.5442038774490356,
        "sal_wref_c3": 1.029657006263733,
        "sal_wref_c4": 0.7722711563110352,
        "sal_wref_c5": 0.6234336495399475
      }
    },
    {
      "step_idx": 2,
      "role": "Computer_terminal",
      "is_mistake": false,
      "scores": {
        "gradnorm_l1_centered": 670.4521484375,
        "gradnorm_l1_uncentered": 587.4464721679688,
        "gradnorm_l2_centered": 1.2722160816192627,
        "gradnorm_l2_uncentered": 1.3331533670425415,
        "sal_noref_c1": 1.2663954496383667,
        "sal_noref_c2": 0.6433730125427246,
        "sal_noref_c3": 0.44393303990364075,
        "sal_noref_c4": 0.3346004784107208,
        "sal_noref_c5": 0.2680341601371765,
        "sal_wref_c1": 1.1162067651748657,
        "sal_wref_c2": 0.5547586679458618,
        "sal_wref_c3": 0.37438705563545227,
        "sal_wref_c4": 0.2846416234970093,
        "sal_wref_c5": 0.2277916669845581
      }
    },
    {
      "step_idx": 3,
      "role": "Verification_Expert",
      "is_mistake": false,
      "scores": {
        "gradnorm_l1_centered": 617.8171997070312,
        "gradnorm_l1_uncentered": 190.12509155273438,
        "gradnorm_l2_centered": 1.83719003200531,
        "gradnorm_l2_uncentered": 0.46967729926109314,
        "sal_noref_c1": 0.14138217270374298,
        "sal_noref_c2": 0.07115605473518372,
        "sal_noref_c3": 0.05112775042653084,
        "sal_noref_c4": 0.038927871733903885,
        "sal_noref_c5": 0.03144638612866402,
        "sal_wref_c1": 3.199930429458618,
        "sal_wref_c2": 1.6030247211456299,
        "sal_wref_c3": 1.069272518157959,
        "sal_wref_c4": 0.8023986220359802,
        "sal_wref_c5": 0.6470339298248291
      }
    },
    {
      "step_idx": 4,
      "role": "Computer_terminal",
      "is_mistake": false,
      "scores": {
        "gradnorm_l1_centered": 605.09033203125,
        "gradnorm_l1_uncentered": 173.131103515625,
        "gradnorm_l2_centered": 1.8690370321273804,
        "gradnorm_l2_uncentered": 0.4231707453727722,
        "sal_noref_c1": 0.12071961164474487,
        "sal_noref_c2": 0.06253008544445038,
        "sal_noref_c3": 0.04202323034405708,
        "sal_noref_c4": 0.0323854498565197,
        "sal_noref_c5": 0.026730656623840332,
        "sal_wref_c1": 3.268548011779785,
        "sal_wref_c2": 1.6307510137557983,
        "sal_wref_c3": 1.0952967405319214,
        "sal_wref_c4": 0.8284411430358887,
        "sal_wref_c5": 0.6704897284507751
      }
    },
    {
      "step_idx": 5,
      "role": "RealEstateMarket_Expert",
      "is_mistake": false,
      "scores": {
        "gradnorm_l1_centered": 581.1128540039062,
        "gradnorm_l1_uncentered": 432.54986572265625,
        "gradnorm_l2_centered": 1.3116320371627808,
        "gradnorm_l2_uncentered": 1.2170034646987915,
        "sal_noref_c1": 1.0545457601547241,
        "sal_noref_c2": 0.5253042578697205,
        "sal_noref_c3": 0.4017028510570526,
        "sal_noref_c4": 0.3058055341243744,
        "sal_noref_c5": 0.24519875645637512,
        "sal_wref_c1": 1.3486665487289429,
        "sal_wref_c2": 0.6806507110595703,
        "sal_wref_c3": 0.47429946064949036,
        "sal_wref_c4": 0.35824111104011536,
        "sal_wref_c5": 0.28766852617263794
      }
    },
    {
      "step_idx": 6,
      "role": "DataAnalysis_Expert",
      "is_mistake": false,
      "scores": {
        "gradnorm_l1_centered": 2425.977783203125,
        "gradnorm_l1_uncentered": 2916.687744140625,
        "gradnorm_l2_centered": 5.493849754333496,
        "gradnorm_l2_uncentered": 7.328200817108154,
        "sal_noref_c1": 42.9832649230957,
        "sal_noref_c2": 24.134212493896484,
        "sal_noref_c3": 16.65074920654297,
        "sal_noref_c4": 12.488248825073242,
        "sal_noref_c5": 10.019490242004395,
        "sal_wref_c1": 20.19270133972168,
        "sal_wref_c2": 12.49242115020752,
        "sal_wref_c3": 8.940528869628906,
        "sal_wref_c4": 6.724908828735352,
        "sal_wref_c5": 5.389506816864014
      }
    }
  ]
}