{
  "config": {
    "subset": "algorithm-generated",
    "weight_config": "/home/hoangpham/exchange/algorithm-generated/v/35"
  },
  "metadata": {
    "filename": "124.json",
    "question_id": "6f224e7730ed027cbac73aebb1aea7f954053082041b02b19f4ff126a0a8a208",
    "mistake_agent": "Research_Expert",
    "mistake_step": 8,
    "level": "Hard",
    "subset": "algorithm-generated",
    "question": "Which members of Fubo's Management Team joined the company during the same year Fubo's IPO happened?"
  },
  "steps": [
    {
      "step_idx": 0,
      "role": "Research_Expert",
      "is_mistake": false,
      "scores": {
        "gradnorm_l1_centered": 655.2297973632812,
        "gradnorm_l1_uncentered": 538.4905395507812,
        "gradnorm_l2_centered": 1.2929322719573975,
        "gradnorm_l2_uncentered": 1.444701075553894,
        "sal_noref_c1": 1.3604716062545776,
        "sal_noref_c2": 0.7015132904052734,
        "sal_noref_c3": 0.5009414553642273,
        "sal_noref_c4": 0.37586426734924316,
        "sal_noref_c5": 0.30071765184402466,
        "sal_wref_c1": 1.0753871202468872,
        "sal_wref_c2": 0.5341225266456604,
        "sal_wref_c3": 0.3694712817668915,
        "sal_wref_c4": 0.2780005931854248,
        "sal_wref_c5": 0.23101504147052765
      }
    },
    {
      "step_idx": 1,
      "role": "Research_Expert",
      "is_mistake": false,
      "scores": {
        "gradnorm_l1_centered": 807.9692993164062,
        "gradnorm_l1_uncentered": 926.03955078125,
        "gradnorm_l2_centered": 1.3556567430496216,
        "gradnorm_l2_uncentered": 2.522956371307373,
        "sal_noref_c1": 4.3509521484375,
        "sal_noref_c2": 2.1686253547668457,
        "sal_noref_c3": 1.7008624076843262,
        "sal_noref_c4": 1.2767281532287598,
        "sal_noref_c5": 1.03098726272583,
        "sal_wref_c1": 0.020591622218489647,
        "sal_wref_c2": 0.04194632172584534,
        "sal_wref_c3": 0.2033759206533432,
        "sal_wref_c4": 0.15393565595149994,
        "sal_wref_c5": 0.13449957966804504
      }
    },
    {
      "step_idx": 2,
      "role": "Research_Expert",
      "is_mistake": false,
      "scores": {
        "gradnorm_l1_centered": 1141.0675048828125,
        "gradnorm_l1_uncentered": 1474.5950927734375,
        "gradnorm_l2_centered": 1.9470226764678955,
        "gradnorm_l2_uncentered": 3.2849087715148926,
        "sal_noref_c1": 7.038851261138916,
        "sal_noref_c2": 3.555171251296997,
        "sal_noref_c3": 2.3782119750976562,
        "sal_noref_c4": 1.7836822271347046,
        "sal_noref_c5": 1.4640158414840698,
        "sal_wref_c1": 0.17638099193572998,
        "sal_wref_c2": 0.11585194617509842,
        "sal_wref_c3": 0.07806003838777542,
        "sal_wref_c4": 0.06107529252767563,
        "sal_wref_c5": 0.05499967187643051
      }
    },
    {
      "step_idx": 3,
      "role": "Computer_terminal",
      "is_mistake": false,
      "scores": {
        "gradnorm_l1_centered": 1980.087646484375,
        "gradnorm_l1_uncentered": 2345.94482421875,
        "gradnorm_l2_centered": 4.472076892852783,
        "gradnorm_l2_uncentered": 6.268255233764648,
        "sal_noref_c1": 29.1861629486084,
        "sal_noref_c2": 16.825355529785156,
        "sal_noref_c3": 11.329489707946777,
        "sal_noref_c4": 8.50678539276123,
        "sal_noref_c5": 6.812052249908447,
        "sal_wref_c1": 9.406024932861328,
        "sal_wref_c2": 7.232359409332275,
        "sal_wref_c3": 4.909877777099609,
        "sal_wref_c4": 3.687549352645874,
        "sal_wref_c5": 3.005338430404663
      }
    },
    {
      "step_idx": 4,
      "role": "Research_Expert",
      "is_mistake": false,
      "scores": {
        "gradnorm_l1_centered": 859.76904296875,
        "gradnorm_l1_uncentered": 1137.608642578125,
        "gradnorm_l2_centered": 1.469873070716858,
        "gradnorm_l2_uncentered": 2.6850924491882324,
        "sal_noref_c1": 4.87696647644043,
        "sal_noref_c2": 2.42828106880188,
        "sal_noref_c3": 1.6240707635879517,
        "sal_noref_c4": 1.218795657157898,
        "sal_noref_c5": 1.0776467323303223,
        "sal_wref_c1": 0.0003213720628991723,
        "sal_wref_c2": 0.013266910798847675,
        "sal_wref_c3": 0.010081326588988304,
        "sal_wref_c4": 0.012994537129998207,
        "sal_wref_c5": 0.03930876404047012
      }
    },
    {
      "step_idx": 5,
      "role": "Research_Expert",
      "is_mistake": false,
      "scores": {
        "gradnorm_l1_centered": 606.6231079101562,
        "gradnorm_l1_uncentered": 815.4779663085938,
        "gradnorm_l2_centered": 1.2055333852767944,
        "gradnorm_l2_uncentered": 1.6631892919540405,
        "sal_noref_c1": 1.9447276592254639,
        "sal_noref_c2": 0.9674532413482666,
        "sal_noref_c3": 0.6475130915641785,
        "sal_noref_c4": 0.49221059679985046,
        "sal_noref_c5": 0.4143203794956207,
        "sal_wref_c1": 0.6055037975311279,
        "sal_wref_c2": 0.3223482072353363,
        "sal_wref_c3": 0.22808067500591278,
        "sal_wref_c4": 0.19625259935855865,
        "sal_wref_c5": 0.1592264175415039
      }
    },
    {
      "step_idx": 6,
      "role": "Computer_terminal",
      "is_mistake": false,
      "scores": {
        "gradnorm_l1_centered": 625.60009765625,
        "gradnorm_l1_uncentered": 576.5889892578125,
        "gradnorm_l2_centered": 1.242272973060608,
        "gradnorm_l2_uncentered": 1.7164562940597534,
        "sal_noref_c1": 1.8698334693908691,
        "sal_noref_c2": 1.091378092765808,
        "sal_noref_c3": 0.7301475405693054,
        "sal_noref_c4": 0.5712815523147583,
        "sal_noref_c5": 0.4641451835632324,
        "sal_wref_c1": 0.7584797739982605,
        "sal_wref_c2": 0.4490412175655365,
        "sal_wref_c3": 0.30178964138031006,
        "sal_wref_c4": 0.23619407415390015,
        "sal_wref_c5": 0.1900157481431961
      }
    },
    {
      "step_idx": 7,
      "role": "Validation_Expert",
      "is_mistake": false,
      "scores": {
        "gradnorm_l1_centered": 553.7484130859375,
        "gradnorm_l1_uncentered": 504.9064636230469,
        "gradnorm_l2_centered": 1.3164502382278442,
        "gradnorm_l2_uncentered": 1.1986172199249268,
        "sal_noref_c1": 1.0383893251419067,
        "sal_noref_c2": 0.5225885510444641,
        "sal_noref_c3": 0.34890198707580566,
        "sal_noref_c4": 0.2621437907218933,
        "sal_noref_c5": 0.2185327261686325,
        "sal_wref_c1": 1.3528456687927246,
        "sal_wref_c2": 0.6744283437728882,
        "sal_wref_c3": 0.453077107667923,
        "sal_wref_c4": 0.34113314747810364,
        "sal_wref_c5": 0.27308887243270874
      }
    },
    {
      "step_idx": 8,
      "role": "Research_Expert",
      "is_mistake": true,
      "scores": {
        "gradnorm_l1_centered": 607.9751586914062,
        "gradnorm_l1_uncentered": 627.9671020507812,
        "gradnorm_l2_centered": 1.3753328323364258,
        "gradnorm_l2_uncentered": 1.284801721572876,
        "sal_noref_c1": 1.061881422996521,
        "sal_noref_c2": 0.5291779637336731,
        "sal_noref_c3": 0.3532104790210724,
        "sal_noref_c4": 0.26514726877212524,
        "sal_noref_c5": 0.22928588092327118,
        "sal_wref_c1": 1.3296737670898438,
        "sal_wref_c2": 0.6728330254554749,
        "sal_wref_c3": 0.4525248110294342,
        "sal_wref_c4": 0.3467658758163452,
        "sal_wref_c5": 0.27771300077438354
      }
    },
    {
      "step_idx": 9,
      "role": "Computer_terminal",
      "is_mistake": false,
      "scores": {
        "gradnorm_l1_centered": 1217.9635009765625,
        "gradnorm_l1_uncentered": 1454.73876953125,
        "gradnorm_l2_centered": 1.6130207777023315,
        "gradnorm_l2_uncentered": 2.5328450202941895,
        "sal_noref_c1": 3.802689790725708,
        "sal_noref_c2": 2.0828516483306885,
        "sal_noref_c3": 1.4375537633895874,
        "sal_noref_c4": 1.0857408046722412,
        "sal_noref_c5": 0.8777424693107605,
        "sal_wref_c1": 0.06405097246170044,