{
  "config": {
    "subset": "algorithm-generated",
    "weight_config": "/home/hoangpham/exchange/algorithm-generated/v/35"
  },
  "metadata": {
    "filename": "17.json",
    "question_id": "3ff6b7a9-a5bd-4412-ad92-0cd0d45c0fee",
    "mistake_agent": "Statistics_Expert",
    "mistake_step": 4,
    "level": "2",
    "subset": "algorithm-generated",
    "question": "The longest-lived vertebrate is named after an island.  According to Wikipedia as of January 1, 2021, what is the 2020 estimated population of that island, to the nearest thousand?"
  },
  "steps": [
    {
      "step_idx": 0,
      "role": "MarineBiology_Expert",
      "is_mistake": false,
      "scores": {
        "gradnorm_l1_centered": 633.5147094726562,
        "gradnorm_l1_uncentered": 562.5194091796875,
        "gradnorm_l2_centered": 1.1308424472808838,
        "gradnorm_l2_uncentered": 1.6435492038726807,
        "sal_noref_c1": 1.906026005744934,
        "sal_noref_c2": 1.0069950819015503,
        "sal_noref_c3": 0.7161744236946106,
        "sal_noref_c4": 0.5387263894081116,
        "sal_noref_c5": 0.4323926568031311,
        "sal_wref_c1": 0.7137337327003479,
        "sal_wref_c2": 0.3660670220851898,
        "sal_wref_c3": 0.26175060868263245,
        "sal_wref_c4": 0.19669054448604584,
        "sal_wref_c5": 0.15857107937335968
      }
    },
    {
      "step_idx": 1,
      "role": "Verification_Expert",
      "is_mistake": false,
      "scores": {
        "gradnorm_l1_centered": 602.07373046875,
        "gradnorm_l1_uncentered": 523.8446044921875,
        "gradnorm_l2_centered": 1.1086620092391968,
        "gradnorm_l2_uncentered": 1.6622201204299927,
        "sal_noref_c1": 1.9472817182540894,
        "sal_noref_c2": 1.0057750940322876,
        "sal_noref_c3": 0.7429072260856628,
        "sal_noref_c4": 0.5892603993415833,
        "sal_noref_c5": 0.48300671577453613,
        "sal_wref_c1": 0.7087149024009705,
        "sal_wref_c2": 0.3536951243877411,
        "sal_wref_c3": 0.2585286796092987,
        "sal_wref_c4": 0.21458178758621216,
        "sal_wref_c5": 0.18429240584373474
      }
    },
    {
      "step_idx": 2,
      "role": "Computer_terminal",
      "is_mistake": false,
      "scores": {
        "gradnorm_l1_centered": 1454.7015380859375,
        "gradnorm_l1_uncentered": 1905.958251953125,
        "gradnorm_l2_centered": 3.176016330718994,
        "gradnorm_l2_uncentered": 5.0552077293396,
        "sal_noref_c1": 20.76007080078125,
        "sal_noref_c2": 11.331713676452637,
        "sal_noref_c3": 7.582904815673828,
        "sal_noref_c4": 5.746164798736572,
        "sal_noref_c5": 4.612212181091309,
        "sal_wref_c1": 5.141633987426758,
        "sal_wref_c2": 3.631580352783203,
        "sal_wref_c3": 2.4524219036102295,
        "sal_wref_c4": 1.9473521709442139,
        "sal_wref_c5": 1.5800281763076782
      }
    },
    {
      "step_idx": 3,
      "role": "Verification_Expert",
      "is_mistake": false,
      "scores": {
        "gradnorm_l1_centered": 660.1959838867188,
        "gradnorm_l1_uncentered": 790.0712280273438,
        "gradnorm_l2_centered": 1.082690715789795,
        "gradnorm_l2_uncentered": 2.205432653427124,
        "sal_noref_c1": 3.5206551551818848,
        "sal_noref_c2": 1.8835989236831665,
        "sal_noref_c3": 1.2624431848526,
        "sal_noref_c4": 1.0278000831604004,
        "sal_noref_c5": 0.844761073589325,
        "sal_wref_c1": 0.144969180226326,
        "sal_wref_c2": 0.1322735846042633,
        "sal_wref_c3": 0.09052706509828568,
        "sal_wref_c4": 0.11480343341827393,
        "sal_wref_c5": 0.1170157641172409
      }
    },
    {
      "step_idx": 4,
      "role": "Statistics_Expert",
      "is_mistake": true,
      "scores": {
        "gradnorm_l1_centered": 711.41162109375,
        "gradnorm_l1_uncentered": 751.8612060546875,
        "gradnorm_l2_centered": 1.2135963439941406,
        "gradnorm_l2_uncentered": 1.8857674598693848,
        "sal_noref_c1": 2.3400471210479736,
        "sal_noref_c2": 1.1819020509719849,
        "sal_noref_c3": 0.8193828463554382,
        "sal_noref_c4": 0.6315425634384155,
        "sal_noref_c5": 0.5275866389274597,
        "sal_wref_c1": 0.4861261546611786,
        "sal_wref_c2": 0.2413530945777893,
        "sal_wref_c3": 0.16521598398685455,
        "sal_wref_c4": 0.12979863584041595,
        "sal_wref_c5": 0.1199348121881485
      }
    },
    {
      "step_idx": 5,
      "role": "Computer_terminal",
      "is_mistake": false,
      "scores": {
        "gradnorm_l1_centered": 4454.42919921875,
        "gradnorm_l1_uncentered": 4914.43798828125,
        "gradnorm_l2_centered": 8.125361442565918,
        "gradnorm_l2_uncentered": 9.79719066619873,
        "sal_noref_c1": 65.1043930053711,
        "sal_noref_c2": 33.87346267700195,
        "sal_noref_c3": 25.029504776000977,
        "sal_noref_c4": 20.00105857849121,
        "sal_noref_c5": 16.236114501953125,
        "sal_wref_c1": 36.033653259277344,
        "sal_wref_c2": 20.399036407470703,
        "sal_wref_c3": 14.806770324707031,
        "sal_wref_c4": 12.332064628601074,
        "sal_wref_c5": 9.87741756439209
      }
    },
    {
      "step_idx": 6,
      "role": "Statistics_Expert",
      "is_mistake": false,
      "scores": {
        "gradnorm_l1_centered": 568.0763549804688,
        "gradnorm_l1_uncentered": 537.8819580078125,
        "gradnorm_l2_centered": 1.1524982452392578,
        "gradnorm_l2_uncentered": 1.4144128561019897,
        "sal_noref_c1": 1.4908851385116577,
        "sal_noref_c2": 0.7736464142799377,
        "sal_noref_c3": 0.5178396105766296,
        "sal_noref_c4": 0.4042123854160309,
        "sal_noref_c5": 0.3307850956916809,
        "sal_wref_c1": 0.97524493932724,
        "sal_wref_c2": 0.4858146607875824,
        "sal_wref_c3": 0.3269207775592804,
        "sal_wref_c4": 0.24955834448337555,
        "sal_wref_c5": 0.20162899792194366
      }
    },
    {
      "step_idx": 7,
      "role": "Computer_terminal",
      "is_mistake": false,
      "scores": {
        "gradnorm_l1_centered": 1401.3046875,
        "gradnorm_l1_uncentered": 1554.356201171875,
        "gradnorm_l2_centered": 2.810384511947632,
        "gradnorm_l2_uncentered": 3.429919481277466,
        "sal_noref_c1": 3.9486191272735596,
        "sal_noref_c2": 2.5527703762054443,
        "sal_noref_c3": 1.7022919654846191,
        "sal_noref_c4": 1.4323426485061646,
        "sal_noref_c5": 1.5494590997695923,
        "sal_wref_c1": 0.02795233204960823,
        "sal_wref_c2": 0.7750774025917053,
        "sal_wref_c3": 0.5219822525978088,
        "sal_wref_c4": 0.7103554010391235,
        "sal_wref_c5": 0.63448566198349
      }
    },
    {
      "step_idx": 8,
      "role": "Statistics_Expert",
      "is_mistake": false,
      "scores": {
        "gradnorm_l1_centered": 605.5524291992188,
        "gradnorm_l1_uncentered": 343.9855651855469,
        "gradnorm_l2_centered": 1.5705395936965942,
        "gradnorm_l2_uncentered": 0.8584150075912476,
        "sal_noref_c1": 0.4717826843261719,
        "sal_noref_c2": 0.23577117919921875,
        "sal_noref_c3": 0.16390027105808258,
        "sal_noref_c4": 0.125647634267807,
        "sal_noref_c5": 0.11039352416992188,
        "sal_wref_c1": 2.2441461086273193,
        "sal_wref_c2": 1.1275399923324585,
        "sal_wref_c3": 0.7520460486412048,
        "sal_wref_c4": 0.5641074180603027,
        "sal_wref_c5": 0.4513576626777649
      }
    },
    {
      "step_idx": 9,
      "role": "Computer_terminal",
      "is_mistake": false,
      "scores": {
        "gradnorm_l1_centered": 2005.1357421875,
        "gradnorm_l1_uncentered": 2352.916015625,
        "gradnorm_l2_centered": 3.051535129547119,
        "gradnorm_l2_uncentered": 4.5463995933532715,
        "sal_noref_c1": 13.538714408874512,
        "sal_noref_c2": 6.770958423614502,
        "sal_noref_c3": 4.682348251342773,
        "sal_noref_c4": 3.5780880451202393,
        "sal_noref_c5": 3.0064942836761475,