{
  "config": {
    "subset": "algorithm-generated",
    "weight_config": "/home/hoangpham/exchange/algorithm-generated/v/35"
  },
  "metadata": {
    "filename": "28.json",
    "question_id": "0e9e85b8-52b9-4de4-b402-5f635ab9631f",
    "mistake_agent": "DataVerification_Expert",
    "mistake_step": 8,
    "level": "2",
    "subset": "algorithm-generated",
    "question": "What is the latest chronological year date written in the image on the webpage found when following the first citation reference link on the latest version of Carl Nebel's Wikipedia page as of August 2023?"
  },
  "steps": [
    {
      "step_idx": 0,
      "role": "WebServing_Expert",
      "is_mistake": false,
      "scores": {
        "gradnorm_l1_centered": 612.589111328125,
        "gradnorm_l1_uncentered": 392.706787109375,
        "gradnorm_l2_centered": 1.271014928817749,
        "gradnorm_l2_uncentered": 1.352394938468933,
        "sal_noref_c1": 1.2160325050354004,
        "sal_noref_c2": 0.6785173416137695,
        "sal_noref_c3": 0.4933190643787384,
        "sal_noref_c4": 0.3802724778652191,
        "sal_noref_c5": 0.30548495054244995,
        "sal_wref_c1": 1.2604354619979858,
        "sal_wref_c2": 0.6414283514022827,
        "sal_wref_c3": 0.4393685758113861,
        "sal_wref_c4": 0.3353198766708374,
        "sal_wref_c5": 0.2683265209197998
      }
    },
    {
      "step_idx": 1,
      "role": "WebServing_Expert",
      "is_mistake": false,
      "scores": {
        "gradnorm_l1_centered": 595.2496948242188,
        "gradnorm_l1_uncentered": 295.23486328125,
        "gradnorm_l2_centered": 1.4503059387207031,
        "gradnorm_l2_uncentered": 1.0150202512741089,
        "sal_noref_c1": 0.6781724095344543,
        "sal_noref_c2": 0.37185463309288025,
        "sal_noref_c3": 0.2625053822994232,
        "sal_noref_c4": 0.20586666464805603,
        "sal_noref_c5": 0.1663976013660431,
        "sal_wref_c1": 1.9060832262039185,
        "sal_wref_c2": 0.9448391199111938,
        "sal_wref_c3": 0.6304648518562317,
        "sal_wref_c4": 0.4757310748100281,
        "sal_wref_c5": 0.3809095621109009
      }
    },
    {
      "step_idx": 2,
      "role": "WebServing_Expert",
      "is_mistake": false,
      "scores": {
        "gradnorm_l1_centered": 591.0693359375,
        "gradnorm_l1_uncentered": 437.4378662109375,
        "gradnorm_l2_centered": 1.4204773902893066,
        "gradnorm_l2_uncentered": 1.0733709335327148,
        "sal_noref_c1": 0.7871312499046326,
        "sal_noref_c2": 0.39170461893081665,
        "sal_noref_c3": 0.2764294445514679,
        "sal_noref_c4": 0.20757119357585907,
        "sal_noref_c5": 0.17331817746162415,
        "sal_wref_c1": 1.6776504516601562,
        "sal_wref_c2": 0.8563403487205505,
        "sal_wref_c3": 0.5720879435539246,
        "sal_wref_c4": 0.43019863963127136,
        "sal_wref_c5": 0.3451721966266632
      }
    },
    {
      "step_idx": 3,
      "role": "WebServing_Expert",
      "is_mistake": false,
      "scores": {
        "gradnorm_l1_centered": 658.7853393554688,
        "gradnorm_l1_uncentered": 25.835918426513672,
        "gradnorm_l2_centered": 2.156373977661133,
        "gradnorm_l2_uncentered": 0.06630843877792358,
        "sal_noref_c1": 0.002421730197966099,
        "sal_noref_c2": 0.0015142441261559725,
        "sal_noref_c3": 0.0010460270568728447,
        "sal_noref_c4": 0.0008623054018244147,
        "sal_noref_c5": 0.0007461615023203194,
        "sal_wref_c1": 4.395383834838867,
        "sal_wref_c2": 2.2139670848846436,
        "sal_wref_c3": 1.4815006256103516,
        "sal_wref_c4": 1.114611029624939,
        "sal_wref_c5": 0.9028629064559937
      }
    },
    {
      "step_idx": 4,
      "role": "WebServing_Expert",
      "is_mistake": false,
      "scores": {
        "gradnorm_l1_centered": 659.8189086914062,
        "gradnorm_l1_uncentered": 24.39059829711914,
        "gradnorm_l2_centered": 2.1601405143737793,
        "gradnorm_l2_uncentered": 0.0611882247030735,
        "sal_noref_c1": 0.0020417077466845512,
        "sal_noref_c2": 0.001231272122822702,
        "sal_noref_c3": 0.000863549008499831,
        "sal_noref_c4": 0.0007358395960181952,
        "sal_noref_c5": 0.0006456837872974575,
        "sal_wref_c1": 4.4132184982299805,
        "sal_wref_c2": 2.2217931747436523,
        "sal_wref_c3": 1.4866271018981934,
        "sal_wref_c4": 1.118514895439148,
        "sal_wref_c5": 0.905994713306427
      }
    },
    {
      "step_idx": 5,
      "role": "WebServing_Expert",
      "is_mistake": false,
      "scores": {
        "gradnorm_l1_centered": 616.0963134765625,
        "gradnorm_l1_uncentered": 187.43710327148438,
        "gradnorm_l2_centered": 1.7916878461837769,
        "gradnorm_l2_uncentered": 0.5359450578689575,
        "sal_noref_c1": 0.17776624858379364,
        "sal_noref_c2": 0.10040775686502457,
        "sal_noref_c3": 0.06890742480754852,
        "sal_noref_c4": 0.053262706845998764,
        "sal_noref_c5": 0.04301004484295845,
        "sal_wref_c1": 3.0746853351593018,
        "sal_wref_c2": 1.5255019664764404,
        "sal_wref_c3": 1.0187772512435913,
        "sal_wref_c4": 0.7641428112983704,
        "sal_wref_c5": 0.6165884137153625
      }
    },
    {
      "step_idx": 6,
      "role": "WebServing_Expert",
      "is_mistake": false,
      "scores": {
        "gradnorm_l1_centered": 659.01953125,
        "gradnorm_l1_uncentered": 28.560209274291992,
        "gradnorm_l2_centered": 2.15037202835083,
        "gradnorm_l2_uncentered": 0.06779279559850693,
        "sal_noref_c1": 0.0030321278609335423,
        "sal_noref_c2": 0.0016296637477353215,
        "sal_noref_c3": 0.0011235092533752322,
        "sal_noref_c4": 0.0008809839491732419,
        "sal_noref_c5": 0.000710192252881825,
        "sal_wref_c1": 4.37200927734375,
        "sal_wref_c2": 2.1998257637023926,
        "sal_wref_c3": 1.4719724655151367,
        "sal_wref_c4": 1.107017993927002,
        "sal_wref_c5": 0.9002400636672974
      }
    },
    {
      "step_idx": 7,
      "role": "Historian_Expert",
      "is_mistake": false,
      "scores": {
        "gradnorm_l1_centered": 632.1983642578125,
        "gradnorm_l1_uncentered": 437.0862121582031,
        "gradnorm_l2_centered": 1.3154387474060059,
        "gradnorm_l2_uncentered": 1.2547495365142822,
        "sal_noref_c1": 1.0658791065216064,
        "sal_noref_c2": 0.5461931228637695,
        "sal_noref_c3": 0.394679993391037,
        "sal_noref_c4": 0.3033430874347687,
        "sal_noref_c5": 0.24688732624053955,
        "sal_wref_c1": 1.3777079582214355,
        "sal_wref_c2": 0.6829314231872559,
        "sal_wref_c3": 0.4613856077194214,
        "sal_wref_c4": 0.3484196662902832,
        "sal_wref_c5": 0.27895087003707886
      }
    },
    {
      "step_idx": 8,
      "role": "DataVerification_Expert",
      "is_mistake": true,
      "scores": {
        "gradnorm_l1_centered": 625.51025390625,
        "gradnorm_l1_uncentered": 238.45542907714844,
        "gradnorm_l2_centered": 1.7156774997711182,
        "gradnorm_l2_uncentered": 0.6430481672286987,
        "sal_noref_c1": 0.2611156702041626,
        "sal_noref_c2": 0.1307438462972641,
        "sal_noref_c3": 0.09481484442949295,
        "sal_noref_c4": 0.07395119965076447,
        "sal_noref_c5": 0.061896912753582,
        "sal_wref_c1": 2.7697935104370117,
        "sal_wref_c2": 1.3894215822219849,
        "sal_wref_c3": 0.9263471961021423,
        "sal_wref_c4": 0.6947823762893677,
        "sal_wref_c5": 0.5567482709884644
      }
    },
    {
      "step_idx": 9,
      "role": "Computer_terminal",
      "is_mistake": false,
      "scores": {
        "gradnorm_l1_centered": 820.2400512695312,
        "gradnorm_l1_uncentered": 989.893798828125,
        "gradnorm_l2_centered": 1.2253670692443848,
        "gradnorm_l2_uncentered": 2.276552677154541,
        "sal_noref_c1": 3.6305911540985107,
        "sal_noref_c2": 1.994712471961975,
        "sal_noref_c3": 1.3353996276855469,