{
  "config": {
    "subset": "algorithm-generated",
    "weight_config": "/home/hoangpham/exchange/algorithm-generated/v/35"
  },
  "metadata": {
    "filename": "35.json",
    "question_id": "71345b0a-9c7d-4b50-b2bf-937ec5879845",
    "mistake_agent": "WebServing_Expert",
    "mistake_step": 8,
    "level": "2",
    "subset": "algorithm-generated",
    "question": "On a leap day before the year 2008, a joke was removed from the Wikipedia page for \u201cDragon\u201d. What was the phrase that was removed? Give the phrase as it appeared on the page, but without punctuation."
  },
  "steps": [
    {
      "step_idx": 0,
      "role": "WebServing_Expert",
      "is_mistake": false,
      "scores": {
        "gradnorm_l1_centered": 640.659423828125,
        "gradnorm_l1_uncentered": 458.9521484375,
        "gradnorm_l2_centered": 1.3174216747283936,
        "gradnorm_l2_uncentered": 1.3617697954177856,
        "sal_noref_c1": 1.1795748472213745,
        "sal_noref_c2": 0.6572247743606567,
        "sal_noref_c3": 0.4749041795730591,
        "sal_noref_c4": 0.36312809586524963,
        "sal_noref_c5": 0.2905251979827881,
        "sal_wref_c1": 1.2848938703536987,
        "sal_wref_c2": 0.65289306640625,
        "sal_wref_c3": 0.4465416967868805,
        "sal_wref_c4": 0.3389706611633301,
        "sal_wref_c5": 0.27457135915756226
      }
    },
    {
      "step_idx": 1,
      "role": "WebServing_Expert",
      "is_mistake": false,
      "scores": {
        "gradnorm_l1_centered": 606.309326171875,
        "gradnorm_l1_uncentered": 494.2451171875,
        "gradnorm_l2_centered": 1.196128487586975,
        "gradnorm_l2_uncentered": 1.6332772970199585,
        "sal_noref_c1": 1.765210747718811,
        "sal_noref_c2": 1.0247719287872314,
        "sal_noref_c3": 0.6994109153747559,
        "sal_noref_c4": 0.5464035868644714,
        "sal_noref_c5": 0.4401438236236572,
        "sal_wref_c1": 0.8280749917030334,
        "sal_wref_c2": 0.47214987874031067,
        "sal_wref_c3": 0.31568029522895813,
        "sal_wref_c4": 0.24900493025779724,
        "sal_wref_c5": 0.1998373568058014
      }
    },
    {
      "step_idx": 2,
      "role": "WebServing_Expert",
      "is_mistake": false,
      "scores": {
        "gradnorm_l1_centered": 626.0679321289062,
        "gradnorm_l1_uncentered": 388.5337219238281,
        "gradnorm_l2_centered": 1.4832254648208618,
        "gradnorm_l2_uncentered": 1.0068089962005615,
        "sal_noref_c1": 0.6481340527534485,
        "sal_noref_c2": 0.35533058643341064,
        "sal_noref_c3": 0.23967301845550537,
        "sal_noref_c4": 0.18610142171382904,
        "sal_noref_c5": 0.1500779092311859,
        "sal_wref_c1": 1.9340029954910278,
        "sal_wref_c2": 0.9587908387184143,
        "sal_wref_c3": 0.6406294703483582,
        "sal_wref_c4": 0.481471985578537,
        "sal_wref_c5": 0.3865511417388916
      }
    },
    {
      "step_idx": 3,
      "role": "WebServing_Expert",
      "is_mistake": false,
      "scores": {
        "gradnorm_l1_centered": 722.0973510742188,
        "gradnorm_l1_uncentered": 832.856201171875,
        "gradnorm_l2_centered": 1.1541147232055664,
        "gradnorm_l2_uncentered": 2.110518455505371,
        "sal_noref_c1": 3.1263673305511475,
        "sal_noref_c2": 1.5950545072555542,
        "sal_noref_c3": 1.075039029121399,
        "sal_noref_c4": 0.8312199711799622,
        "sal_noref_c5": 0.6758321523666382,
        "sal_wref_c1": 0.21121208369731903,
        "sal_wref_c2": 0.1122913733124733,
        "sal_wref_c3": 0.07489970326423645,
        "sal_wref_c4": 0.06739386916160583,
        "sal_wref_c5": 0.06088901683688164
      }
    },
    {
      "step_idx": 4,
      "role": "WebServing_Expert",
      "is_mistake": false,
      "scores": {
        "gradnorm_l1_centered": 585.28564453125,
        "gradnorm_l1_uncentered": 393.9814147949219,
        "gradnorm_l2_centered": 1.335443139076233,
        "gradnorm_l2_uncentered": 1.2319681644439697,
        "sal_noref_c1": 1.0078253746032715,
        "sal_noref_c2": 0.5564241409301758,
        "sal_noref_c3": 0.3759573698043823,
        "sal_noref_c4": 0.29531624913215637,
        "sal_noref_c5": 0.23982521891593933,
        "sal_wref_c1": 1.4579408168792725,
        "sal_wref_c2": 0.7305281758308411,
        "sal_wref_c3": 0.4878057539463043,
        "sal_wref_c4": 0.3701690137386322,
        "sal_wref_c5": 0.2961783707141876
      }
    },
    {
      "step_idx": 5,
      "role": "WebServing_Expert",
      "is_mistake": false,
      "scores": {
        "gradnorm_l1_centered": 655.7769775390625,
        "gradnorm_l1_uncentered": 47.800296783447266,
        "gradnorm_l2_centered": 2.1318161487579346,
        "gradnorm_l2_uncentered": 0.0978446751832962,
        "sal_noref_c1": 0.0054873814806342125,
        "sal_noref_c2": 0.002933792071416974,
        "sal_noref_c3": 0.002036365447565913,
        "sal_noref_c4": 0.0015892514493316412,
        "sal_noref_c5": 0.001292007276788354,
        "sal_wref_c1": 4.294472694396973,
        "sal_wref_c2": 2.162062406539917,
        "sal_wref_c3": 1.446366786956787,
        "sal_wref_c4": 1.0880086421966553,
        "sal_wref_c5": 0.8843815922737122
      }
    },
    {
      "step_idx": 6,
      "role": "WebServing_Expert",
      "is_mistake": false,
      "scores": {
        "gradnorm_l1_centered": 661.5232543945312,
        "gradnorm_l1_uncentered": 22.76382064819336,
        "gradnorm_l2_centered": 2.152986764907837,
        "gradnorm_l2_uncentered": 0.06696107238531113,
        "sal_noref_c1": 0.0027021171990782022,
        "sal_noref_c2": 0.0013939961791038513,
        "sal_noref_c3": 0.0010665204608812928,
        "sal_noref_c4": 0.0008307332172989845,
        "sal_noref_c5": 0.00066463986877352,
        "sal_wref_c1": 4.387511730194092,
        "sal_wref_c2": 2.2061450481414795,
        "sal_wref_c3": 1.4753719568252563,
        "sal_wref_c4": 1.109368085861206,
        "sal_wref_c5": 0.8993471264839172
      }
    },
    {
      "step_idx": 7,
      "role": "WebServing_Expert",
      "is_mistake": false,
      "scores": {
        "gradnorm_l1_centered": 638.7061157226562,
        "gradnorm_l1_uncentered": 197.42715454101562,
        "gradnorm_l2_centered": 1.8159922361373901,
        "gradnorm_l2_uncentered": 0.5763684511184692,
        "sal_noref_c1": 0.1677156686782837,
        "sal_noref_c2": 0.09388372302055359,
        "sal_noref_c3": 0.06422138959169388,
        "sal_noref_c4": 0.05209749937057495,
        "sal_noref_c5": 0.0427822545170784,
        "sal_wref_c1": 3.1271777153015137,
        "sal_wref_c2": 1.5528180599212646,
        "sal_wref_c3": 1.0381487607955933,
        "sal_wref_c4": 0.7787211537361145,
        "sal_wref_c5": 0.6261149048805237
      }
    },
    {
      "step_idx": 8,
      "role": "WebServing_Expert",
      "is_mistake": true,
      "scores": {
        "gradnorm_l1_centered": 606.0555419921875,
        "gradnorm_l1_uncentered": 406.8604736328125,
        "gradnorm_l2_centered": 1.3130602836608887,
        "gradnorm_l2_uncentered": 1.5006917715072632,
        "sal_noref_c1": 1.3571621179580688,
        "sal_noref_c2": 0.7898242473602295,
        "sal_noref_c3": 0.5476488471031189,
        "sal_noref_c4": 0.43861526250839233,
        "sal_noref_c5": 0.35577860474586487,
        "sal_wref_c1": 1.152543306350708,
        "sal_wref_c2": 0.6089422106742859,
        "sal_wref_c3": 0.40718355774879456,
        "sal_wref_c4": 0.3206453323364258,
        "sal_wref_c5": 0.25679558515548706
      }
    },
    {
      "step_idx": 9,
      "role": "WebServing_Expert",
      "is_mistake": false,
      "scores": {
        "gradnorm_l1_centered": 600.2914428710938,
        "gradnorm_l1_uncentered": 311.0135192871094,
        "gradnorm_l2_centered": 1.5204781293869019,
        "gradnorm_l2_uncentered": 0.9387519359588623,
        "sal_noref_c1": 0.55884850025177,
        "sal_noref_c2": 0.31221383810043335,
        "sal_noref_c3": 0.2121240645647049,