scoring	family	weight	step_acc	agent_acc
gradnorm_l2	gradnorm	q/32	0.2857142857142857	0.5476190476190477
gradnorm_l1	gradnorm	down/33	0.2777777777777778	0.4841269841269841
gradnorm_l1	gradnorm	k_norm/34	0.2777777777777778	0.5238095238095238
gradnorm_l1	gradnorm	q/26	0.2777777777777778	0.5
gradnorm_l2	gradnorm	q/16	0.2698412698412698	0.5
gradnorm_l1	gradnorm	down/29	0.2619047619047619	0.5158730158730159
gradnorm_l1	gradnorm	o/31	0.2619047619047619	0.492063492063492
gradnorm_l2	gradnorm	gate/27	0.2619047619047619	0.5
gradnorm_l2	gradnorm	q/27	0.2619047619047619	0.4444444444444444
gradnorm_l2	gradnorm	q/21	0.2619047619047619	0.492063492063492
gradnorm_l2	gradnorm	k_norm/34	0.2619047619047619	0.5079365079365079
gradnorm_l2	gradnorm	down/33	0.2619047619047619	0.5
gradnorm_l2	gradnorm	q_norm/30	0.2539682539682539	0.492063492063492
gradnorm_l2	gradnorm	k_norm/35	0.2539682539682539	0.4761904761904761
gradnorm_l2	gradnorm	k_norm/28	0.2539682539682539	0.5238095238095238
gradnorm_l1	gradnorm	gate/27	0.2539682539682539	0.5158730158730159
gradnorm_l1	gradnorm	q/27	0.2539682539682539	0.4603174603174603
gradnorm_l1	gradnorm	gate/34	0.246031746031746	0.492063492063492
gradnorm_l1	gradnorm	o/26	0.246031746031746	0.5079365079365079
gradnorm_l1	gradnorm	down/15	0.246031746031746	0.492063492063492
